i,j,k,phi,k_md
1,1,1,5.405726e-02,6.545785e-02
2,1,1,5.399670e-02,6.472822e-02
3,1,1,5.196565e-02,4.411487e-02
4,1,1,5.507559e-02,7.888836e-02
5,1,1,5.412729e-02,6.631082e-02
6,1,1,5.215984e-02,4.579138e-02
7,1,1,4.542573e-02,1.149320e-02
8,1,1,4.810050e-02,2.036651e-02
9,1,1,4.621087e-02,1.364152e-02
10,1,1,4.573032e-02,1.228751e-02
11,1,1,4.986257e-02,2.918553e-02
12,1,1,4.953844e-02,2.734291e-02
13,1,1,5.234659e-02,4.745757e-02
14,1,1,5.505708e-02,7.862359e-02
15,1,1,5.504145e-02,7.840071e-02
1,2,1,5.147716e-02,4.013901e-02
2,2,1,5.272467e-02,5.099876e-02
3,2,1,4.992674e-02,2.956334e-02
4,2,1,5.299441e-02,5.366883e-02
5,2,1,4.855245e-02,2.236315e-02
6,2,1,5.225492e-02,4.663301e-02
7,2,1,4.995307e-02,2.971960e-02
8,2,1,4.893352e-02,2.418163e-02
9,2,1,4.546058e-02,1.158168e-02
10,2,1,4.701619e-02,1.621420e-02
11,2,1,4.701562e-02,1.621225e-02
12,2,1,4.877601e-02,2.341446e-02
13,2,1,5.475022e-02,7.434988e-02
14,2,1,5.730592e-02,1.173318e-01
15,2,1,5.465866e-02,7.311574e-02
1,3,1,5.569070e-02,8.815513e-02
2,3,1,5.245705e-02,4.846854e-02
3,3,1,5.021199e-02,3.129646e-02
4,3,1,4.900569e-02,2.454068e-02
5,3,1,4.915303e-02,2.528856e-02
6,3,1,5.082626e-02,3.534291e-02
7,3,1,5.132932e-02,3.900104e-02
8,3,1,4.898183e-02,2.442146e-02
9,3,1,4.969641e-02,2.822745e-02
10,3,1,4.656814e-02,1.473365e-02
11,3,1,4.931042e-02,2.611006e-02
12,3,1,4.898967e-02,2.446055e-02
13,3,1,5.370780e-02,6.134722e-02
14,3,1,4.936998e-02,2.642717e-02
15,3,1,5.349309e-02,5.893839e-02
1,4,1,5.304202e-02,5.415290e-02
2,4,1,5.143551e-02,3.981545e-02
3,4,1,4.902731e-02,2.464917e-02
4,4,1,4.923543e-02,2.571573e-02
5,4,1,5.350291e-02,5.904669e-02
6,4,1,5.137045e-02,3.931466e-02
7,4,1,4.897952e-02,2.440990e-02
8,4,1,4.723545e-02,1.698640e-02
9,4,1,4.792381e-02,1.963063e-02
10,4,1,4.540060e-02,1.142977e-02
11,4,1,4.753774e-02,1.810534e-02
12,4,1,4.650391e-02,1.453169e-02
13,4,1,4.735507e-02,1.742151e-02
14,4,1,5.182287e-02,4.291766e-02
15,4,1,5.509695e-02,7.919489e-02
1,5,1,5.158161e-02,4.096093e-02
2,5,1,5.165008e-02,4.150794e-02
3,5,1,4.549947e-02,1.168114e-02
4,5,1,4.910676e-02,2.505151e-02
5,5,1,5.120209e-02,3.804504e-02
6,5,1,5.412024e-02,6.622451e-02
7,5,1,5.141737e-02,3.967527e-02
8,5,1,4.871908e-02,2.314261e-02
9,5,1,4.833910e-02,2.139967e-02
10,5,1,4.950642e-02,2.716667e-02
11,5,1,4.593934e-02,1.286083e-02
12,5,1,5.028340e-02,3.174442e-02
13,5,1,4.761590e-02,1.840521e-02
14,5,1,5.166540e-02,4.163120e-02
15,5,1,5.192037e-02,4.373196e-02
1,6,1,5.193889e-02,4.388820e-02
2,6,1,5.144713e-02,3.990553e-02
3,6,1,5.034874e-02,3.215933e-02
4,6,1,5.187582e-02,4.335817e-02
5,6,1,5.184089e-02,4.306714e-02
6,6,1,5.027375e-02,3.168353e-02
7,6,1,5.174956e-02,4.231434e-02
8,6,1,4.892861e-02,2.415737e-02
9,6,1,4.690879e-02,1.584760e-02
10,6,1,4.610565e-02,1.333407e-02
11,6,1,5.015217e-02,3.092564e-02
12,6,1,5.065433e-02,3.416542e-02
13,6,1,5.210108e-02,4.527810e-02
14,6,1,5.232564e-02,4.726792e-02
15,6,1,5.066702e-02,3.425112e-02
1,7,1,5.139836e-02,3.952880e-02
2,7,1,5.596582e-02,9.260837e-02
3,7,1,5.159566e-02,4.107271e-02
4,7,1,5.266221e-02,5.039783e-02
5,7,1,4.798877e-02,1.989836e-02
6,7,1,4.582211e-02,1.253636e-02
7,7,1,4.921037e-02,2.558513e-02
8,7,1,5.249537e-02,4.882377e-02
9,7,1,4.902987e-02,2.466202e-02
10,7,1,4.811415e-02,2.042440e-02
11,7,1,4.869282e-02,2.301814e-02
12,7,1,5.043387e-02,3.270725e-02
13,7,1,5.192746e-02,4.379169e-02
14,7,1,5.143557e-02,3.981590e-02
15,7,1,4.713012e-02,1.661142e-02
1,8,1,4.954577e-02,2.738337e-02
2,8,1,5.173327e-02,4.218135e-02
3,8,1,5.069541e-02,3.444353e-02
4,8,1,5.058163e-02,3.367824e-02
5,8,1,4.864702e-02,2.280256e-02
6,8,1,4.426533e-02,8.872755e-03
7,8,1,4.727339e-02,1.712335e-02
8,8,1,4.709451e-02,1.648634e-02
9,8,1,4.654931e-02,1.467417e-02
10,8,1,4.291828e-02,6.513950e-03
11,8,1,4.980017e-02,2.882237e-02
12,8,1,4.737540e-02,1.749646e-02
13,8,1,4.971260e-02,2.831950e-02
14,8,1,4.668499e-02,1.510754e-02
15,8,1,4.703434e-02,1.627690e-02
1,9,1,4.498497e-02,1.042548e-02
2,9,1,4.484416e-02,1.010369e-02
3,9,1,4.557796e-02,1.188419e-02
4,9,1,4.880119e-02,2.353558e-02
5,9,1,5.192223e-02,4.374759e-02
6,9,1,4.800749e-02,1.997613e-02
7,9,1,4.855003e-02,2.235198e-02
8,9,1,4.697710e-02,1.607989e-02
9,9,1,4.559631e-02,1.193215e-02
10,9,1,4.198979e-02,5.234290e-03
11,9,1,4.284878e-02,6.409236e-03
12,9,1,4.263041e-02,6.089989e-03
13,9,1,4.438879e-02,9.123352e-03
14,9,1,4.509908e-02,1.069297e-02
15,9,1,4.555029e-02,1.181224e-02
1,10,1,4.565394e-02,1.208382e-02
2,10,1,4.159601e-02,4.763626e-03
3,10,1,4.357004e-02,7.573578e-03
4,10,1,4.832536e-02,2.133893e-02
5,10,1,4.942179e-02,2.670580e-02
6,10,1,5.291934e-02,5.291336e-02
7,10,1,4.964859e-02,2.795696e-02
8,10,1,4.737605e-02,1.749884e-02
9,10,1,4.493982e-02,1.032131e-02
10,10,1,4.326623e-02,7.061739e-03
11,10,1,4.442653e-02,9.201209e-03
12,10,1,4.086275e-02,3.987470e-03
13,10,1,3.828948e-02,2.080731e-03
14,10,1,4.127847e-02,4.412220e-03
15,10,1,4.564408e-02,1.205774e-02
1,11,1,4.888169e-02,2.392675e-02
2,11,1,4.211168e-02,5.388244e-03
3,11,1,4.374664e-02,7.886212e-03
4,11,1,4.751162e-02,1.800612e-02
5,11,1,5.086645e-02,3.562344e-02
6,11,1,4.951145e-02,2.719431e-02
7,11,1,4.861345e-02,2.264571e-02
8,11,1,4.608380e-02,1.327101e-02
9,11,1,4.686142e-02,1.568828e-02
10,11,1,4.668624e-02,1.511158e-02
11,11,1,4.542450e-02,1.149007e-02
12,11,1,4.157102e-02,4.735089e-03
13,11,1,4.075639e-02,3.884889e-03
14,11,1,4.015543e-02,3.348602e-03
15,11,1,3.980089e-02,3.064424e-03
1,12,1,4.741015e-02,1.762523e-02
2,12,1,4.363507e-02,7.687371e-03
3,12,1,4.426960e-02,8.881312e-03
4,12,1,4.719491e-02,1.684121e-02
5,12,1,5.057900e-02,3.366075e-02
6,12,1,4.864313e-02,2.278433e-02
7,12,1,5.151506e-02,4.043558e-02
8,12,1,5.064109e-02,3.407621e-02
9,12,1,4.953063e-02,2.729981e-02
10,12,1,4.975161e-02,2.854255e-02
11,12,1,4.939667e-02,2.657039e-02
12,12,1,4.514993e-02,1.081414e-02
13,12,1,4.229587e-02,5.628606e-03
14,12,1,4.141689e-02,4.562431e-03
15,12,1,4.180342e-02,5.006555e-03
1,13,1,4.657853e-02,1.476655e-02
2,13,1,4.617894e-02,1.354756e-02
3,13,1,4.542179e-02,1.148322e-02
4,13,1,4.909774e-02,2.500555e-02
5,13,1,4.946057e-02,2.691613e-02
6,13,1,4.850528e-02,2.214683e-02
7,13,1,4.623316e-02,1.370745e-02
8,13,1,4.574150e-02,1.231757e-02
9,13,1,4.395985e-02,8.279107e-03
10,13,1,4.853392e-02,2.227792e-02
11,13,1,4.864946e-02,2.281399e-02
12,13,1,4.626305e-02,1.379635e-02
13,13,1,4.349580e-02,7.445508e-03
14,13,1,4.052136e-02,3.666578e-03
15,13,1,4.098368e-02,4.107055e-03
1,14,1,4.992119e-02,2.953048e-02
2,14,1,4.733448e-02,1.734593e-02
3,14,1,4.561664e-02,1.198546e-02
4,14,1,4.521060e-02,1.096033e-02
5,14,1,5.007348e-02,3.044380e-02
6,14,1,5.203190e-02,4.468052e-02
7,14,1,5.037671e-02,3.233847e-02
8,14,1,4.872791e-02,2.318455e-02
9,14,1,4.595282e-02,1.289862e-02
10,14,1,4.526105e-02,1.108327e-02
11,14,1,4.496681e-02,1.038346e-02
12,14,1,4.325756e-02,7.047607e-03
13,14,1,4.468841e-02,9.758202e-03
14,14,1,4.643342e-02,1.431290e-02
15,14,1,4.613951e-02,1.343232e-02
1,15,1,5.133493e-02,3.904372e-02
2,15,1,4.418759e-02,8.718160e-03
3,15,1,4.489227e-02,1.021260e-02
4,15,1,4.249970e-02,5.905816e-03
5,15,1,5.061559e-02,3.390503e-02
6,15,1,4.750776e-02,1.799146e-02
7,15,1,4.920278e-02,2.554569e-02
8,15,1,4.528264e-02,1.113624e-02
9,15,1,4.657796e-02,1.476475e-02
10,15,1,4.529140e-02,1.115781e-02
11,15,1,4.396859e-02,8.295581e-03
12,15,1,4.614590e-02,1.345092e-02
13,15,1,4.377395e-02,7.935587e-03
14,15,1,4.426537e-02,8.872821e-03
15,15,1,4.290217e-02,6.489540e-03
1,1,2,5.205447e-02,4.487468e-02
2,1,2,4.796110e-02,1.978392e-02
3,1,2,4.658348e-02,1.478225e-02
4,1,2,4.983586e-02,2.902959e-02
5,1,2,4.497371e-02,1.039940e-02
6,1,2,4.766897e-02,1.861141e-02
7,1,2,4.323465e-02,7.010363e-03
8,1,2,4.372397e-02,7.845437e-03
9,1,2,4.771975e-02,1.881062e-02
10,1,2,4.803566e-02,2.009367e-02
11,1,2,4.446366e-02,9.278402e-03
12,1,2,5.063904e-02,3.406248e-02
13,1,2,4.825510e-02,2.103070e-02
14,1,2,4.413192e-02,8.608927e-03
15,1,2,4.615496e-02,1.347735e-02
1,2,2,5.721441e-02,1.154716e-01
2,2,2,4.875911e-02,2.333346e-02
3,2,2,4.759366e-02,1.831945e-02
4,2,2,4.874084e-02,2.324617e-02
5,2,2,5.215045e-02,4.570900e-02
6,2,2,4.394857e-02,8.257887e-03
7,2,2,4.476846e-02,9.934420e-03
8,2,2,4.173236e-02,4.922098e-03
9,2,2,4.545513e-02,1.156779e-02
10,2,2,4.996415e-02,2.978557e-02
11,2,2,5.061509e-02,3.390172e-02
12,2,2,4.974959e-02,2.853096e-02
13,2,2,4.916459e-02,2.534812e-02
14,2,2,4.872939e-02,2.319162e-02
15,2,2,4.807852e-02,2.027366e-02
1,3,2,5.324747e-02,5.628742e-02
2,3,2,5.016485e-02,3.100389e-02
3,3,2,4.882835e-02,2.366692e-02
4,3,2,4.803629e-02,2.009630e-02
5,3,2,5.699913e-02,1.111997e-01
6,3,2,5.190554e-02,4.360724e-02
7,3,2,4.442208e-02,9.192008e-03
8,3,2,4.374278e-02,7.879245e-03
9,3,2,4.935343e-02,2.633870e-02
10,3,2,5.064513e-02,3.410342e-02
11,3,2,4.887046e-02,2.387181e-02
12,3,2,4.636293e-02,1.409710e-02
13,3,2,5.123675e-02,3.830334e-02
14,3,2,5.309936e-02,5.474117e-02
15,3,2,4.835005e-02,2.144817e-02
1,4,2,5.337540e-02,5.765446e-02
2,4,2,5.357823e-02,5.988321e-02
3,4,2,5.336431e-02,5.753473e-02
4,4,2,5.354422e-02,5.950419e-02
5,4,2,5.824062e-02,1.379371e-01
6,4,2,5.114243e-02,3.760410e-02
7,4,2,4.676836e-02,1.537950e-02
8,4,2,5.126547e-02,3.851862e-02
9,4,2,4.970886e-02,2.829820e-02
10,4,2,4.581074e-02,1.250530e-02
11,4,2,5.183914e-02,4.305256e-02
12,4,2,5.079498e-02,3.512603e-02
13,4,2,4.947561e-02,2.699809e-02
14,4,2,5.097651e-02,3.640176e-02
15,4,2,5.260439e-02,4.984724e-02
1,5,2,5.659230e-02,1.035130e-01
2,5,2,5.543552e-02,8.419813e-02
3,5,2,5.435196e-02,6.911513e-02
4,5,2,5.691240e-02,1.095192e-01
5,5,2,5.793799e-02,1.309348e-01
6,5,2,5.695739e-02,1.103880e-01
7,5,2,5.095803e-02,3.627000e-02
8,5,2,4.996833e-02,2.981052e-02
9,5,2,4.743782e-02,1.772837e-02
10,5,2,4.935061e-02,2.632367e-02
11,5,2,4.835047e-02,2.145006e-02
12,5,2,4.947623e-02,2.700145e-02
13,5,2,4.605517e-02,1.318878e-02
14,5,2,4.980057e-02,2.882466e-02
15,5,2,5.139424e-02,3.949717e-02
1,6,2,5.421606e-02,6.740637e-02
2,6,2,5.583013e-02,9.038732e-02
3,6,2,5.510496e-02,7.931007e-02
4,6,2,5.423873e-02,6.768868e-02
5,6,2,5.882541e-02,1.524301e-01
6,6,2,5.442508e-02,7.005067e-02
7,6,2,5.221802e-02,4.630475e-02
8,6,2,5.090525e-02,3.589604e-02
9,6,2,4.979635e-02,2.880023e-02
10,6,2,4.732463e-02,1.730987e-02
11,6,2,4.914002e-02,2.522171e-02
12,6,2,4.833709e-02,2.139074e-02
13,6,2,5.145604e-02,3.997467e-02
14,6,2,5.013961e-02,3.084827e-02
15,6,2,5.295748e-02,5.329601e-02
1,7,2,5.262159e-02,5.001043e-02
2,7,2,5.474503e-02,7.427932e-02
3,7,2,5.391550e-02,6.376137e-02
4,7,2,5.619409e-02,9.645572e-02
5,7,2,5.452651e-02,7.136716e-02
6,7,2,5.368588e-02,6.109726e-02
7,7,2,5.388105e-02,6.335512e-02
8,7,2,5.453707e-02,7.150549e-02
9,7,2,4.947308e-02,2.698425e-02
10,7,2,4.773930e-02,1.888782e-02
11,7,2,4.543849e-02,1.152550e-02
12,7,2,4.440296e-02,9.152515e-03
13,7,2,4.465568e-02,9.686981e-03
14,7,2,5.168857e-02,4.181832e-02
15,7,2,5.109713e-02,3.727230e-02
1,8,2,5.070214e-02,3.448929e-02
2,8,2,5.220357e-02,4.617675e-02
3,8,2,5.257628e-02,4.958147e-02
4,8,2,5.323205e-02,5.612459e-02
5,8,2,5.479665e-02,7.498272e-02
6,8,2,4.991741e-02,2.950812e-02
7,8,2,4.782805e-02,1.924191e-02
8,8,2,4.701372e-02,1.620568e-02
9,8,2,4.726251e-02,1.708399e-02
10,8,2,4.320965e-02,6.969941e-03
11,8,2,4.634279e-02,1.403600e-02
12,8,2,4.517478e-02,1.087380e-02
13,8,2,4.670889e-02,1.518508e-02
14,8,2,5.334995e-02,5.738014e-02
15,8,2,5.059635e-02,3.377638e-02
1,9,2,4.900224e-02,2.452337e-02
2,9,2,4.898941e-02,2.445927e-02
3,9,2,4.920181e-02,2.554065e-02
4,9,2,4.784583e-02,1.931355e-02
5,9,2,4.987997e-02,2.928757e-02
6,9,2,4.957472e-02,2.754378e-02
7,9,2,4.846769e-02,2.197577e-02
8,9,2,4.333983e-02,7.182792e-03
9,9,2,4.302978e-02,6.685178e-03
10,9,2,4.174795e-02,4.940526e-03
11,9,2,4.551906e-02,1.173153e-02
12,9,2,4.212498e-02,5.405282e-03
13,9,2,4.775039e-02,1.893172e-02
14,9,2,4.790717e-02,1.956260e-02
15,9,2,4.606808e-02,1.322582e-02
1,10,2,4.645092e-02,1.436694e-02
2,10,2,4.617856e-02,1.354644e-02
3,10,2,4.351380e-02,7.476378e-03
4,10,2,4.636783e-02,1.411200e-02
5,10,2,4.669453e-02,1.513846e-02
6,10,2,4.749408e-02,1.793972e-02
7,10,2,5.022119e-02,3.135386e-02
8,10,2,4.512267e-02,1.074902e-02
9,10,2,4.335159e-02,7.202307e-03
10,10,2,4.371661e-02,7.832236e-03
11,10,2,4.273537e-02,6.241595e-03
12,10,2,4.206848e-02,5.333219e-03
13,10,2,4.705496e-02,1.634841e-02
14,10,2,4.296743e-02,6.588933e-03
15,10,2,4.473534e-02,9.861179e-03
1,11,2,4.297587e-02,6.601885e-03
2,11,2,4.218644e-02,5.484658e-03
3,11,2,4.115374e-02,4.280695e-03
4,11,2,4.510694e-02,1.071161e-02
5,11,2,4.666847e-02,1.505417e-02
6,11,2,4.666352e-02,1.503821e-02
7,11,2,4.716117e-02,1.672117e-02
8,11,2,4.514012e-02,1.079067e-02
9,11,2,4.281157e-02,6.353792e-03
10,11,2,4.370755e-02,7.816023e-03
11,11,2,4.446848e-02,9.288459e-03
12,11,2,4.231727e-02,5.657145e-03
13,11,2,4.352683e-02,7.498804e-03
14,11,2,4.446420e-02,9.279537e-03
15,11,2,4.449588e-02,9.345850e-03
1,12,2,4.532253e-02,1.123472e-02
2,12,2,4.448158e-02,9.315864e-03
3,12,2,4.345496e-02,7.375892e-03
4,12,2,4.412744e-02,8.600195e-03
5,12,2,4.985570e-02,2.914535e-02
6,12,2,5.052416e-02,3.329752e-02
7,12,2,4.951333e-02,2.720462e-02
8,12,2,4.567950e-02,1.215163e-02
9,12,2,4.736303e-02,1.745081e-02
10,12,2,4.574058e-02,1.231510e-02
11,12,2,4.706109e-02,1.636970e-02
12,12,2,4.361153e-02,7.646008e-03
13,12,2,4.214884e-02,5.435978e-03
14,12,2,4.440102e-02,9.148519e-03
15,12,2,4.459579e-02,9.557839e-03
1,13,2,4.359496e-02,7.617001e-03
2,13,2,4.635058e-02,1.405960e-02
3,13,2,4.582661e-02,1.254870e-02
4,13,2,4.490918e-02,1.025114e-02
5,13,2,4.792261e-02,1.962574e-02
6,13,2,5.081653e-02,3.527531e-02
7,13,2,4.720996e-02,1.689497e-02
8,13,2,4.925217e-02,2.580329e-02
9,13,2,4.893706e-02,2.419914e-02
10,13,2,4.681984e-02,1.554966e-02
11,13,2,4.760431e-02,1.836048e-02
12,13,2,4.305746e-02,6.728299e-03
13,13,2,4.538107e-02,1.138068e-02
14,13,2,4.649589e-02,1.450665e-02
15,13,2,4.899651e-02,2.449475e-02
1,14,2,4.716965e-02,1.675126e-02
2,14,2,4.715193e-02,1.668846e-02
3,14,2,4.606182e-02,1.320786e-02
4,14,2,4.642977e-02,1.430165e-02
5,14,2,4.516972e-02,1.086163e-02
6,14,2,4.325848e-02,7.049093e-03
7,14,2,4.411127e-02,8.568731e-03
8,14,2,4.933101e-02,2.621929e-02
9,14,2,4.827410e-02,2.111362e-02
10,14,2,4.253047e-02,5.948708e-03
11,14,2,4.763371e-02,1.847420e-02
12,14,2,4.821250e-02,2.084576e-02
13,14,2,4.608228e-02,1.326663e-02
14,14,2,4.561910e-02,1.199191e-02
15,14,2,4.631588e-02,1.395469e-02
1,15,2,5.220598e-02,4.619810e-02
2,15,2,5.252776e-02,4.912583e-02
3,15,2,4.590793e-02,1.277317e-02
4,15,2,4.573424e-02,1.229804e-02
5,15,2,4.737055e-02,1.747855e-02
6,15,2,4.705338e-02,1.634292e-02
7,15,2,4.801973e-02,2.002710e-02
8,15,2,4.906116e-02,2.481988e-02
9,15,2,4.795852e-02,1.977329e-02
10,15,2,4.271873e-02,6.217332e-03
11,15,2,4.378091e-02,7.948212e-03
12,15,2,4.468433e-02,9.749312e-03
13,15,2,4.585092e-02,1.261543e-02
14,15,2,4.973504e-02,2.844764e-02
15,15,2,4.768023e-02,1.865542e-02
1,1,3,5.217561e-02,4.593003e-02
2,1,3,4.739806e-02,1.758032e-02
3,1,3,4.550224e-02,1.168823e-02
4,1,3,4.449883e-02,9.352056e-03
5,1,3,4.582314e-02,1.253919e-02
6,1,3,4.740852e-02,1.761917e-02
7,1,3,5.145065e-02,3.993280e-02
8,1,3,5.098130e-02,3.643600e-02
9,1,3,4.597627e-02,1.296457e-02
10,1,3,4.772458e-02,1.882965e-02
11,1,3,4.572585e-02,1.227550e-02
12,1,3,4.476483e-02,9.926370e-03
13,1,3,4.468715e-02,9.755455e-03
14,1,3,4.298477e-02,6.615569e-03
15,1,3,4.485078e-02,1.011863e-02
1,2,3,4.935527e-02,2.634855e-02
2,2,3,4.590892e-02,1.277592e-02
3,2,3,4.508950e-02,1.067028e-02
4,2,3,4.306330e-02,6.737435e-03
5,2,3,4.620251e-02,1.361687e-02
6,2,3,4.887811e-02,2.390921e-02
7,2,3,4.934431e-02,2.629007e-02
8,2,3,4.732153e-02,1.729853e-02
9,2,3,4.579796e-02,1.247047e-02
10,2,3,4.941299e-02,2.665832e-02
11,2,3,4.446986e-02,9.291342e-03
12,2,3,4.561306e-02,1.197604e-02
13,2,3,4.806362e-02,2.021091e-02
14,2,3,4.684053e-02,1.561851e-02
15,2,3,4.293648e-02,6.541627e-03
1,3,3,4.636284e-02,1.409682e-02
2,3,3,4.843401e-02,2.182356e-02
3,3,3,4.606409e-02,1.321436e-02
4,3,3,4.535581e-02,1.131750e-02
5,3,3,4.646864e-02,1.442184e-02
6,3,3,4.812297e-02,2.046187e-02
7,3,3,5.184987e-02,4.314176e-02
8,3,3,4.788827e-02,1.948556e-02
9,3,3,4.727680e-02,1.713569e-02
10,3,3,4.752184e-02,1.804485e-02
11,3,3,4.392367e-02,8.211206e-03
12,3,3,4.797848e-02,1.985575e-02
13,3,3,4.662765e-02,1.492302e-02
14,3,3,4.299571e-02,6.632423e-03
15,3,3,4.151708e-02,4.674005e-03
1,4,3,5.386711e-02,6.319135e-02
2,4,3,5.175712e-02,4.237623e-02
3,4,3,4.678592e-02,1.543736e-02
4,4,3,4.902108e-02,2.461784e-02
5,4,3,4.924571e-02,2.576946e-02
6,4,3,4.774098e-02,1.889446e-02
7,4,3,5.325305e-02,5.634641e-02
8,4,3,4.826441e-02,2.107128e-02
9,4,3,5.354938e-02,5.956146e-02
10,4,3,4.711057e-02,1.654264e-02
11,4,3,4.265451e-02,6.124501e-03
12,4,3,4.444926e-02,9.248396e-03
13,4,3,4.733971e-02,1.736510e-02
14,4,3,4.629049e-02,1.387838e-02
15,4,3,4.445710e-02,9.264721e-03
1,5,3,5.342924e-02,5.823866e-02
2,5,3,5.288651e-02,5.258601e-02
3,5,3,5.341510e-02,5.808471e-02
4,5,3,5.567376e-02,8.788737e-02
5,5,3,5.390241e-02,6.360677e-02
6,5,3,4.679779e-02,1.547655e-02
7,5,3,5.402701e-02,6.509242e-02
8,5,3,4.855132e-02,2.235792e-02
9,5,3,5.143279e-02,3.979440e-02
10,5,3,5.263618e-02,5.014930e-02
11,5,3,4.816568e-02,2.064420e-02
12,5,3,4.732166e-02,1.729900e-02
13,5,3,4.626901e-02,1.381411e-02
14,5,3,4.771147e-02,1.877801e-02
15,5,3,4.920380e-02,2.555101e-02
1,6,3,5.186051e-02,4.323036e-02
2,6,3,4.973187e-02,2.842947e-02
3,6,3,5.474939e-02,7.433858e-02
4,6,3,5.658992e-02,1.034694e-01
5,6,3,5.363680e-02,6.054103e-02
6,6,3,5.169682e-02,4.188508e-02
7,6,3,5.034021e-02,3.210489e-02
8,6,3,5.086876e-02,3.563960e-02
9,6,3,5.207826e-02,4.508022e-02
10,6,3,4.913781e-02,2.521034e-02
11,6,3,4.561704e-02,1.198649e-02
12,6,3,4.123981e-02,4.371066e-03
13,6,3,4.378327e-02,7.952484e-03
14,6,3,4.684163e-02,1.562217e-02
15,6,3,5.428279e-02,6.824062e-02
1,7,3,5.187031e-02,4.331214e-02
2,7,3,4.875920e-02,2.333386e-02
3,7,3,5.274989e-02,5.124322e-02
4,7,3,5.056305e-02,3.355474e-02
5,7,3,5.133907e-02,3.907522e-02
6,7,3,4.946785e-02,2.695576e-02
7,7,3,4.937917e-02,2.647641e-02
8,7,3,5.120217e-02,3.804564e-02
9,7,3,5.257615e-02,4.958032e-02
10,7,3,4.748507e-02,1.790573e-02
11,7,3,4.141659e-02,4.562099e-03
12,7,3,4.278580e-02,6.315640e-03
13,7,3,4.474757e-02,9.888162e-03
14,7,3,4.512225e-02,1.074802e-02
15,7,3,5.084470e-02,3.547137e-02
1,8,3,4.813964e-02,2.053289e-02
2,8,3,4.933272e-02,2.622841e-02
3,8,3,5.034373e-02,3.212738e-02
4,8,3,4.684122e-02,1.562081e-02
5,8,3,4.807734e-02,2.026866e-02
6,8,3,4.727879e-02,1.714293e-02
7,8,3,4.735954e-02,1.743798e-02
8,8,3,4.862935e-02,2.271988e-02
9,8,3,4.458922e-02,9.543761e-03
10,8,3,4.435291e-02,9.049877e-03
11,8,3,4.476660e-02,9.930304e-03
12,8,3,4.529787e-02,1.117376e-02
13,8,3,4.310114e-02,6.796870e-03
14,8,3,4.849822e-02,2.211461e-02
15,8,3,5.134074e-02,3.908790e-02
1,9,3,4.603983e-02,1.314492e-02
2,9,3,4.637508e-02,1.413409e-02
3,9,3,4.762085e-02,1.842437e-02
4,9,3,4.640284e-02,1.421894e-02
5,9,3,4.880788e-02,2.356790e-02
6,9,3,4.825786e-02,2.104271e-02
7,9,3,4.896885e-02,2.435682e-02
8,9,3,4.098611e-02,4.109494e-03
9,9,3,4.141905e-02,4.564805e-03
10,9,3,4.491907e-02,1.027374e-02
11,9,3,4.454353e-02,9.446417e-03
12,9,3,4.261816e-02,6.072504e-03
13,9,3,4.229225e-02,5.623791e-03
14,9,3,4.112620e-02,4.252139e-03
15,9,3,4.558979e-02,1.191508e-02
1,10,3,4.726989e-02,1.711068e-02
2,10,3,4.457192e-02,9.506797e-03
3,10,3,4.396577e-02,8.290263e-03
4,10,3,4.633287e-02,1.400596e-02
5,10,3,4.582322e-02,1.253941e-02
6,10,3,4.746355e-02,1.782473e-02
7,10,3,4.699975e-02,1.615759e-02
8,10,3,4.512587e-02,1.075666e-02
9,10,3,4.254834e-02,5.973756e-03
10,10,3,4.537103e-02,1.135553e-02
11,10,3,4.540725e-02,1.144650e-02
12,10,3,4.603748e-02,1.313824e-02
13,10,3,4.197090e-02,5.210791e-03
14,10,3,4.688044e-02,1.575209e-02
15,10,3,4.760212e-02,1.835201e-02
1,11,3,4.612101e-02,1.337857e-02
2,11,3,4.640357e-02,1.422118e-02
3,11,3,4.272542e-02,6.227079e-03
4,11,3,4.297749e-02,6.604369e-03
5,11,3,4.460550e-02,9.578682e-03
6,11,3,4.457141e-02,9.505725e-03
7,11,3,4.426194e-02,8.865948e-03
8,11,3,4.477941e-02,9.958761e-03
9,11,3,4.470416e-02,9.792657e-03
10,11,3,4.404444e-02,8.439795e-03
11,11,3,4.527164e-02,1.110922e-02
12,11,3,4.710009e-02,1.650589e-02
13,11,3,4.708654e-02,1.645844e-02
14,11,3,4.956255e-02,2.747624e-02
15,11,3,4.868003e-02,2.295777e-02
1,12,3,4.950212e-02,2.714310e-02
2,12,3,4.597621e-02,1.296442e-02
3,12,3,4.432139e-02,8.985758e-03
4,12,3,4.593972e-02,1.286188e-02
5,12,3,4.779407e-02,1.910561e-02
6,12,3,4.748692e-02,1.791269e-02
7,12,3,4.761019e-02,1.838316e-02
8,12,3,4.590362e-02,1.276116e-02
9,12,3,4.307780e-02,6.760147e-03
10,12,3,4.254995e-02,5.976011e-03
11,12,3,4.748730e-02,1.791415e-02
12,12,3,5.014082e-02,3.085569e-02
13,12,3,5.278962e-02,5.163055e-02
14,12,3,5.142287e-02,3.971772e-02
15,12,3,5.669646e-02,1.054339e-01
1,13,3,5.006601e-02,3.039841e-02
2,13,3,4.963333e-02,2.787117e-02
3,13,3,4.980187e-02,2.883220e-02
4,13,3,4.754542e-02,1.813461e-02
5,13,3,5.049034e-02,3.307532e-02
6,13,3,5.094020e-02,3.614330e-02
7,13,3,5.286270e-02,5.234972e-02
8,13,3,4.713357e-02,1.662358e-02
9,13,3,4.641451e-02,1.425473e-02
10,13,3,4.732712e-02,1.731895e-02
11,13,3,4.819740e-02,2.078058e-02
12,13,3,4.604751e-02,1.316689e-02
13,13,3,4.874023e-02,2.324327e-02
14,13,3,4.937686e-02,2.646403e-02
15,13,3,5.326976e-02,5.652341e-02
1,14,3,4.938832e-02,2.652550e-02
2,14,3,4.830898e-02,2.126670e-02
3,14,3,5.237037e-02,4.767357e-02
4,14,3,5.035552e-02,3.220267e-02
5,14,3,4.745622e-02,1.779725e-02
6,14,3,4.985133e-02,2.911980e-02
7,14,3,4.891189e-02,2.407498e-02
8,14,3,5.154753e-02,4.069114e-02
9,14,3,4.852974e-02,2.225876e-02
10,14,3,4.691906e-02,1.588234e-02
11,14,3,4.972418e-02,2.838555e-02
12,14,3,4.510008e-02,1.069534e-02
13,14,3,4.933495e-02,2.624027e-02
14,14,3,4.840128e-02,2.167652e-02
15,14,3,5.287715e-02,5.249302e-02
1,15,3,4.996744e-02,2.980521e-02
2,15,3,5.116861e-02,3.779701e-02
3,15,3,4.866164e-02,2.287120e-02
4,15,3,4.651377e-02,1.456251e-02
5,15,3,4.409802e-02,8.543026e-03
6,15,3,4.737431e-02,1.749242e-02
7,15,3,5.217555e-02,4.592952e-02
8,15,3,4.941870e-02,2.668915e-02
9,15,3,4.870632e-02,2.308204e-02
10,15,3,4.397859e-02,8.314456e-03
11,15,3,4.379724e-02,7.977904e-03
12,15,3,4.798638e-02,1.988846e-02
13,15,3,4.930389e-02,2.607552e-02
14,15,3,5.281389e-02,5.186834e-02
15,15,3,4.897109e-02,2.436795e-02
1,1,4,4.766449e-02,1.859392e-02
2,1,4,4.473028e-02,9.850028e-03
3,1,4,4.554960e-02,1.181045e-02
4,1,4,4.757896e-02,1.826295e-02
5,1,4,4.530726e-02,1.119693e-02
6,1,4,5.003649e-02,3.021968e-02
7,1,4,5.238481e-02,4.780519e-02
8,1,4,5.423901e-02,6.769220e-02
9,1,4,4.838656e-02,2.161071e-02
10,1,4,4.449540e-02,9.344859e-03
11,1,4,4.443245e-02,9.213476e-03
12,1,4,4.487452e-02,1.017229e-02
13,1,4,4.561862e-02,1.199064e-02
14,1,4,4.530089e-02,1.118121e-02
15,1,4,4.440211e-02,9.150765e-03
1,2,4,4.613800e-02,1.342792e-02
2,2,4,4.292736e-02,6.527739e-03
3,2,4,4.640250e-02,1.421789e-02
4,2,4,4.683009e-02,1.558373e-02
5,2,4,4.804368e-02,2.012724e-02
6,2,4,5.053550e-02,3.337236e-02
7,2,4,5.248488e-02,4.872624e-02
8,2,4,5.020641e-02,3.126171e-02
9,2,4,4.906759e-02,2.485240e-02
10,2,4,4.448069e-02,9.314010e-03
11,2,4,4.440830e-02,9.163533e-03
12,2,4,4.224552e-02,5.561960e-03
13,2,4,4.159638e-02,4.764057e-03
14,2,4,4.680182e-02,1.548989e-02
15,2,4,4.207701e-02,5.344043e-03
1,3,4,4.427040e-02,8.882915e-03
2,3,4,4.299845e-02,6.636650e-03
3,3,4,4.550481e-02,1.169483e-02
4,3,4,4.718983e-02,1.682309e-02
5,3,4,4.796640e-02,1.980580e-02
6,3,4,5.013703e-02,3.083240e-02
7,3,4,4.551480e-02,1.172054e-02
8,3,4,4.810311e-02,2.037758e-02
9,3,4,4.706565e-02,1.638558e-02
10,3,4,4.258876e-02,6.030754e-03
11,3,4,4.537262e-02,1.135952e-02
12,3,4,4.044825e-02,3.600962e-03
13,3,4,3.947962e-02,2.825860e-03
14,3,4,4.532300e-02,1.123589e-02
15,3,4,4.193825e-02,5.170399e-03
1,4,4,4.640573e-02,1.422777e-02
2,4,4,4.464062e-02,9.654353e-03
3,4,4,4.389938e-02,8.165921e-03
4,4,4,4.897752e-02,2.439997e-02
5,4,4,4.963392e-02,2.787450e-02
6,4,4,5.315844e-02,5.535325e-02
7,4,4,4.550133e-02,1.168589e-02
8,4,4,4.529418e-02,1.116466e-02
9,4,4,4.582303e-02,1.253890e-02
10,4,4,4.525143e-02,1.105973e-02
11,4,4,4.366385e-02,7.738219e-03
12,4,4,3.819368e-02,2.029255e-03
13,4,4,4.246289e-02,5.854863e-03
14,4,4,4.420309e-02,8.748789e-03
15,4,4,4.595001e-02,1.289073e-02
1,5,4,4.509826e-02,1.069103e-02
2,5,4,4.331078e-02,7.134796e-03
3,5,4,4.685721e-02,1.567419e-02
4,5,4,4.741961e-02,1.766041e-02
5,5,4,5.372873e-02,6.158672e-02
6,5,4,4.961634e-02,2.777593e-02
7,5,4,5.052479e-02,3.330169e-02
8,5,4,4.613478e-02,1.341856e-02
9,5,4,4.909964e-02,2.501523e-02
10,5,4,4.661228e-02,1.487390e-02
11,5,4,4.509260e-02,1.067761e-02
12,5,4,4.308675e-02,6.774206e-03
13,5,4,4.026638e-02,3.442291e-03
14,5,4,4.455653e-02,9.474037e-03
15,5,4,4.683144e-02,1.558821e-02
1,6,4,4.648785e-02,1.448157e-02
2,6,4,4.464434e-02,9.662414e-03
3,6,4,4.708304e-02,1.644624e-02
4,6,4,4.957558e-02,2.754860e-02
5,6,4,4.895958e-02,2.431074e-02
6,6,4,4.666113e-02,1.503052e-02
7,6,4,4.817053e-02,2.066500e-02
8,6,4,4.687767e-02,1.574279e-02
9,6,4,4.414954e-02,8.643370e-03
10,6,4,4.706406e-02,1.638003e-02
11,6,4,4.245032e-02,5.837551e-03
12,6,4,4.267763e-02,6.157774e-03
13,6,4,4.509057e-02,1.067281e-02
14,6,4,4.821850e-02,2.087170e-02
15,6,4,4.601157e-02,1.306446e-02
1,7,4,4.348309e-02,7.423787e-03
2,7,4,4.397296e-02,8.303833e-03
3,7,4,4.365420e-02,7.721135e-03
4,7,4,4.574214e-02,1.231931e-02
5,7,4,4.977586e-02,2.868199e-02
6,7,4,4.684674e-02,1.563922e-02
7,7,4,5.043841e-02,3.273669e-02
8,7,4,4.753926e-02,1.811114e-02
9,7,4,4.390073e-02,8.168439e-03
10,7,4,4.577220e-02,1.240050e-02
11,7,4,4.039195e-02,3.551151e-03
12,7,4,4.042083e-02,3.576625e-03
13,7,4,4.439586e-02,9.137897e-03
14,7,4,4.688165e-02,1.575615e-02
15,7,4,4.769880e-02,1.872819e-02
1,8,4,4.395275e-02,8.265741e-03
2,8,4,4.544771e-02,1.154892e-02
3,8,4,4.362985e-02,7.678175e-03
4,8,4,4.683093e-02,1.558652e-02
5,8,4,4.866332e-02,2.287908e-02
6,8,4,4.621581e-02,1.365611e-02
7,8,4,4.965667e-02,2.800254e-02
8,8,4,5.081854e-02,3.528928e-02
9,8,4,5.266504e-02,5.042493e-02
10,8,4,4.250182e-02,5.908762e-03
11,8,4,4.176569e-02,4.961558e-03
12,8,4,4.419117e-02,8.725217e-03
13,8,4,4.356684e-02,7.568006e-03
14,8,4,4.335801e-02,7.212984e-03
15,8,4,4.555723e-02,1.183027e-02
1,9,4,4.671381e-02,1.520106e-02
2,9,4,4.555334e-02,1.182017e-02
3,9,4,4.126203e-02,4.394682e-03
4,9,4,4.077191e-02,3.899701e-03
5,9,4,4.259880e-02,6.044986e-03
6,9,4,4.737331e-02,1.748873e-02
7,9,4,4.691217e-02,1.585902e-02
8,9,4,4.907402e-02,2.488499e-02
9,9,4,4.874706e-02,2.327583e-02
10,9,4,4.642793e-02,1.429601e-02
11,9,4,4.138798e-02,4.530683e-03
12,9,4,4.143219e-02,4.579308e-03
13,9,4,4.298804e-02,6.620598e-03
14,9,4,4.463805e-02,9.648812e-03
15,9,4,4.339630e-02,7.276934e-03
1,10,4,4.497014e-02,1.039116e-02
2,10,4,4.579173e-02,1.245352e-02
3,10,4,4.149555e-02,4.649825e-03
4,10,4,4.128829e-02,4.422726e-03
5,10,4,4.457466e-02,9.512656e-03
6,10,4,4.774662e-02,1.891680e-02
7,10,4,4.455002e-02,9.460196e-03
8,10,4,4.520528e-02,1.094745e-02
9,10,4,4.296417e-02,6.583930e-03
10,10,4,4.106812e-02,4.192463e-03
11,10,4,4.466674e-02,9.711004e-03
12,10,4,4.370138e-02,7.804989e-03
13,10,4,4.513315e-02,1.077403e-02
14,10,4,3.939925e-02,2.768859e-03
15,10,4,4.485722e-02,1.013316e-02
1,11,4,4.882841e-02,2.366719e-02
2,11,4,4.623141e-02,1.370227e-02
3,11,4,4.274242e-02,6.251904e-03
4,11,4,4.262473e-02,6.081880e-03
5,11,4,4.630536e-02,1.392304e-02
6,11,4,4.513836e-02,1.078646e-02
7,11,4,4.266398e-02,6.138113e-03
8,11,4,4.135827e-02,4.498261e-03
9,11,4,4.294587e-02,6.555948e-03
10,11,4,4.278251e-02,6.310790e-03
11,11,4,4.176825e-02,4.964596e-03
12,11,4,4.366264e-02,7.736084e-03
13,11,4,4.302730e-02,6.681323e-03
14,11,4,4.512726e-02,1.075996e-02
15,11,4,4.750749e-02,1.799044e-02
1,12,4,5.423013e-02,6.758149e-02
2,12,4,4.846085e-02,2.194477e-02
3,12,4,4.457166e-02,9.506243e-03
4,12,4,4.338618e-02,7.259980e-03
5,12,4,4.210314e-02,5.377325e-03
6,12,4,4.152155e-02,4.679043e-03
7,12,4,4.134854e-02,4.487687e-03
8,12,4,4.010553e-02,3.307226e-03
9,12,4,4.030138e-02,3.472327e-03
10,12,4,4.124143e-02,4.372783e-03
11,12,4,4.462610e-02,9.623002e-03
12,12,4,4.477853e-02,9.956785e-03
13,12,4,4.919444e-02,2.550245e-02
14,12,4,4.784451e-02,1.930821e-02
15,12,4,5.255474e-02,4.937876e-02
1,13,4,4.843538e-02,2.182974e-02
2,13,4,4.847654e-02,2.201592e-02
3,13,4,4.748337e-02,1.789931e-02
4,13,4,4.183498e-02,5.044489e-03
5,13,4,4.222948e-02,5.540884e-03
6,13,4,4.299716e-02,6.634662e-03
7,13,4,4.545775e-02,1.157446e-02
8,13,4,4.619753e-02,1.360218e-02
9,13,4,4.789419e-02,1.950965e-02
10,13,4,4.429585e-02,8.934109e-03
11,13,4,4.242252e-02,5.799432e-03
12,13,4,4.471445e-02,9.815227e-03
13,13,4,4.933362e-02,2.623317e-02
14,13,4,5.282421e-02,5.196984e-02
15,13,4,5.068825e-02,3.439493e-02
1,14,4,5.119826e-02,3.801658e-02
2,14,4,5.260248e-02,4.982914e-02
3,14,4,4.781869e-02,1.920429e-02
4,14,4,4.754186e-02,1.812103e-02
5,14,4,4.415647e-02,8.656936e-03
6,14,4,4.902173e-02,2.462112e-02
7,14,4,4.680638e-02,1.550500e-02
8,14,4,4.757150e-02,1.823431e-02
9,14,4,4.686211e-02,1.569060e-02
10,14,4,4.815596e-02,2.060260e-02
11,14,4,4.460325e-02,9.573835e-03
12,14,4,4.520427e-02,1.094499e-02
13,14,4,4.930084e-02,2.605940e-02
14,14,4,5.191636e-02,4.369817e-02
15,14,4,5.062569e-02,3.397272e-02
1,15,4,4.928668e-02,2.598465e-02
2,15,4,5.418089e-02,6.697034e-02
3,15,4,5.018582e-02,3.113377e-02
4,15,4,4.613916e-02,1.343129e-02
5,15,4,4.618155e-02,1.355522e-02
6,15,4,4.522253e-02,1.098929e-02
7,15,4,4.717944e-02,1.678607e-02
8,15,4,4.735723e-02,1.742946e-02
9,15,4,4.548948e-02,1.165549e-02
10,15,4,4.547058e-02,1.160718e-02
11,15,4,4.446694e-02,9.285247e-03
12,15,4,5.057350e-02,3.362416e-02
13,15,4,5.284591e-02,5.218369e-02
14,15,4,4.921795e-02,2.562456e-02
15,15,4,4.760435e-02,1.836063e-02
1,1,5,5.074641e-02,3.479161e-02
2,1,5,5.010306e-02,3.062411e-02
3,1,5,4.615115e-02,1.346623e-02
4,1,5,4.639466e-02,1.419388e-02
5,1,5,4.586019e-02,1.264094e-02
6,1,5,4.584480e-02,1.259860e-02
7,1,5,5.223056e-02,4.641602e-02
8,1,5,4.779315e-02,1.910195e-02
9,1,5,4.665234e-02,1.500223e-02
10,1,5,4.775951e-02,1.896791e-02
11,1,5,4.403978e-02,8.430877e-03
12,1,5,4.476847e-02,9.934455e-03
13,1,5,4.709688e-02,1.649464e-02
14,1,5,4.593447e-02,1.284719e-02
15,1,5,4.566472e-02,1.211236e-02
1,2,5,5.248548e-02,4.873188e-02
2,2,5,4.974030e-02,2.847773e-02
3,2,5,4.461274e-02,9.594236e-03
4,2,5,4.717506e-02,1.677050e-02
5,2,5,4.923986e-02,2.573887e-02
6,2,5,4.554193e-02,1.179058e-02
7,2,5,5.013288e-02,3.080690e-02
8,2,5,5.208611e-02,4.514820e-02
9,2,5,4.608239e-02,1.326695e-02
10,2,5,4.668289e-02,1.510075e-02
11,2,5,4.467173e-02,9.721844e-03
12,2,5,4.398964e-02,8.335387e-03
13,2,5,4.472212e-02,9.832075e-03
14,2,5,4.426154e-02,8.865150e-03
15,2,5,4.499703e-02,1.045345e-02
1,3,5,4.923595e-02,2.571843e-02
2,3,5,4.877700e-02,2.341922e-02
3,3,5,4.547595e-02,1.162089e-02
4,3,5,4.645531e-02,1.438054e-02
5,3,5,4.718566e-02,1.680822e-02
6,3,5,5.205559e-02,4.488438e-02
7,3,5,5.308051e-02,5.454712e-02
8,3,5,5.362261e-02,6.038108e-02
9,3,5,4.879715e-02,2.351610e-02
10,3,5,4.311549e-02,6.819530e-03
11,3,5,4.235383e-02,5.706221e-03
12,3,5,4.076653e-02,3.894559e-03
13,3,5,4.250259e-02,5.909826e-03
14,3,5,4.893918e-02,2.420964e-02
15,3,5,4.323574e-02,7.012127e-03
1,4,5,4.962222e-02,2.780883e-02
2,4,5,4.325974e-02,7.051148e-03
3,4,5,4.424865e-02,8.839375e-03
4,4,5,4.658660e-02,1.479215e-02
5,4,5,5.005558e-02,3.033517e-02
6,4,5,5.278735e-02,5.160831e-02
7,4,5,5.003155e-02,3.018982e-02
8,4,5,4.618715e-02,1.357166e-02
9,4,5,4.777243e-02,1.901929e-02
10,4,5,4.629552e-02,1.389348e-02
11,4,5,4.248162e-02,5.880739e-03
12,4,5,4.239206e-02,5.757928e-03
13,4,5,4.267701e-02,6.156891e-03
14,4,5,4.562411e-02,1.200508e-02
15,4,5,4.800084e-02,1.994845e-02
1,5,5,4.746799e-02,1.784145e-02
2,5,5,4.295115e-02,6.564011e-03
3,5,5,4.940820e-02,2.663247e-02
4,5,5,4.964004e-02,2.790887e-02
5,5,5,4.681304e-02,1.552707e-02
6,5,5,5.219566e-02,4.610680e-02
7,5,5,4.532251e-02,1.123468e-02
8,5,5,4.732133e-02,1.729779e-02
9,5,5,4.654796e-02,1.466993e-02
10,5,5,4.612464e-02,1.338908e-02
11,5,5,4.791970e-02,1.961384e-02
12,5,5,4.755009e-02,1.815242e-02
13,5,5,4.418022e-02,8.703617e-03
14,5,5,4.232293e-02,5.664723e-03
15,5,5,4.790387e-02,1.954911e-02
1,6,5,4.387024e-02,8.111874e-03
2,6,5,4.401940e-02,8.391949e-03
3,6,5,4.857528e-02,2.246852e-02
4,6,5,4.706352e-02,1.637816e-02
5,6,5,4.847095e-02,2.199055e-02
6,6,5,4.864684e-02,2.280171e-02
7,6,5,5.026134e-02,3.160542e-02
8,6,5,5.132161e-02,3.894252e-02
9,6,5,5.258786e-02,4.969084e-02
10,6,5,4.743049e-02,1.770097e-02
11,6,5,4.724323e-02,1.701441e-02
12,6,5,5.149429e-02,4.027282e-02
13,6,5,4.368812e-02,7.781352e-03
14,6,5,4.256529e-02,5.997602e-03
15,6,5,4.503996e-02,1.055362e-02
1,7,5,4.739645e-02,1.757437e-02
2,7,5,4.284997e-02,6.411002e-03
3,7,5,4.615701e-02,1.348334e-02
4,7,5,4.964452e-02,2.793408e-02
5,7,5,4.820485e-02,2.081269e-02
6,7,5,5.050238e-02,3.315431e-02
7,7,5,4.947710e-02,2.700621e-02
8,7,5,4.767847e-02,1.864850e-02
9,7,5,4.861375e-02,2.264709e-02
10,7,5,4.751778e-02,1.802947e-02
11,7,5,4.488014e-02,1.018506e-02
12,7,5,4.545890e-02,1.157739e-02
13,7,5,4.234307e-02,5.691728e-03
14,7,5,4.636212e-02,1.409465e-02
15,7,5,4.482009e-02,1.004958e-02
1,8,5,4.589253e-02,1.273038e-02
2,8,5,4.604265e-02,1.315298e-02
3,8,5,4.388104e-02,8.131861e-03
4,8,5,4.988348e-02,2.930815e-02
5,8,5,4.687453e-02,1.573223e-02
6,8,5,5.035840e-02,3.222113e-02
7,8,5,5.127430e-02,3.858502e-02
8,8,5,4.843060e-02,2.180819e-02
9,8,5,4.476308e-02,9.922490e-03
10,8,5,4.388824e-02,8.145217e-03
11,8,5,4.198153e-02,5.224003e-03
12,8,5,4.433204e-02,9.007376e-03
13,8,5,4.077116e-02,3.898988e-03
14,8,5,4.763267e-02,1.847015e-02
15,8,5,5.058450e-02,3.369732e-02
1,9,5,4.473705e-02,9.864934e-03
2,9,5,4.599062e-02,1.300510e-02
3,9,5,4.363228e-02,7.682454e-03
4,9,5,4.626584e-02,1.380465e-02
5,9,5,4.607874e-02,1.325645e-02
6,9,5,5.068097e-02,3.434556e-02
7,9,5,5.211008e-02,4.535639e-02
8,9,5,4.644848e-02,1.435941e-02
9,9,5,4.443739e-02,9.223741e-03
10,9,5,4.307221e-02,6.751385e-03
11,9,5,3.921927e-02,2.644945e-03
12,9,5,4.098460e-02,4.107982e-03
13,9,5,4.463600e-02,9.644378e-03
14,9,5,4.872549e-02,2.317306e-02
15,9,5,4.917431e-02,2.539826e-02
1,10,5,4.466773e-02,9.713159e-03
2,10,5,4.722888e-02,1.696282e-02
3,10,5,4.670518e-02,1.517301e-02
4,10,5,4.298449e-02,6.615139e-03
5,10,5,4.481917e-02,1.004754e-02
6,10,5,4.439148e-02,9.128877e-03
7,10,5,4.871364e-02,2.311679e-02
8,10,5,4.993700e-02,2.962413e-02
9,10,5,5.054868e-02,3.345952e-02
10,10,5,4.673226e-02,1.526121e-02
11,10,5,4.298709e-02,6.619136e-03
12,10,5,4.037115e-02,3.532910e-03
13,10,5,4.407613e-02,8.500713e-03
14,10,5,4.335497e-02,7.207928e-03
15,10,5,4.659657e-02,1.482385e-02
1,11,5,5.079785e-02,3.514590e-02
2,11,5,5.031489e-02,3.194378e-02
3,11,5,4.758033e-02,1.826821e-02
4,11,5,4.793068e-02,1.965882e-02
5,11,5,4.609327e-02,1.329832e-02
6,11,5,4.505198e-02,1.058181e-02
7,11,5,4.585699e-02,1.263213e-02
8,11,5,5.402639e-02,6.508492e-02
9,11,5,4.913233e-02,2.518227e-02
10,11,5,4.544013e-02,1.152967e-02
11,11,5,4.295432e-02,6.568851e-03
12,11,5,4.210204e-02,5.375918e-03
13,11,5,4.507258e-02,1.063030e-02
14,11,5,4.353431e-02,7.511698e-03
15,11,5,4.914821e-02,2.526380e-02
1,12,5,5.084751e-02,3.549100e-02
2,12,5,5.173762e-02,4.221684e-02
3,12,5,4.825662e-02,2.103731e-02
4,12,5,4.473676e-02,9.864297e-03
5,12,5,4.392074e-02,8.205737e-03
6,12,5,4.374936e-02,7.891107e-03
7,12,5,4.498951e-02,1.043600e-02
8,12,5,5.220117e-02,4.615548e-02
9,12,5,4.233025e-02,5.674527e-03
10,12,5,4.207939e-02,5.347065e-03
11,12,5,4.230512e-02,5.640932e-03
12,12,5,4.143124e-02,4.578265e-03
13,12,5,4.456503e-02,9.492122e-03
14,12,5,5.054237e-02,3.341777e-02
15,12,5,4.898463e-02,2.443539e-02
1,13,5,5.083410e-02,3.539747e-02
2,13,5,5.276806e-02,5.142009e-02
3,13,5,4.848435e-02,2.205142e-02
4,13,5,4.648290e-02,1.446616e-02
5,13,5,4.669846e-02,1.515120e-02
6,13,5,4.549182e-02,1.166150e-02
7,13,5,4.986492e-02,2.919931e-02
8,13,5,5.105753e-02,3.698447e-02
9,13,5,4.428718e-02,8.916653e-03
10,13,5,4.252362e-02,5.939133e-03
11,13,5,4.184199e-02,5.052940e-03
12,13,5,4.596648e-02,1.293702e-02
13,13,5,4.941962e-02,2.669410e-02
14,13,5,5.101160e-02,3.665306e-02
15,13,5,5.141930e-02,3.969013e-02
1,14,5,5.366420e-02,6.085105e-02
2,14,5,5.246756e-02,4.856577e-02
3,14,5,5.101419e-02,3.667173e-02
4,14,5,5.139860e-02,3.953064e-02
5,14,5,4.521009e-02,1.095909e-02
6,14,5,4.564649e-02,1.206410e-02
7,14,5,4.592723e-02,1.282696e-02
8,14,5,4.685135e-02,1.565463e-02
9,14,5,4.788145e-02,1.945782e-02
10,14,5,4.908958e-02,2.496403e-02
11,14,5,4.722912e-02,1.696367e-02
12,14,5,4.706928e-02,1.639821e-02
13,14,5,4.698105e-02,1.609341e-02
14,14,5,5.254609e-02,4.929753e-02
15,14,5,5.194296e-02,4.392258e-02
1,15,5,4.916715e-02,2.536132e-02
2,15,5,5.011841e-02,3.071810e-02
3,15,5,4.981212e-02,2.889157e-02
4,15,5,5.204625e-02,4.480390e-02
5,15,5,4.843085e-02,2.180934e-02
6,15,5,4.704296e-02,1.630675e-02
7,15,5,4.514935e-02,1.081276e-02
8,15,5,4.413464e-02,8.614236e-03
9,15,5,4.549684e-02,1.167436e-02
10,15,5,5.046175e-02,3.288849e-02
11,15,5,4.915335e-02,2.529019e-02
12,15,5,5.063301e-02,3.402189e-02
13,15,5,5.064572e-02,3.410741e-02
14,15,5,5.589996e-02,9.152423e-02
15,15,5,5.404434e-02,6.530152e-02
1,1,6,4.993183e-02,2.959347e-02
2,1,6,4.762467e-02,1.843917e-02
3,1,6,5.102909e-02,3.677899e-02
4,1,6,5.004647e-02,3.027998e-02
5,1,6,4.861627e-02,2.265885e-02
6,1,6,4.626341e-02,1.379740e-02
7,1,6,4.949655e-02,2.711256e-02
8,1,6,4.926547e-02,2.587303e-02
9,1,6,4.731163e-02,1.726237e-02
10,1,6,4.536582e-02,1.134251e-02
11,1,6,4.463494e-02,9.642084e-03
12,1,6,4.644886e-02,1.436058e-02
13,1,6,4.923715e-02,2.572471e-02
14,1,6,5.284847e-02,5.220902e-02
15,1,6,5.227441e-02,4.680722e-02
1,2,6,4.841462e-02,2.173636e-02
2,2,6,5.131309e-02,3.887787e-02
3,2,6,5.158545e-02,4.099150e-02
4,2,6,4.925840e-02,2.583595e-02
5,2,6,4.673033e-02,1.525493e-02
6,2,6,4.753759e-02,1.810478e-02
7,2,6,4.656930e-02,1.473732e-02
8,2,6,4.538253e-02,1.138435e-02
9,2,6,4.373412e-02,7.863676e-03
10,2,6,4.456134e-02,9.484268e-03
11,2,6,4.157464e-02,4.739215e-03
12,2,6,4.689607e-02,1.580469e-02
13,2,6,5.069344e-02,3.443015e-02
14,2,6,4.882058e-02,2.362929e-02
15,2,6,5.191726e-02,4.370577e-02
1,3,6,4.808285e-02,2.029194e-02
2,3,6,5.303909e-02,5.412299e-02
3,3,6,5.381668e-02,6.260234e-02
4,3,6,4.727051e-02,1.711293e-02
5,3,6,4.324568e-02,7.028265e-03
6,3,6,4.595218e-02,1.289680e-02
7,3,6,4.965527e-02,2.799465e-02
8,3,6,4.812559e-02,2.047300e-02
9,3,6,4.359756e-02,7.621550e-03
10,3,6,4.276462e-02,6.284448e-03
11,3,6,4.306847e-02,6.745516e-03
12,3,6,4.694009e-02,1.595366e-02
13,3,6,4.628576e-02,1.386420e-02
14,3,6,5.048446e-02,3.303680e-02
15,3,6,5.120918e-02,3.809775e-02
1,4,6,4.875095e-02,2.329442e-02
2,4,6,5.241522e-02,4.808342e-02
3,4,6,4.918789e-02,2.546850e-02
4,4,6,5.008834e-02,3.053429e-02
5,4,6,5.029197e-02,3.179856e-02
6,4,6,4.989872e-02,2.939784e-02
7,4,6,5.001052e-02,3.006319e-02
8,4,6,5.380341e-02,6.244807e-02
9,4,6,4.882212e-02,2.363676e-02
10,4,6,4.530931e-02,1.120200e-02
11,4,6,4.531215e-02,1.120902e-02
12,4,6,5.056805e-02,3.358794e-02
13,4,6,4.590956e-02,1.277769e-02
14,4,6,4.844326e-02,2.186527e-02
15,4,6,4.865685e-02,2.284869e-02
1,5,6,4.915015e-02,2.527374e-02
2,5,6,5.139336e-02,3.949041e-02
3,5,6,4.975437e-02,2.855840e-02
4,5,6,5.310349e-02,5.478372e-02
5,5,6,5.375870e-02,6.193107e-02
6,5,6,5.346201e-02,5.859678e-02
7,5,6,5.030973e-02,3.191103e-02
8,5,6,5.314851e-02,5.524994e-02
9,5,6,4.993239e-02,2.959679e-02
10,5,6,4.836716e-02,2.152419e-02
11,5,6,5.255973e-02,4.942565e-02
12,5,6,5.149123e-02,4.024892e-02
13,5,6,4.627492e-02,1.383177e-02
14,5,6,4.382869e-02,8.035368e-03
15,5,6,4.749512e-02,1.794366e-02
1,6,6,5.221721e-02,4.629749e-02
2,6,6,5.342525e-02,5.819517e-02
3,6,6,4.940738e-02,2.662807e-02
4,6,6,4.831499e-02,2.129316e-02
5,6,6,5.462147e-02,7.261979e-02
6,6,6,5.188741e-02,4.345512e-02
7,6,6,5.430623e-02,6.853583e-02
8,6,6,5.237573e-02,4.772239e-02
9,6,6,5.141238e-02,3.963676e-02
10,6,6,4.810885e-02,2.040192e-02
11,6,6,5.225854e-02,4.666525e-02
12,6,6,5.279732e-02,5.170591e-02
13,6,6,4.902855e-02,2.465536e-02
14,6,6,4.688119e-02,1.575462e-02
15,6,6,4.526280e-02,1.108753e-02
1,7,6,5.204514e-02,4.479431e-02
2,7,6,5.092343e-02,3.602447e-02
3,7,6,4.934289e-02,2.628253e-02
4,7,6,4.754086e-02,1.811723e-02
5,7,6,5.599553e-02,9.310111e-02
6,7,6,5.788963e-02,1.298461e-01
7,7,6,5.581229e-02,9.009894e-02
8,7,6,5.335705e-02,5.745649e-02
9,7,6,4.868505e-02,2.298143e-02
10,7,6,4.754537e-02,1.813441e-02
11,7,6,5.008393e-02,3.050742e-02
12,7,6,4.808588e-02,2.030471e-02
13,7,6,5.112950e-02,3.750909e-02
14,7,6,4.826391e-02,2.106909e-02
15,7,6,5.135914e-02,3.922826e-02
1,8,6,5.177255e-02,4.250272e-02
2,8,6,4.949132e-02,2.708395e-02
3,8,6,4.997244e-02,2.983506e-02
4,8,6,5.252102e-02,4.906282e-02
5,8,6,5.540727e-02,8.377008e-02
6,8,6,5.671059e-02,1.056970e-01
7,8,6,5.854145e-02,1.452300e-01
8,8,6,6.079184e-02,2.117746e-01
9,8,6,5.040283e-02,3.250652e-02
10,8,6,4.941857e-02,2.668844e-02
11,8,6,4.758224e-02,1.827553e-02
12,8,6,5.231817e-02,4.720051e-02
13,8,6,5.004541e-02,3.027357e-02
14,8,6,4.855550e-02,2.237719e-02
15,8,6,5.004119e-02,3.024803e-02
1,9,6,4.530144e-02,1.118257e-02
2,9,6,4.824900e-02,2.100413e-02
3,9,6,4.998594e-02,2.991576e-02
4,9,6,5.183777e-02,4.304118e-02
5,9,6,4.741640e-02,1.764847e-02
6,9,6,4.924650e-02,2.577357e-02
7,9,6,5.580650e-02,9.000550e-02
8,9,6,5.772773e-02,1.262600e-01
9,9,6,5.183989e-02,4.305882e-02
10,9,6,4.715160e-02,1.668729e-02
11,9,6,4.688779e-02,1.577681e-02
12,9,6,4.757593e-02,1.825131e-02
13,9,6,5.006695e-02,3.040415e-02
14,9,6,4.636530e-02,1.410432e-02
15,9,6,4.717490e-02,1.676993e-02
1,10,6,4.576865e-02,1.239088e-02
2,10,6,4.539839e-02,1.142421e-02
3,10,6,5.090911e-02,3.592334e-02
4,10,6,4.893418e-02,2.418492e-02
5,10,6,4.575269e-02,1.234774e-02
6,10,6,4.192899e-02,5.158993e-03
7,10,6,4.768898e-02,1.868967e-02
8,10,6,5.133037e-02,3.900903e-02
9,10,6,5.137726e-02,3.936688e-02
10,10,6,4.788889e-02,1.948808e-02
11,10,6,4.929775e-02,2.604307e-02
12,10,6,4.661287e-02,1.487577e-02
13,10,6,5.023890e-02,3.146463e-02
14,10,6,4.701827e-02,1.622139e-02
15,10,6,4.999703e-02,2.998219e-02
1,11,6,4.529683e-02,1.117119e-02
2,11,6,4.564930e-02,1.207153e-02
3,11,6,5.226297e-02,4.670482e-02
4,11,6,4.999328e-02,2.995970e-02
5,11,6,4.547887e-02,1.162834e-02
6,11,6,4.563055e-02,1.202204e-02
7,11,6,4.721238e-02,1.690364e-02
8,11,6,4.931035e-02,2.610972e-02
9,11,6,4.675293e-02,1.532884e-02
10,11,6,4.792962e-02,1.965447e-02
11,11,6,4.656511e-02,1.472406e-02
12,11,6,4.865081e-02,2.282034e-02
13,11,6,4.970759e-02,2.829102e-02
14,11,6,4.985047e-02,2.911478e-02
15,11,6,5.660052e-02,1.036633e-01
1,12,6,5.080578e-02,3.520077e-02
2,12,6,4.966332e-02,2.804003e-02
3,12,6,5.318249e-02,5.560427e-02
4,12,6,5.286763e-02,5.239856e-02
5,12,6,5.109062e-02,3.722482e-02
6,12,6,4.816866e-02,2.065697e-02
7,12,6,4.950415e-02,2.715421e-02
8,12,6,4.939687e-02,2.657144e-02
9,12,6,4.856972e-02,2.244279e-02
10,12,6,4.364139e-02,7.698513e-03
11,12,6,4.357050e-02,7.574373e-03
12,12,6,4.569830e-02,1.220174e-02
13,12,6,4.889804e-02,2.400686e-02
14,12,6,5.488137e-02,7.615014e-02
15,12,6,5.785886e-02,1.291576e-01
1,13,6,4.832769e-02,2.134920e-02
2,13,6,5.018894e-02,3.115311e-02
3,13,6,5.113613e-02,3.755778e-02
4,13,6,4.942458e-02,2.672088e-02
5,13,6,5.095652e-02,3.625925e-02
6,13,6,4.723624e-02,1.698925e-02
7,13,6,4.908038e-02,2.491725e-02
8,13,6,4.873516e-02,2.321909e-02
9,13,6,4.298475e-02,6.615545e-03
10,13,6,4.458785e-02,9.540841e-03
11,13,6,4.526927e-02,1.110340e-02
12,13,6,4.716753e-02,1.674373e-02
13,13,6,4.886304e-02,2.383558e-02
14,13,6,4.933078e-02,2.621808e-02
15,13,6,5.792667e-02,1.306794e-01
1,14,6,4.718783e-02,1.681594e-02
2,14,6,4.969722e-02,2.823205e-02
3,14,6,4.937495e-02,2.645377e-02
4,14,6,5.193486e-02,4.385420e-02
5,14,6,4.669892e-02,1.515269e-02
6,14,6,4.895035e-02,2.426495e-02
7,14,6,4.461084e-02,9.590156e-03
8,14,6,4.711995e-02,1.657561e-02
9,14,6,4.527877e-02,1.112674e-02
10,14,6,4.636032e-02,1.408916e-02
11,14,6,5.088481e-02,3.575218e-02
12,14,6,4.852235e-02,2.222487e-02
13,14,6,5.121868e-02,3.816853e-02
14,14,6,5.184812e-02,4.312720e-02
15,14,6,5.665270e-02,1.046230e-01
1,15,6,5.000126e-02,3.000759e-02
2,15,6,4.814675e-02,2.056322e-02
3,15,6,4.951465e-02,2.721186e-02
4,15,6,5.521454e-02,8.090138e-02
5,15,6,5.071481e-02,3.457558e-02
6,15,6,4.693128e-02,1.592375e-02
7,15,6,4.948997e-02,2.707655e-02
8,15,6,4.611982e-02,1.337510e-02
9,15,6,4.248628e-02,5.887199e-03
10,15,6,4.676581e-02,1.537114e-02
11,15,6,5.203044e-02,4.466793e-02
12,15,6,5.195058e-02,4.398711e-02
13,15,6,5.142204e-02,3.971128e-02
14,15,6,5.587720e-02,9.115236e-02
15,15,6,5.437638e-02,6.942638e-02
1,1,7,4.967882e-02,2.812770e-02
2,1,7,4.730436e-02,1.723585e-02
3,1,7,5.026792e-02,3.164682e-02
4,1,7,4.962028e-02,2.779798e-02
5,1,7,4.611774e-02,1.336908e-02
6,1,7,4.825767e-02,2.104190e-02
7,1,7,4.532209e-02,1.123365e-02
8,1,7,4.915609e-02,2.530431e-02
9,1,7,4.929386e-02,2.602254e-02
10,1,7,4.810109e-02,2.036902e-02
11,1,7,4.710402e-02,1.651966e-02
12,1,7,5.023831e-02,3.146090e-02
13,1,7,5.373063e-02,6.160843e-02
14,1,7,5.938371e-02,1.675306e-01
15,1,7,5.542080e-02,8.397484e-02
1,2,7,4.888805e-02,2.395790e-02
2,2,7,4.704125e-02,1.630084e-02
3,2,7,4.630947e-02,1.393538e-02
4,2,7,4.796293e-02,1.979148e-02
5,2,7,4.496737e-02,1.038474e-02
6,2,7,4.199272e-02,5.237950e-03
7,2,7,4.479616e-02,9.996074e-03
8,2,7,4.682186e-02,1.555634e-02
9,2,7,4.519849e-02,1.093102e-02
10,2,7,4.876944e-02,2.338292e-02
11,2,7,4.451162e-02,9.378974e-03
12,2,7,5.240892e-02,4.802567e-02
13,2,7,5.974069e-02,1.778785e-01
14,2,7,5.234319e-02,4.742671e-02
15,2,7,5.765827e-02,1.247491e-01
1,3,7,4.560342e-02,1.195076e-02
2,3,7,4.813811e-02,2.052634e-02
3,3,7,4.925612e-02,2.582396e-02
4,3,7,4.941932e-02,2.669250e-02
5,3,7,4.381335e-02,8.007289e-03
6,3,7,4.093756e-02,4.061069e-03
7,3,7,4.558718e-02,1.190827e-02
8,3,7,4.894817e-02,2.425412e-02
9,3,7,4.860261e-02,2.259524e-02
10,3,7,4.628439e-02,1.386010e-02
11,3,7,4.784388e-02,1.930570e-02
12,3,7,5.431733e-02,6.867600e-02
13,3,7,5.400683e-02,6.484968e-02
14,3,7,5.607556e-02,9.444024e-02
15,3,7,5.656871e-02,1.030823e-01
1,4,7,4.929028e-02,2.600362e-02
2,4,7,5.161438e-02,4.122196e-02
3,4,7,5.067821e-02,3.432686e-02
4,4,7,4.693579e-02,1.593904e-02
5,4,7,4.437813e-02,9.101454e-03
6,4,7,4.426699e-02,8.876074e-03
7,4,7,4.747409e-02,1.786438e-02
8,4,7,5.375680e-02,6.190917e-02
9,4,7,5.058809e-02,3.372127e-02
10,4,7,4.932844e-02,2.620564e-02
11,4,7,4.999913e-02,2.999478e-02
12,4,7,4.929308e-02,2.601843e-02
13,4,7,5.158490e-02,4.098707e-02
14,4,7,4.875320e-02,2.330519e-02
15,4,7,5.216814e-02,4.586432e-02
1,5,7,5.274274e-02,5.117383e-02
2,5,7,5.402045e-02,6.501346e-02
3,5,7,5.433317e-02,6.887664e-02
4,5,7,4.859268e-02,2.254913e-02
5,5,7,4.708210e-02,1.644294e-02
6,5,7,5.050575e-02,3.317643e-02
7,5,7,4.842867e-02,2.179949e-02
8,5,7,4.931624e-02,2.614092e-02
9,5,7,5.051479e-02,3.323584e-02
10,5,7,5.146249e-02,4.002482e-02
11,5,7,5.092469e-02,3.603336e-02
12,5,7,5.331093e-02,5.696185e-02
13,5,7,5.024039e-02,3.147393e-02
14,5,7,4.763418e-02,1.847600e-02
15,5,7,4.688472e-02,1.576648e-02
1,6,7,5.373565e-02,6.166612e-02
2,6,7,5.218718e-02,4.603198e-02
3,6,7,4.945883e-02,2.690666e-02
4,6,7,4.706183e-02,1.637229e-02
5,6,7,5.133240e-02,3.902442e-02
6,6,7,5.496335e-02,7.729533e-02
7,6,7,5.061187e-02,3.388010e-02
8,6,7,4.989145e-02,2.935500e-02
9,6,7,4.897518e-02,2.438831e-02
10,6,7,4.878644e-02,2.346455e-02
11,6,7,4.827778e-02,2.112974e-02
12,6,7,5.328702e-02,5.670684e-02
13,6,7,5.325514e-02,5.636856e-02
14,6,7,4.850337e-02,2.213808e-02
15,6,7,4.877848e-02,2.342632e-02
1,7,7,5.354703e-02,5.953543e-02
2,7,7,5.241994e-02,4.812672e-02
3,7,7,4.894921e-02,2.425927e-02
4,7,7,4.709776e-02,1.649770e-02
5,7,7,5.328039e-02,5.663633e-02
6,7,7,5.579411e-02,8.980582e-02
7,7,7,5.258820e-02,4.969405e-02
8,7,7,4.918582e-02,2.545775e-02
9,7,7,4.964370e-02,2.792946e-02
10,7,7,5.044221e-02,3.276137e-02
11,7,7,4.993856e-02,2.963337e-02
12,7,7,4.919917e-02,2.552698e-02
13,7,7,4.843458e-02,2.182613e-02
14,7,7,4.465835e-02,9.692760e-03
15,7,7,4.537448e-02,1.136418e-02
1,8,7,5.249734e-02,4.884212e-02
2,8,7,5.133953e-02,3.907868e-02
3,8,7,5.069479e-02,3.443933e-02
4,8,7,5.381507e-02,6.258353e-02
5,8,7,5.609454e-02,9.476043e-02
6,8,7,5.341154e-02,5.804603e-02
7,8,7,5.408275e-02,6.576708e-02
8,8,7,5.118791e-02,3.793985e-02
9,8,7,5.138567e-02,3.943132e-02
10,8,7,4.810846e-02,2.040026e-02
11,8,7,4.962852e-02,2.784416e-02
12,8,7,4.814705e-02,2.056449e-02
13,8,7,4.875013e-02,2.329052e-02
14,8,7,4.537558e-02,1.136692e-02
15,8,7,4.557650e-02,1.188041e-02
1,9,7,5.211790e-02,4.542456e-02
2,9,7,5.025942e-02,3.159336e-02
3,9,7,5.032353e-02,3.199869e-02
4,9,7,5.093772e-02,3.612566e-02
5,9,7,5.031262e-02,3.192938e-02
6,9,7,4.896894e-02,2.435726e-02
7,9,7,4.770204e-02,1.874092e-02
8,9,7,4.983426e-02,2.902026e-02
9,9,7,4.923017e-02,2.568823e-02
10,9,7,5.045173e-02,3.282329e-02
11,9,7,4.980862e-02,2.887131e-02
12,9,7,5.120689e-02,3.808072e-02
13,9,7,5.069964e-02,3.447226e-02
14,9,7,4.735895e-02,1.743580e-02
15,9,7,4.924543e-02,2.576798e-02
1,10,7,5.155317e-02,4.073568e-02
2,10,7,4.968276e-02,2.815001e-02
3,10,7,5.181326e-02,4.283815e-02
4,10,7,5.170602e-02,4.195966e-02
5,10,7,5.334445e-02,5.732098e-02
6,10,7,4.919921e-02,2.552717e-02
7,10,7,4.903698e-02,2.469779e-02
8,10,7,5.282937e-02,5.202066e-02
9,10,7,4.717126e-02,1.675699e-02
10,10,7,4.887974e-02,2.391720e-02
11,10,7,4.808732e-02,2.031081e-02
12,10,7,5.241233e-02,4.805688e-02
13,10,7,4.921104e-02,2.558863e-02
14,10,7,4.955161e-02,2.741565e-02
15,10,7,5.226052e-02,4.668301e-02
1,11,7,4.818848e-02,2.074212e-02
2,11,7,5.056397e-02,3.356083e-02
3,11,7,5.286863e-02,5.240849e-02
4,11,7,5.416146e-02,6.673054e-02
5,11,7,5.347609e-02,5.875137e-02
6,11,7,4.887985e-02,2.391774e-02
7,11,7,4.586166e-02,1.264500e-02
8,11,7,4.977121e-02,2.865520e-02
9,11,7,4.574522e-02,1.232761e-02
10,11,7,5.043424e-02,3.270968e-02
11,11,7,5.371832e-02,6.146743e-02
12,11,7,5.192667e-02,4.378505e-02
13,11,7,5.030152e-02,3.185900e-02
14,11,7,5.577816e-02,8.954955e-02
15,11,7,5.298090e-02,5.353216e-02
1,12,7,4.494745e-02,1.033884e-02
2,12,7,5.163802e-02,4.141111e-02
3,12,7,5.331789e-02,5.703623e-02
4,12,7,5.083649e-02,3.541418e-02
5,12,7,4.942657e-02,2.673165e-02
6,12,7,4.895497e-02,2.428784e-02
7,12,7,4.781381e-02,1.918467e-02
8,12,7,4.534053e-02,1.127943e-02
9,12,7,4.733911e-02,1.736290e-02
10,12,7,4.985547e-02,2.914399e-02
11,12,7,5.260607e-02,4.986319e-02
12,12,7,5.179544e-02,4.269105e-02
13,12,7,5.404617e-02,6.532361e-02
14,12,7,5.771212e-02,1.259191e-01
15,12,7,5.974525e-02,1.780145e-01
1,13,7,4.789851e-02,1.952724e-02
2,13,7,4.940017e-02,2.658922e-02
3,13,7,5.094857e-02,3.620269e-02
4,13,7,4.826179e-02,2.105987e-02
5,13,7,5.045438e-02,3.284049e-02
6,13,7,5.386632e-02,6.318209e-02
7,13,7,4.989163e-02,2.935610e-02
8,13,7,4.754987e-02,1.815159e-02
9,13,7,4.744067e-02,1.773903e-02
10,13,7,4.509355e-02,1.067985e-02
11,13,7,5.137659e-02,3.936174e-02
12,13,7,4.985417e-02,2.913644e-02
13,13,7,5.027718e-02,3.170520e-02
14,13,7,5.080324e-02,3.518319e-02
15,13,7,5.777995e-02,1.274069e-01
1,14,7,5.067880e-02,3.433081e-02
2,14,7,5.054396e-02,3.342829e-02
3,14,7,5.087886e-02,3.571041e-02
4,14,7,5.226840e-02,4.675336e-02
5,14,7,5.062408e-02,3.396196e-02
6,14,7,5.140178e-02,3.955516e-02
7,14,7,5.094037e-02,3.614448e-02
8,14,7,4.870126e-02,2.305810e-02
9,14,7,4.549929e-02,1.168066e-02
10,14,7,4.804404e-02,2.012873e-02
11,14,7,4.805296e-02,2.016615e-02
12,14,7,5.056741e-02,3.358366e-02
13,14,7,5.048569e-02,3.304487e-02
14,14,7,5.341336e-02,5.806574e-02
15,14,7,6.057100e-02,2.042062e-01
1,15,7,5.442285e-02,7.002196e-02
2,15,7,5.857852e-02,1.461522e-01
3,15,7,5.666605e-02,1.048699e-01
4,15,7,5.854226e-02,1.452500e-01
5,15,7,5.483846e-02,7.555684e-02
6,15,7,5.184940e-02,4.313782e-02
7,15,7,4.921026e-02,2.558455e-02
8,15,7,5.136988e-02,3.931035e-02
9,15,7,4.986845e-02,2.922000e-02
10,15,7,5.199242e-02,4.434261e-02
11,15,7,5.128908e-02,3.869636e-02
12,15,7,5.229392e-02,4.698218e-02
13,15,7,5.337584e-02,5.765917e-02
14,15,7,5.658040e-02,1.032955e-01
15,15,7,5.880238e-02,1.518343e-01
1,1,8,4.859997e-02,2.258300e-02
2,1,8,5.277437e-02,5.148161e-02
3,1,8,4.524751e-02,1.105015e-02
4,1,8,4.531930e-02,1.122671e-02
5,1,8,4.384232e-02,8.060396e-03
6,1,8,4.731167e-02,1.726251e-02
7,1,8,4.607851e-02,1.325579e-02
8,1,8,4.711088e-02,1.654374e-02
9,1,8,4.914936e-02,2.526969e-02
10,1,8,5.313371e-02,5.509632e-02
11,1,8,5.450628e-02,7.110274e-02
12,1,8,5.515270e-02,7.999986e-02
13,1,8,5.801220e-02,1.326218e-01
14,1,8,5.214261e-02,4.564038e-02
15,1,8,5.288526e-02,5.257362e-02
1,2,8,4.779886e-02,1.912480e-02
2,2,8,4.852121e-02,2.221964e-02
3,2,8,4.712122e-02,1.658006e-02
4,2,8,4.668357e-02,1.510295e-02
5,2,8,4.505182e-02,1.058143e-02
6,2,8,4.331907e-02,7.148462e-03
7,2,8,4.522265e-02,1.098957e-02
8,2,8,4.300674e-02,6.649467e-03
9,2,8,4.578089e-02,1.242406e-02
10,2,8,4.970744e-02,2.829017e-02
11,2,8,4.884076e-02,2.372713e-02
12,2,8,5.608007e-02,9.451626e-02
13,2,8,5.377238e-02,6.208887e-02
14,2,8,5.208167e-02,4.510975e-02
15,2,8,4.973968e-02,2.847417e-02
1,3,8,4.890702e-02,2.405101e-02
2,3,8,5.060479e-02,3.383278e-02
3,3,8,5.005485e-02,3.033075e-02
4,3,8,4.341353e-02,7.305880e-03
5,3,8,4.235877e-02,5.712878e-03
6,3,8,4.242484e-02,5.802614e-03
7,3,8,4.461612e-02,9.601503e-03
8,3,8,4.405815e-02,8.466105e-03
9,3,8,4.897512e-02,2.438799e-02
10,3,8,5.250835e-02,4.894459e-02
11,3,8,4.990486e-02,2.943403e-02
12,3,8,5.262509e-02,5.004376e-02
13,3,8,5.349113e-02,5.891676e-02
14,3,8,4.929870e-02,2.604807e-02
15,3,8,4.673354e-02,1.526539e-02
1,4,8,4.729438e-02,1.719952e-02
2,4,8,4.939999e-02,2.658824e-02
3,4,8,4.859657e-02,2.256718e-02
4,4,8,4.100803e-02,4.131523e-03
5,4,8,4.105867e-02,4.182831e-03
6,4,8,4.600698e-02,1.305143e-02
7,4,8,4.562676e-02,1.201205e-02
8,4,8,4.657541e-02,1.475665e-02
9,4,8,4.966218e-02,2.803363e-02
10,4,8,5.921671e-02,1.628785e-01
11,4,8,5.341847e-02,5.812131e-02
12,4,8,5.745336e-02,1.203859e-01
13,4,8,5.609858e-02,9.482872e-02
14,4,8,4.916033e-02,2.532614e-02
15,4,8,4.677243e-02,1.539290e-02
1,5,8,4.762671e-02,1.844706e-02
2,5,8,4.827709e-02,2.112670e-02
3,5,8,4.847634e-02,2.201504e-02
4,5,8,4.495489e-02,1.035597e-02
5,5,8,4.346677e-02,7.395962e-03
6,5,8,4.347945e-02,7.417569e-03
7,5,8,4.760262e-02,1.835396e-02
8,5,8,4.775820e-02,1.896272e-02
9,5,8,4.797178e-02,1.982803e-02
10,5,8,5.483343e-02,7.548757e-02
11,5,8,5.518515e-02,8.047179e-02
12,5,8,5.790297e-02,1.301457e-01
13,5,8,4.984425e-02,2.907848e-02
14,5,8,4.766858e-02,1.860986e-02
15,5,8,4.500886e-02,1.048098e-02
1,6,8,4.846942e-02,2.198362e-02
2,6,8,4.432954e-02,9.002309e-03
3,6,8,4.429863e-02,8.939732e-03
4,6,8,4.552689e-02,1.175171e-02
5,6,8,4.458113e-02,9.526477e-03
6,6,8,4.373550e-02,7.866156e-03
7,6,8,4.889146e-02,2.397460e-02
8,6,8,5.029340e-02,3.180762e-02
9,6,8,4.836737e-02,2.152513e-02
10,6,8,5.185180e-02,4.315779e-02
11,6,8,4.994691e-02,2.968300e-02
12,6,8,5.164246e-02,4.144674e-02
13,6,8,4.595901e-02,1.291600e-02
14,6,8,4.841658e-02,2.174515e-02
15,6,8,4.869884e-02,2.304662e-02
1,7,8,5.095701e-02,3.626272e-02
2,7,8,4.533210e-02,1.125847e-02
3,7,8,4.358028e-02,7.591391e-03
4,7,8,4.335731e-02,7.211818e-03
5,7,8,4.761919e-02,1.841797e-02
6,7,8,4.777707e-02,1.903780e-02
7,7,8,4.850061e-02,2.212553e-02
8,7,8,4.781930e-02,1.920672e-02
9,7,8,4.947726e-02,2.700706e-02
10,7,8,4.917774e-02,2.541599e-02
11,7,8,5.287647e-02,5.248630e-02
12,7,8,4.909097e-02,2.497109e-02
13,7,8,4.401647e-02,8.386353e-03
14,7,8,4.617794e-02,1.354461e-02
15,7,8,4.596554e-02,1.293435e-02
1,8,8,5.203271e-02,4.468746e-02
2,8,8,4.931831e-02,2.615191e-02
3,8,8,4.819163e-02,2.075571e-02
4,8,8,5.166796e-02,4.165184e-02
5,8,8,4.832903e-02,2.135511e-02
6,8,8,4.886493e-02,2.384481e-02
7,8,8,4.745992e-02,1.781112e-02
8,8,8,4.597352e-02,1.295682e-02
9,8,8,5.049858e-02,3.312933e-02
10,8,8,4.656372e-02,1.471965e-02
11,8,8,4.581763e-02,1.252412e-02
12,8,8,4.644003e-02,1.433331e-02
13,8,8,4.723002e-02,1.696690e-02
14,8,8,4.916518e-02,2.535112e-02
15,8,8,4.620152e-02,1.361394e-02
1,9,8,5.198969e-02,4.431938e-02
2,9,8,5.152609e-02,4.052224e-02
3,9,8,5.462093e-02,7.261267e-02
4,9,8,5.438644e-02,6.955484e-02
5,9,8,5.329853e-02,5.682948e-02
6,9,8,4.884197e-02,2.373304e-02
7,9,8,4.877900e-02,2.342881e-02
8,9,8,4.442749e-02,9.203209e-03
9,9,8,5.216071e-02,4.579902e-02
10,9,8,5.038155e-02,3.236954e-02
11,9,8,4.639458e-02,1.419363e-02
12,9,8,4.625488e-02,1.377201e-02
13,9,8,4.961985e-02,2.779555e-02
14,9,8,4.981284e-02,2.889578e-02
15,9,8,4.454445e-02,9.448371e-03
1,10,8,5.228397e-02,4.689284e-02
2,10,8,4.854869e-02,2.234583e-02
3,10,8,5.225428e-02,4.662730e-02
4,10,8,5.179936e-02,4.272337e-02
5,10,8,5.200161e-02,4.442106e-02
6,10,8,4.962292e-02,2.781279e-02
7,10,8,4.968454e-02,2.816010e-02
8,10,8,5.143699e-02,3.982691e-02
9,10,8,4.965745e-02,2.800691e-02
10,10,8,4.960288e-02,2.770065e-02
11,10,8,5.140624e-02,3.958946e-02
12,10,8,4.760596e-02,1.836686e-02
13,10,8,4.773801e-02,1.888270e-02
14,10,8,4.711301e-02,1.655121e-02
15,10,8,4.427440e-02,8.890951e-03
1,11,8,5.117954e-02,3.787785e-02
2,11,8,5.198285e-02,4.426108e-02
3,11,8,4.830535e-02,2.125073e-02
4,11,8,5.193582e-02,4.386224e-02
5,11,8,5.728767e-02,1.169588e-01
6,11,8,5.328998e-02,5.673835e-02
7,11,8,5.386545e-02,6.317188e-02
8,11,8,5.274749e-02,5.121992e-02
9,11,8,4.980599e-02,2.885608e-02
10,11,8,4.992239e-02,2.953755e-02
11,11,8,5.209448e-02,4.522079e-02
12,11,8,5.405754e-02,6.546115e-02
13,11,8,4.802340e-02,2.004243e-02
14,11,8,4.851786e-02,2.220433e-02
15,11,8,4.875167e-02,2.329784e-02
1,12,8,4.770077e-02,1.873594e-02
2,12,8,5.117083e-02,3.781342e-02
3,12,8,4.839112e-02,2.163108e-02
4,12,8,5.344027e-02,5.835894e-02
5,12,8,5.659357e-02,1.035362e-01
6,12,8,5.680812e-02,1.075289e-01
7,12,8,5.443383e-02,7.016335e-02
8,12,8,5.410631e-02,6.605415e-02
9,12,8,5.044537e-02,3.278194e-02
10,12,8,5.244138e-02,4.832389e-02
11,12,8,5.061951e-02,3.393131e-02
12,12,8,4.902134e-02,2.461914e-02
13,12,8,4.734313e-02,1.737763e-02
14,12,8,4.979700e-02,2.880402e-02
15,12,8,5.156712e-02,4.084603e-02
1,13,8,5.111325e-02,3.739009e-02
2,13,8,4.693730e-02,1.594419e-02
3,13,8,4.807165e-02,2.024469e-02
4,13,8,5.538021e-02,8.336186e-02
5,13,8,5.649012e-02,1.016591e-01
6,13,8,5.462845e-02,7.271265e-02
7,13,8,5.532041e-02,8.246598e-02
8,13,8,5.496740e-02,7.735226e-02
9,13,8,4.914434e-02,2.524387e-02
10,13,8,5.013462e-02,3.081758e-02
11,13,8,4.665256e-02,1.500291e-02
12,13,8,4.440258e-02,9.151734e-03
13,13,8,4.656858e-02,1.473502e-02
14,13,8,5.357777e-02,5.987808e-02
15,13,8,5.641418e-02,1.003006e-01
1,14,8,5.535600e-02,8.299814e-02
2,14,8,5.089456e-02,3.582078e-02
3,14,8,4.839447e-02,2.164604e-02
4,14,8,5.299009e-02,5.362502e-02
5,14,8,5.334481e-02,5.732484e-02
6,14,8,5.392357e-02,6.385686e-02
7,14,8,6.227235e-02,2.693852e-01
8,14,8,5.643808e-02,1.007264e-01
9,14,8,5.122668e-02,3.822819e-02
10,14,8,5.118930e-02,3.795012e-02
11,14,8,5.076235e-02,3.490104e-02
12,14,8,4.621562e-02,1.365554e-02
13,14,8,5.196417e-02,4.410228e-02
14,14,8,5.358660e-02,5.997683e-02
15,14,8,5.537621e-02,8.330160e-02
1,15,8,5.354177e-02,5.947691e-02
2,15,8,4.887978e-02,2.391737e-02
3,15,8,5.385283e-02,6.302414e-02
4,15,8,5.366863e-02,6.090127e-02
5,15,8,5.459579e-02,7.227910e-02
6,15,8,5.848535e-02,1.438442e-01
7,15,8,5.713580e-02,1.138948e-01
8,15,8,4.988212e-02,2.930018e-02
9,15,8,5.570133e-02,8.832362e-02
10,15,8,5.224291e-02,4.652586e-02
11,15,8,5.259389e-02,4.974780e-02
12,15,8,4.998233e-02,2.989416e-02
13,15,8,5.335026e-02,5.738345e-02
14,15,8,5.263755e-02,5.016234e-02
15,15,8,5.471593e-02,7.388542e-02
1,1,9,4.728947e-02,1.718170e-02
2,1,9,4.692316e-02,1.589620e-02
3,1,9,4.745172e-02,1.778038e-02
4,1,9,4.186730e-02,5.083590e-03
5,1,9,4.752252e-02,1.804745e-02
6,1,9,4.748733e-02,1.791424e-02
7,1,9,4.636263e-02,1.409620e-02
8,1,9,4.448505e-02,9.323132e-03
9,1,9,4.784538e-02,1.931173e-02
10,1,9,5.087681e-02,3.569602e-02
11,1,9,5.154434e-02,4.066595e-02
12,1,9,5.321761e-02,5.597252e-02
13,1,9,5.152537e-02,4.051656e-02
14,1,9,4.958904e-02,2.762349e-02
15,1,9,5.252739e-02,4.912238e-02
1,2,9,4.240931e-02,5.781404e-03
2,2,9,4.376249e-02,7.914835e-03
3,2,9,4.350708e-02,7.464843e-03
4,2,9,4.338081e-02,7.250990e-03
5,2,9,4.421466e-02,8.771707e-03
6,2,9,4.696349e-02,1.603336e-02
7,2,9,4.666667e-02,1.504836e-02
8,2,9,4.523964e-02,1.103095e-02
9,2,9,4.659335e-02,1.481359e-02
10,2,9,5.181450e-02,4.284837e-02
11,2,9,4.993746e-02,2.962687e-02
12,2,9,5.308488e-02,5.459208e-02
13,2,9,5.070819e-02,3.453048e-02
14,2,9,4.907214e-02,2.487548e-02
15,2,9,4.406860e-02,8.486217e-03
1,3,9,4.548758e-02,1.165064e-02
2,3,9,4.646763e-02,1.441871e-02
3,3,9,4.502125e-02,1.050987e-02
4,3,9,4.476324e-02,9.922844e-03
5,3,9,4.522908e-02,1.100522e-02
6,3,9,4.837785e-02,2.157184e-02
7,3,9,4.736791e-02,1.746882e-02
8,3,9,4.753597e-02,1.809858e-02
9,3,9,4.807044e-02,2.023961e-02
10,3,9,4.775980e-02,1.896909e-02
11,3,9,5.392304e-02,6.385056e-02
12,3,9,5.387794e-02,6.331853e-02
13,3,9,4.711678e-02,1.656446e-02
14,3,9,4.676297e-02,1.536179e-02
15,3,9,4.628036e-02,1.384804e-02
1,4,9,4.541190e-02,1.145825e-02
2,4,9,4.529489e-02,1.116641e-02
3,4,9,4.245550e-02,5.844683e-03
4,4,9,4.432305e-02,8.989122e-03
5,4,9,4.474811e-02,9.889364e-03
6,4,9,4.539349e-02,1.141187e-02
7,4,9,5.073542e-02,3.471634e-02
8,4,9,5.015374e-02,3.093528e-02
9,4,9,5.073291e-02,3.469913e-02
10,4,9,5.099148e-02,3.650880e-02
11,4,9,5.136271e-02,3.925549e-02
12,4,9,4.610039e-02,1.331886e-02
13,4,9,4.538004e-02,1.137810e-02
14,4,9,4.735861e-02,1.743455e-02
15,4,9,4.659067e-02,1.480509e-02
1,5,9,4.719788e-02,1.685179e-02
2,5,9,4.787591e-02,1.943530e-02
3,5,9,4.610244e-02,1.332479e-02
4,5,9,4.284499e-02,6.403560e-03
5,5,9,4.488797e-02,1.020284e-02
6,5,9,4.442667e-02,9.201496e-03
7,5,9,4.110145e-02,4.226616e-03
8,5,9,4.593952e-02,1.286132e-02
9,5,9,5.663101e-02,1.042232e-01
10,5,9,5.060726e-02,3.384929e-02
11,5,9,5.161679e-02,4.124117e-02
12,5,9,4.787596e-02,1.943550e-02
13,5,9,4.526810e-02,1.110054e-02
14,5,9,4.651883e-02,1.457837e-02
15,5,9,4.463456e-02,9.641254e-03
1,6,9,4.741153e-02,1.763034e-02
2,6,9,4.635886e-02,1.408473e-02
3,6,9,4.588547e-02,1.271080e-02
4,6,9,4.236868e-02,5.726254e-03
5,6,9,4.457592e-02,9.515341e-03
6,6,9,4.380821e-02,7.997911e-03
7,6,9,4.657837e-02,1.476604e-02
8,6,9,5.071100e-02,3.454958e-02
9,6,9,5.199549e-02,4.436880e-02
10,6,9,5.498821e-02,7.764563e-02
11,6,9,4.419467e-02,8.732128e-03
12,6,9,4.632266e-02,1.397513e-02
13,6,9,4.511453e-02,1.072965e-02
14,6,9,4.692844e-02,1.591411e-02
15,6,9,4.897340e-02,2.437944e-02
1,7,9,5.347746e-02,5.876641e-02
2,7,9,4.951969e-02,2.723958e-02
3,7,9,4.741127e-02,1.762937e-02
4,7,9,4.383221e-02,8.041835e-03
5,7,9,4.719815e-02,1.685275e-02
6,7,9,4.870358e-02,2.306908e-02
7,7,9,4.678962e-02,1.544956e-02
8,7,9,5.038261e-02,3.237638e-02
9,7,9,4.722870e-02,1.696214e-02
10,7,9,5.105466e-02,3.696367e-02
11,7,9,4.845292e-02,2.190892e-02
12,7,9,4.500100e-02,1.046267e-02
13,7,9,4.275052e-02,6.263765e-03
14,7,9,4.569247e-02,1.218618e-02
15,7,9,4.588715e-02,1.271547e-02
1,8,9,5.662773e-02,1.041629e-01
2,8,9,5.117359e-02,3.783384e-02
3,8,9,5.080764e-02,3.521370e-02
4,8,9,5.094698e-02,3.619140e-02
5,8,9,5.462766e-02,7.270212e-02
6,8,9,5.193783e-02,4.387928e-02
7,8,9,5.108478e-02,3.718235e-02
8,8,9,5.556862e-02,8.624168e-02
9,8,9,5.152859e-02,4.054188e-02
10,8,9,5.327290e-02,5.655675e-02
11,8,9,5.210920e-02,4.534877e-02
12,8,9,4.714300e-02,1.665687e-02
13,8,9,4.661039e-02,1.486788e-02
14,8,9,4.696316e-02,1.603226e-02
15,8,9,4.596232e-02,1.292529e-02
1,9,9,5.599547e-02,9.310003e-02
2,9,9,5.408339e-02,6.577490e-02
3,9,9,5.288641e-02,5.258505e-02
4,9,9,5.577686e-02,8.952864e-02
5,9,9,5.437952e-02,6.946636e-02
6,9,9,5.487605e-02,7.607637e-02
7,9,9,5.609093e-02,9.469950e-02
8,9,9,5.663368e-02,1.042723e-01
9,9,9,5.657302e-02,1.031608e-01
10,9,9,5.562889e-02,8.718161e-02
11,9,9,4.766548e-02,1.859777e-02
12,9,9,4.224276e-02,5.558323e-03
13,9,9,4.620347e-02,1.361970e-02
14,9,9,4.720191e-02,1.686620e-02
15,9,9,4.885628e-02,2.380264e-02
1,10,9,5.569147e-02,8.816747e-02
2,10,9,5.614660e-02,9.564351e-02
3,10,9,5.699212e-02,1.110629e-01
4,10,9,5.751800e-02,1.217472e-01
5,10,9,5.489001e-02,7.627004e-02
6,10,9,5.345611e-02,5.853220e-02
7,10,9,5.572892e-02,8.876212e-02
8,10,9,5.383470e-02,6.281220e-02
9,10,9,5.417957e-02,6.695399e-02
10,10,9,5.294678e-02,5.318839e-02
11,10,9,4.863119e-02,2.272847e-02
12,10,9,5.064095e-02,3.407528e-02
13,10,9,4.892288e-02,2.412912e-02
14,10,9,4.808041e-02,2.028163e-02
15,10,9,4.873256e-02,2.320672e-02
1,11,9,5.366051e-02,6.080922e-02
2,11,9,5.810255e-02,1.347017e-01
3,11,9,5.698506e-02,1.109255e-01
4,11,9,5.564242e-02,8.739398e-02
5,11,9,5.957819e-02,1.730989e-01
6,11,9,5.350133e-02,5.902919e-02
7,11,9,5.401101e-02,6.489990e-02
8,11,9,5.511582e-02,7.946654e-02
9,11,9,5.537718e-02,8.331627e-02
10,11,9,5.395179e-02,6.419183e-02
11,11,9,5.130790e-02,3.883863e-02
12,11,9,4.925750e-02,2.583122e-02
13,11,9,5.259087e-02,4.971925e-02
14,11,9,5.308381e-02,5.458110e-02
15,11,9,5.078208e-02,3.503690e-02
1,12,9,5.702323e-02,1.116708e-01
2,12,9,5.778338e-02,1.274825e-01
3,12,9,5.527605e-02,8.180718e-02
4,12,9,5.699582e-02,1.111352e-01
5,12,9,5.920545e-02,1.625691e-01
6,12,9,5.599430e-02,9.308058e-02
7,12,9,5.270367e-02,5.079604e-02
8,12,9,5.296957e-02,5.341779e-02
9,12,9,5.568918e-02,8.813109e-02
10,12,9,5.502821e-02,7.821235e-02
11,12,9,5.255869e-02,4.941588e-02
12,12,9,5.186268e-02,4.324851e-02
13,12,9,5.377576e-02,6.212788e-02
14,12,9,5.259863e-02,4.979269e-02
15,12,9,5.624409e-02,9.731724e-02
1,13,9,5.656850e-02,1.030784e-01
2,13,9,5.302138e-02,5.394257e-02
3,13,9,5.216000e-02,4.579278e-02
4,13,9,5.624931e-02,9.740772e-02
5,13,9,6.099441e-02,2.189384e-01
6,13,9,5.788705e-02,1.297883e-01
7,13,9,5.652743e-02,1.023325e-01
8,13,9,5.451950e-02,7.127549e-02
9,13,9,5.751698e-02,1.217256e-01
10,13,9,5.211080e-02,4.536264e-02
11,13,9,5.540738e-02,8.377178e-02
12,13,9,5.133388e-02,3.903570e-02
13,13,9,5.400896e-02,6.487527e-02
14,13,9,5.879168e-02,1.515583e-01
15,13,9,6.079458e-02,2.118702e-01
1,14,9,5.826360e-02,1.384823e-01
2,14,9,5.340339e-02,5.795751e-02
3,14,9,5.244746e-02,4.837998e-02
4,14,9,5.355467e-02,5.962043e-02
5,14,9,5.540291e-02,8.370416e-02
6,14,9,5.661934e-02,1.040087e-01
7,14,9,5.781121e-02,1.280979e-01
8,14,9,5.914988e-02,1.610496e-01
9,14,9,5.538936e-02,8.349965e-02
10,14,9,5.141936e-02,3.969061e-02
11,14,9,4.881391e-02,2.359703e-02
12,14,9,4.895986e-02,2.431212e-02
13,14,9,5.323380e-02,5.614302e-02
14,14,9,5.542550e-02,8.404606e-02
15,14,9,5.731359e-02,1.174890e-01
1,15,9,5.604974e-02,9.400632e-02
2,15,9,5.577642e-02,8.952154e-02
3,15,9,5.605052e-02,9.401939e-02
4,15,9,5.491210e-02,7.657755e-02
5,15,9,5.823818e-02,1.378793e-01
6,15,9,5.814680e-02,1.357312e-01
7,15,9,5.648268e-02,1.015252e-01
8,15,9,5.868422e-02,1.488108e-01
9,15,9,5.505530e-02,7.859813e-02
10,15,9,5.424246e-02,6.773528e-02
11,15,9,5.329005e-02,5.673911e-02
12,15,9,4.824852e-02,2.100201e-02
13,15,9,5.127934e-02,3.862293e-02
14,15,9,5.567567e-02,8.791758e-02
15,15,9,5.177098e-02,4.248982e-02
1,1,10,4.335067e-02,7.200781e-03
2,1,10,4.536037e-02,1.132890e-02
3,1,10,4.358686e-02,7.602869e-03
4,1,10,4.117044e-02,4.298101e-03
5,1,10,4.312457e-02,6.833909e-03
6,1,10,4.406087e-02,8.471329e-03
7,1,10,4.004968e-02,3.261461e-03
8,1,10,3.927996e-02,2.686155e-03
9,1,10,4.460326e-02,9.573867e-03
10,1,10,4.857482e-02,2.246640e-02
11,1,10,4.768864e-02,1.868835e-02
12,1,10,4.635256e-02,1.406561e-02
13,1,10,4.379376e-02,7.971558e-03
14,1,10,4.600159e-02,1.303616e-02
15,1,10,4.887044e-02,2.387172e-02
1,2,10,4.350027e-02,7.453164e-03
2,2,10,4.582600e-02,1.254701e-02
3,2,10,4.458511e-02,9.534975e-03
4,2,10,4.271802e-02,6.216306e-03
5,2,10,3.987323e-02,3.120578e-03
6,2,10,4.374979e-02,7.891891e-03
7,2,10,4.357337e-02,7.579361e-03
8,2,10,4.422978e-02,8.801759e-03
9,2,10,4.671675e-02,1.521064e-02
10,2,10,4.801668e-02,2.001439e-02
11,2,10,4.822192e-02,2.088654e-02
12,2,10,4.673197e-02,1.526027e-02
13,2,10,4.202821e-02,5.282387e-03
14,2,10,4.906621e-02,2.484541e-02
15,2,10,4.885753e-02,2.380874e-02
1,3,10,4.266098e-02,6.133797e-03
2,3,10,4.683029e-02,1.558439e-02
3,3,10,4.711819e-02,1.656942e-02
4,3,10,4.363066e-02,7.679611e-03
5,3,10,4.358800e-02,7.604853e-03
6,3,10,4.698596e-02,1.611024e-02
7,3,10,4.250802e-02,5.917391e-03
8,3,10,4.502353e-02,1.051519e-02
9,3,10,4.715636e-02,1.670412e-02
10,3,10,4.760257e-02,1.835375e-02
11,3,10,5.104249e-02,3.687565e-02
12,3,10,4.661323e-02,1.487693e-02
13,3,10,4.248906e-02,5.891048e-03
14,3,10,4.355244e-02,7.543026e-03
15,3,10,5.262868e-02,5.007793e-02
1,4,10,4.487695e-02,1.017781e-02
2,4,10,4.183128e-02,5.040031e-03
3,4,10,4.565874e-02,1.209653e-02
4,4,10,4.352961e-02,7.503591e-03
5,4,10,4.882362e-02,2.364402e-02
6,4,10,4.457700e-02,9.517645e-03
7,4,10,4.516528e-02,1.085095e-02
8,4,10,5.081531e-02,3.526685e-02
9,4,10,4.964252e-02,2.792283e-02
10,4,10,5.057901e-02,3.366079e-02
11,4,10,4.789773e-02,1.952409e-02
12,4,10,4.125474e-02,4.386916e-03
13,4,10,4.150728e-02,4.662979e-03
14,4,10,4.297795e-02,6.605079e-03
15,4,10,4.790468e-02,1.955243e-02
1,5,10,4.642660e-02,1.429191e-02
2,5,10,4.369678e-02,7.796786e-03
3,5,10,4.391585e-02,8.196611e-03
4,5,10,4.562378e-02,1.200421e-02
5,5,10,4.668128e-02,1.509555e-02
6,5,10,4.509873e-02,1.069214e-02
7,5,10,4.763821e-02,1.849165e-02
8,5,10,5.096022e-02,3.628558e-02
9,5,10,5.615668e-02,9.581548e-02
10,5,10,5.062052e-02,3.393808e-02
11,5,10,4.416804e-02,8.679646e-03
12,5,10,4.551929e-02,1.173210e-02
13,5,10,4.613189e-02,1.341016e-02
14,5,10,4.691430e-02,1.586621e-02
15,5,10,5.025785e-02,3.158353e-02
1,6,10,4.974465e-02,2.850265e-02
2,6,10,4.919446e-02,2.550251e-02
3,6,10,5.174757e-02,4.229812e-02
4,6,10,4.958471e-02,2.759934e-02
5,6,10,4.882016e-02,2.362724e-02
6,6,10,4.688188e-02,1.575692e-02
7,6,10,5.030439e-02,3.187720e-02
8,6,10,5.162308e-02,4.129149e-02
9,6,10,5.059459e-02,3.376461e-02
10,6,10,5.244504e-02,4.835768e-02
11,6,10,5.147059e-02,4.008785e-02
12,6,10,4.918458e-02,2.545137e-02
13,6,10,4.634223e-02,1.403430e-02
14,6,10,4.750352e-02,1.797541e-02
15,6,10,4.932103e-02,2.616632e-02
1,7,10,5.110938e-02,3.736175e-02
2,7,10,5.230541e-02,4.708553e-02
3,7,10,5.600781e-02,9.330555e-02
4,7,10,5.570272e-02,8.834574e-02
5,7,10,5.517570e-02,8.033407e-02
6,7,10,5.167197e-02,4.168418e-02
7,7,10,5.348045e-02,5.879925e-02
8,7,10,5.159125e-02,4.103757e-02
9,7,10,5.589315e-02,9.141281e-02
10,7,10,5.060611e-02,3.384161e-02
11,7,10,5.080977e-02,3.522847e-02
12,7,10,4.620992e-02,1.363872e-02
13,7,10,4.470752e-02,9.800020e-03
14,7,10,4.633602e-02,1.401550e-02
15,7,10,4.782625e-02,1.923466e-02
1,8,10,4.762740e-02,1.844974e-02
2,8,10,5.244586e-02,4.836526e-02
3,8,10,5.123453e-02,3.828680e-02
4,8,10,5.403462e-02,6.518421e-02
5,8,10,6.124366e-02,2.280512e-01
6,8,10,5.507055e-02,7.881620e-02
7,8,10,5.672054e-02,1.058827e-01
8,8,10,5.481945e-02,7.529534e-02
9,8,10,5.380381e-02,6.245274e-02
10,8,10,5.234350e-02,4.742954e-02
11,8,10,4.642740e-02,1.429435e-02
12,8,10,4.560680e-02,1.195962e-02
13,8,10,4.685365e-02,1.566230e-02
14,8,10,5.231367e-02,4.715993e-02
15,8,10,5.315841e-02,5.535295e-02
1,9,10,4.652684e-02,1.460350e-02
2,9,10,4.764068e-02,1.850125e-02
3,9,10,5.130443e-02,3.881236e-02
4,9,10,5.410193e-02,6.600069e-02
5,9,10,5.444129e-02,7.025949e-02
6,9,10,5.576318e-02,8.930922e-02
7,9,10,5.974071e-02,1.778790e-01
8,9,10,5.868455e-02,1.488192e-01
9,9,10,5.458938e-02,7.219428e-02
10,9,10,5.490023e-02,7.641226e-02
11,9,10,5.338231e-02,5.772909e-02
12,9,10,5.082148e-02,3.530971e-02
13,9,10,5.526154e-02,8.159272e-02
14,9,10,5.375856e-02,6.192944e-02
15,9,10,5.179588e-02,4.269463e-02
1,10,10,4.709682e-02,1.649443e-02
2,10,10,5.031012e-02,3.191354e-02
3,10,10,4.986572e-02,2.920399e-02
4,10,10,5.636441e-02,9.941934e-02
5,10,10,5.483314e-02,7.548355e-02
6,10,10,6.048470e-02,2.013150e-01
7,10,10,6.329973e-02,3.172777e-01
8,10,10,5.928533e-02,1.647759e-01
9,10,10,5.725664e-02,1.163268e-01
10,10,10,5.285962e-02,5.231924e-02
11,10,10,5.207127e-02,4.501977e-02
12,10,10,5.226723e-02,4.674294e-02
13,10,10,4.798172e-02,1.986916e-02
14,10,10,5.379092e-02,6.230325e-02
15,10,10,5.391088e-02,6.370672e-02
1,11,10,5.025756e-02,3.158170e-02
2,11,10,4.960102e-02,2.769025e-02
3,11,10,5.134207e-02,3.909807e-02
4,11,10,5.655083e-02,1.027569e-01
5,11,10,5.463518e-02,7.280232e-02
6,11,10,5.532255e-02,8.249800e-02
7,11,10,6.190609e-02,2.539538e-01
8,11,10,6.208774e-02,2.615050e-01
9,11,10,5.855117e-02,1.454711e-01
10,11,10,5.859259e-02,1.465035e-01
11,11,10,5.721822e-02,1.155486e-01
12,11,10,5.159517e-02,4.106878e-02
13,11,10,4.927018e-02,2.589777e-02
14,11,10,5.276530e-02,5.139321e-02
15,11,10,5.467854e-02,7.338211e-02
1,12,10,5.104228e-02,3.687412e-02
2,12,10,5.161620e-02,4.123644e-02
3,12,10,4.988338e-02,2.930758e-02
4,12,10,5.471306e-02,7.384676e-02
5,12,10,5.207990e-02,4.509439e-02
6,12,10,5.794205e-02,1.310267e-01
7,12,10,5.784641e-02,1.288800e-01
8,12,10,5.728938e-02,1.169937e-01
9,12,10,5.835811e-02,1.407451e-01
10,12,10,5.991036e-02,1.829956e-01
11,12,10,5.971082e-02,1.769913e-01
12,12,10,5.642472e-02,1.004883e-01
13,12,10,5.101995e-02,3.671312e-02
14,12,10,5.397250e-02,6.443868e-02
15,12,10,6.022808e-02,1.929350e-01
1,13,10,4.967004e-02,2.807801e-02
2,13,10,5.228934e-02,4.694109e-02
3,13,10,5.070291e-02,3.449449e-02
4,13,10,5.341591e-02,5.809347e-02
5,13,10,5.297713e-02,5.349408e-02
6,13,10,5.771740e-02,1.260343e-01
7,13,10,5.640211e-02,1.000863e-01
8,13,10,5.152854e-02,4.054148e-02
9,13,10,5.870696e-02,1.493885e-01
10,13,10,6.562033e-02,4.547844e-01
11,13,10,5.661312e-02,1.038943e-01
12,13,10,5.318189e-02,5.559796e-02
13,13,10,4.833934e-02,2.140073e-02
14,13,10,5.066375e-02,3.422900e-02
15,13,10,5.271958e-02,5.094954e-02
1,14,10,5.787839e-02,1.295942e-01
2,14,10,4.996041e-02,2.976328e-02
3,14,10,5.381325e-02,6.256235e-02
4,14,10,5.307010e-02,5.444023e-02
5,14,10,5.308991e-02,5.464387e-02
6,14,10,5.490713e-02,7.650830e-02
7,14,10,6.119569e-02,2.262712e-01
8,14,10,5.781827e-02,1.282543e-01
9,14,10,5.561670e-02,8.699075e-02
10,14,10,5.755609e-02,1.225559e-01
11,14,10,5.090768e-02,3.591318e-02
12,14,10,4.905373e-02,2.478230e-02
13,14,10,4.920612e-02,2.556301e-02
14,14,10,5.231406e-02,4.716347e-02
15,14,10,5.447210e-02,7.065817e-02
1,15,10,5.760868e-02,1.236803e-01
2,15,10,5.221042e-02,4.623741e-02
3,15,10,4.961027e-02,2.774195e-02
4,15,10,5.209944e-02,4.526392e-02
5,15,10,5.409156e-02,6.587433e-02
6,15,10,5.639587e-02,9.997566e-02
7,15,10,5.858783e-02,1.463847e-01
8,15,10,5.730997e-02,1.174149e-01
9,15,10,5.695760e-02,1.103922e-01
10,15,10,5.505927e-02,7.865484e-02
11,15,10,4.913765e-02,2.520953e-02
12,15,10,4.824990e-02,2.100803e-02
13,15,10,4.937353e-02,2.644617e-02
14,15,10,4.867434e-02,2.293097e-02
15,15,10,5.169076e-02,4.183601e-02
1,1,11,4.652644e-02,1.460224e-02
2,1,11,4.355687e-02,7.550705e-03
3,1,11,4.213767e-02,5.421583e-03
4,1,11,4.147759e-02,4.629735e-03
5,1,11,4.190892e-02,5.134357e-03
6,1,11,4.227198e-02,5.596901e-03
7,1,11,4.267283e-02,6.150856e-03
8,1,11,4.360504e-02,7.634625e-03
9,1,11,4.377379e-02,7.935290e-03
10,1,11,4.687326e-02,1.572798e-02
11,1,11,4.517918e-02,1.088440e-02
12,1,11,4.195258e-02,5.188093e-03
13,1,11,4.251373e-02,5.925337e-03
14,1,11,4.364365e-02,7.702497e-03
15,1,11,4.799563e-02,1.992684e-02
1,2,11,4.629442e-02,1.389017e-02
2,2,11,4.364551e-02,7.705790e-03
3,2,11,4.108535e-02,4.210086e-03
4,2,11,3.845361e-02,2.171663e-03
5,2,11,4.322149e-02,6.989062e-03
6,2,11,4.576833e-02,1.239002e-02
7,2,11,4.556793e-02,1.185806e-02
8,2,11,4.806254e-02,2.020638e-02
9,2,11,4.710316e-02,1.651664e-02
10,2,11,4.759579e-02,1.832763e-02
11,2,11,4.612238e-02,1.338253e-02
12,2,11,4.434253e-02,9.028706e-03
13,2,11,4.208577e-02,5.355181e-03
14,2,11,4.663451e-02,1.494498e-02
15,2,11,4.766766e-02,1.860628e-02
1,3,11,4.719844e-02,1.685378e-02
2,3,11,4.385998e-02,8.092925e-03
3,3,11,4.245712e-02,5.846913e-03
4,3,11,4.354350e-02,7.527565e-03
5,3,11,4.405558e-02,8.461174e-03
6,3,11,4.432371e-02,8.990459e-03
7,3,11,4.915505e-02,2.529898e-02
8,3,11,5.136692e-02,3.928770e-02
9,3,11,4.682534e-02,1.556790e-02
10,3,11,4.557763e-02,1.188335e-02
11,3,11,4.223199e-02,5.544169e-03
12,3,11,4.192977e-02,5.159956e-03
13,3,11,4.386004e-02,8.093027e-03
14,3,11,5.137485e-02,3.934842e-02
15,3,11,4.907709e-02,2.490058e-02
1,4,11,4.575492e-02,1.235376e-02
2,4,11,4.024192e-02,3.421433e-03
3,4,11,4.446601e-02,9.283315e-03
4,4,11,4.623220e-02,1.370461e-02
5,4,11,5.082706e-02,3.534852e-02
6,4,11,4.486389e-02,1.014824e-02
7,4,11,5.202962e-02,4.466089e-02
8,4,11,5.037157e-02,3.230545e-02
9,4,11,4.829879e-02,2.122186e-02
10,4,11,4.510395e-02,1.070452e-02
11,4,11,4.490182e-02,1.023435e-02
12,4,11,4.370810e-02,7.817003e-03
13,4,11,4.902699e-02,2.464752e-02
14,4,11,4.770246e-02,1.874256e-02
15,4,11,4.801935e-02,2.002555e-02
1,5,11,4.251720e-02,5.930184e-03
2,5,11,4.294961e-02,6.561662e-03
3,5,11,4.476081e-02,9.917467e-03
4,5,11,4.895699e-02,2.429785e-02
5,5,11,5.140895e-02,3.961038e-02
6,5,11,4.918705e-02,2.546413e-02
7,5,11,4.795536e-02,1.976027e-02
8,5,11,5.012343e-02,3.074889e-02
9,5,11,5.136035e-02,3.923748e-02
10,5,11,4.704297e-02,1.630679e-02
11,5,11,4.488709e-02,1.020084e-02
12,5,11,4.567160e-02,1.213064e-02
13,5,11,5.052802e-02,3.332298e-02
14,5,11,5.028636e-02,3.176312e-02
15,5,11,5.031188e-02,3.192471e-02
1,6,11,4.554372e-02,1.179524e-02
2,6,11,4.327220e-02,7.071498e-03
3,6,11,4.613480e-02,1.341860e-02
4,6,11,5.318564e-02,5.563718e-02
5,6,11,4.763111e-02,1.846411e-02
6,6,11,4.886026e-02,2.382202e-02
7,6,11,5.004596e-02,3.027693e-02
8,6,11,5.181894e-02,4.288507e-02
9,6,11,5.067425e-02,3.430005e-02
10,6,11,5.061282e-02,3.388649e-02
11,6,11,4.423812e-02,8.818363e-03
12,6,11,4.510894e-02,1.071636e-02
13,6,11,5.221379e-02,4.626725e-02
14,6,11,5.370727e-02,6.134119e-02
15,6,11,5.401847e-02,6.498956e-02
1,7,11,5.298647e-02,5.358841e-02
2,7,11,5.069157e-02,3.441746e-02
3,7,11,4.769261e-02,1.870391e-02
4,7,11,5.098641e-02,3.647248e-02
5,7,11,4.861731e-02,2.266367e-02
6,7,11,5.157479e-02,4.090683e-02
7,7,11,5.351939e-02,5.922882e-02
8,7,11,5.654022e-02,1.025642e-01
9,7,11,5.171129e-02,4.200250e-02
10,7,11,5.392833e-02,6.391328e-02
11,7,11,5.158674e-02,4.100175e-02
12,7,11,4.858735e-02,2.252440e-02
13,7,11,4.699997e-02,1.615834e-02
14,7,11,5.256059e-02,4.943372e-02
15,7,11,5.267407e-02,5.051142e-02
1,8,11,5.042182e-02,3.262919e-02
2,8,11,5.518192e-02,8.042472e-02
3,8,11,4.912712e-02,2.515557e-02
4,8,11,4.937691e-02,2.646428e-02
5,8,11,5.218406e-02,4.600446e-02
6,8,11,5.310912e-02,5.484191e-02
7,8,11,5.344722e-02,5.843494e-02
8,8,11,5.768321e-02,1.252896e-01
9,8,11,5.735488e-02,1.183382e-01
10,8,11,5.539100e-02,8.352433e-02
11,8,11,5.535552e-02,8.299087e-02
12,8,11,4.811116e-02,2.041170e-02
13,8,11,5.209924e-02,4.526211e-02
14,8,11,4.921541e-02,2.561136e-02
15,8,11,5.358167e-02,5.992161e-02
1,9,11,4.840140e-02,2.167706e-02
2,9,11,5.080791e-02,3.521556e-02
3,9,11,5.415278e-02,6.662368e-02
4,9,11,5.166818e-02,4.165364e-02
5,9,11,5.255209e-02,4.935391e-02
6,9,11,5.488202e-02,7.615922e-02
7,9,11,5.827646e-02,1.387884e-01
8,9,11,5.516489e-02,8.017685e-02
9,9,11,5.773054e-02,1.263214e-01
10,9,11,5.629443e-02,9.819184e-02
11,9,11,5.223631e-02,4.646712e-02
12,9,11,4.767424e-02,1.863198e-02
13,9,11,4.876419e-02,2.335778e-02
14,9,11,5.230292e-02,4.706310e-02
15,9,11,5.370464e-02,6.131116e-02
1,10,11,5.039576e-02,3.246097e-02
2,10,11,4.712955e-02,1.660942e-02
3,10,11,5.091930e-02,3.599525e-02
4,10,11,5.360082e-02,6.013611e-02
5,10,11,5.555103e-02,8.596912e-02
6,10,11,6.038988e-02,1.981813e-01
7,10,11,5.692902e-02,1.098395e-01
8,10,11,5.843894e-02,1.427067e-01
9,10,11,5.518767e-02,8.050850e-02
10,10,11,5.622287e-02,9.695080e-02
11,10,11,4.971287e-02,2.832104e-02
12,10,11,4.873403e-02,2.321368e-02
13,10,11,4.942255e-02,2.670990e-02
14,10,11,5.161494e-02,4.122643e-02
15,10,11,5.253863e-02,4.922764e-02
1,11,11,4.757104e-02,1.823254e-02
2,11,11,4.566149e-02,1.210381e-02
3,11,11,4.969849e-02,2.823923e-02
4,11,11,5.076991e-02,3.495306e-02
5,11,11,5.423816e-02,6.768156e-02
6,11,11,6.167190e-02,2.445088e-01
7,11,11,5.956440e-02,1.726988e-01
8,11,11,5.711682e-02,1.135171e-01
9,11,11,6.075619e-02,2.105362e-01
10,11,11,5.789185e-02,1.298959e-01
11,11,11,5.031999e-02,3.197616e-02
12,11,11,5.016865e-02,3.102738e-02
13,11,11,5.077569e-02,3.499284e-02
14,11,11,5.615680e-02,9.581740e-02
15,11,11,5.194741e-02,4.396029e-02
1,12,11,5.225323e-02,4.661787e-02
2,12,11,5.210039e-02,4.527214e-02
3,12,11,5.271936e-02,5.094741e-02
4,12,11,5.423753e-02,6.767376e-02
5,12,11,5.645698e-02,1.010642e-01
6,12,11,5.811377e-02,1.349621e-01
7,12,11,5.676005e-02,1.066225e-01
8,12,11,5.432822e-02,6.881392e-02
9,12,11,5.502256e-02,7.813204e-02
10,12,11,5.491139e-02,7.656770e-02
11,12,11,5.396316e-02,6.432721e-02
12,12,11,5.281099e-02,5.183990e-02
13,12,11,4.969243e-02,2.820481e-02
14,12,11,5.271945e-02,5.094836e-02
15,12,11,5.355523e-02,5.962664e-02
1,13,11,5.124194e-02,3.834220e-02
2,13,11,5.445531e-02,7.044071e-02
3,13,11,5.624573e-02,9.734565e-02
4,13,11,5.644430e-02,1.008375e-01
5,13,11,5.855654e-02,1.456047e-01
6,13,11,5.700566e-02,1.113270e-01
7,13,11,5.918475e-02,1.620016e-01
8,13,11,5.442034e-02,6.998964e-02
9,13,11,5.488714e-02,7.623029e-02
10,13,11,5.691180e-02,1.095076e-01
11,13,11,5.655248e-02,1.027869e-01
12,13,11,5.391692e-02,6.377815e-02
13,13,11,5.390949e-02,6.369033e-02
14,13,11,5.301519e-02,5.387957e-02
15,13,11,5.381465e-02,6.257865e-02
1,14,11,5.016684e-02,3.101623e-02
2,14,11,5.485947e-02,7.584680e-02
3,14,11,6.098344e-02,2.185448e-01
4,14,11,5.741552e-02,1.195954e-01
5,14,11,5.837678e-02,1.411960e-01
6,14,11,5.442630e-02,7.006636e-02
7,14,11,5.865633e-02,1.481052e-01
8,14,11,5.800623e-02,1.324853e-01
9,14,11,5.684262e-02,1.081837e-01
10,14,11,5.771762e-02,1.260391e-01
11,14,11,5.477680e-02,7.471151e-02
12,14,11,5.359702e-02,6.009352e-02
13,14,11,5.481798e-02,7.527509e-02
14,14,11,5.287994e-02,5.252069e-02
15,14,11,5.307007e-02,5.443993e-02
1,15,11,5.240972e-02,4.803303e-02
2,15,11,5.171635e-02,4.204359e-02
3,15,11,5.252504e-02,4.910041e-02
4,15,11,5.747214e-02,1.207800e-01
5,15,11,5.604979e-02,9.400725e-02
6,15,11,5.770307e-02,1.257218e-01
7,15,11,6.522700e-02,4.282477e-01
8,15,11,6.229752e-02,2.704761e-01
9,15,11,5.903526e-02,1.579559e-01
10,15,11,5.713836e-02,1.139459e-01
11,15,11,5.177799e-02,4.254742e-02
12,15,11,4.888293e-02,2.393278e-02
13,15,11,5.077544e-02,3.499111e-02
14,15,11,4.833346e-02,2.137471e-02
15,15,11,4.866461e-02,2.288516e-02
1,1,12,4.314654e-02,6.868804e-03
2,1,12,4.442054e-02,9.188810e-03
3,1,12,4.625738e-02,1.377944e-02
4,1,12,4.615190e-02,1.346843e-02
5,1,12,4.927035e-02,2.589867e-02
6,1,12,4.931943e-02,2.615781e-02
7,1,12,4.813029e-02,2.049302e-02
8,1,12,4.473977e-02,9.870944e-03
9,1,12,4.237898e-02,5.740185e-03
10,1,12,4.222607e-02,5.536402e-03
11,1,12,4.520103e-02,1.093716e-02
12,1,12,4.633070e-02,1.399941e-02
13,1,12,4.520063e-02,1.093620e-02
14,1,12,4.707418e-02,1.641530e-02
15,1,12,4.604782e-02,1.316776e-02
1,2,12,4.541116e-02,1.145637e-02
2,2,12,4.658378e-02,1.478319e-02
3,2,12,4.724613e-02,1.702487e-02
4,2,12,4.905022e-02,2.476455e-02
5,2,12,5.162064e-02,4.127197e-02
6,2,12,5.174026e-02,4.223834e-02
7,2,12,5.092543e-02,3.603865e-02
8,2,12,4.559199e-02,1.192083e-02
9,2,12,4.598630e-02,1.299288e-02
10,2,12,4.311007e-02,6.810970e-03
11,2,12,4.210189e-02,5.375723e-03
12,2,12,4.422093e-02,8.784159e-03
13,2,12,5.145857e-02,3.999430e-02
14,2,12,5.195339e-02,4.401087e-02
15,2,12,4.857212e-02,2.245389e-02
1,3,12,4.685105e-02,1.565361e-02
2,3,12,5.051824e-02,3.325858e-02
3,3,12,4.961615e-02,2.777486e-02
4,3,12,4.961490e-02,2.776784e-02
5,3,12,4.669362e-02,1.513548e-02
6,3,12,5.007653e-02,3.046235e-02
7,3,12,4.950799e-02,2.717530e-02
8,3,12,4.904991e-02,2.476299e-02
9,3,12,4.466778e-02,9.713268e-03
10,3,12,4.310804e-02,6.807761e-03
11,3,12,4.437219e-02,9.089283e-03
12,3,12,4.514404e-02,1.080004e-02
13,3,12,5.012136e-02,3.073616e-02
14,3,12,5.223340e-02,4.644129e-02
15,3,12,5.107146e-02,3.708551e-02
1,4,12,5.068802e-02,3.439335e-02
2,4,12,5.088227e-02,3.573436e-02
3,4,12,5.302438e-02,5.397305e-02
4,4,12,5.104905e-02,3.692307e-02
5,4,12,5.040771e-02,3.253800e-02
6,4,12,5.050009e-02,3.313926e-02
7,4,12,4.907810e-02,2.490568e-02
8,4,12,4.490780e-02,1.024800e-02
9,4,12,4.676875e-02,1.538081e-02
10,4,12,4.007546e-02,3.282513e-03
11,4,12,4.044788e-02,3.600632e-03
12,4,12,4.456360e-02,9.489071e-03
13,4,12,4.559462e-02,1.192772e-02
14,4,12,4.819114e-02,2.075361e-02
15,4,12,5.130276e-02,3.879968e-02
1,5,12,5.313346e-02,5.509368e-02
2,5,12,5.035939e-02,3.222743e-02
3,5,12,5.283476e-02,5.207367e-02
4,5,12,5.258229e-02,4.963821e-02
5,5,12,4.416425e-02,8.672220e-03
6,5,12,4.334776e-02,7.195940e-03
7,5,12,4.913836e-02,2.521319e-02
8,5,12,4.748461e-02,1.790399e-02
9,5,12,4.795205e-02,1.974664e-02
10,5,12,4.445387e-02,9.257995e-03
11,5,12,4.203609e-02,5.292304e-03
12,5,12,4.408510e-02,8.518042e-03
13,5,12,4.482562e-02,1.006199e-02
14,5,12,4.848163e-02,2.203909e-02
15,5,12,4.912753e-02,2.515766e-02
1,6,12,5.493499e-02,7.689739e-02
2,6,12,5.244456e-02,4.835328e-02
3,6,12,5.168576e-02,4.179560e-02
4,6,12,5.001696e-02,3.010193e-02
5,6,12,4.810608e-02,2.039018e-02
6,6,12,5.002306e-02,3.013865e-02
7,6,12,5.276001e-02,5.134166e-02
8,6,12,4.903042e-02,2.466478e-02
9,6,12,4.736229e-02,1.744810e-02
10,6,12,4.216331e-02,5.454666e-03
11,6,12,4.583332e-02,1.256707e-02
12,6,12,4.813117e-02,2.049675e-02
13,6,12,5.425211e-02,6.785595e-02
14,6,12,4.758871e-02,1.830039e-02
15,6,12,4.720816e-02,1.688854e-02
1,7,12,5.489379e-02,7.632261e-02
2,7,12,5.387437e-02,6.327660e-02
3,7,12,5.381350e-02,6.256529e-02
4,7,12,5.369259e-02,6.117368e-02
5,7,12,4.924726e-02,2.577755e-02
6,7,12,5.717887e-02,1.147564e-01
7,7,12,5.133348e-02,3.903268e-02
8,7,12,5.182232e-02,4.291308e-02
9,7,12,4.934366e-02,2.628661e-02
10,7,12,4.763707e-02,1.848723e-02
11,7,12,5.076159e-02,3.489584e-02
12,7,12,5.539753e-02,8.362297e-02
13,7,12,5.439278e-02,6.963595e-02
14,7,12,4.899624e-02,2.449338e-02
15,7,12,4.862786e-02,2.271292e-02
1,8,12,5.541266e-02,8.385150e-02
2,8,12,5.650291e-02,1.018895e-01
3,8,12,5.663405e-02,1.042792e-01
4,8,12,5.511146e-02,7.940357e-02
5,8,12,5.858524e-02,1.463198e-01
6,8,12,5.456721e-02,7.190159e-02
7,8,12,5.805076e-02,1.335059e-01
8,8,12,5.592254e-02,9.189466e-02
9,8,12,5.530862e-02,8.229043e-02
10,8,12,5.641040e-02,1.002336e-01
11,8,12,5.435732e-02,6.918339e-02
12,8,12,5.251967e-02,4.905020e-02
13,8,12,5.024364e-02,3.149430e-02
14,8,12,5.020565e-02,3.125698e-02
15,8,12,4.922550e-02,2.566389e-02
1,9,12,5.537744e-02,8.332017e-02
2,9,12,5.376949e-02,6.205548e-02
3,9,12,5.463750e-02,7.283326e-02
4,9,12,5.619402e-02,9.645440e-02
5,9,12,5.821961e-02,1.374403e-01
6,9,12,6.120990e-02,2.267975e-01
7,9,12,5.890205e-02,1.544277e-01
8,9,12,6.176990e-02,2.484220e-01
9,9,12,5.397638e-02,6.448503e-02
10,9,12,5.530988e-02,8.230920e-02
11,9,12,5.727683e-02,1.167377e-01
12,9,12,5.003711e-02,3.022340e-02
13,9,12,4.904795e-02,2.475313e-02
14,9,12,4.905241e-02,2.477563e-02
15,9,12,5.104210e-02,3.687283e-02
1,10,12,5.709724e-02,1.131285e-01
2,10,12,5.354878e-02,5.955481e-02
3,10,12,5.149078e-02,4.024537e-02
4,10,12,5.511900e-02,7.951237e-02
5,10,12,6.058615e-02,2.047173e-01
6,10,12,6.247915e-02,2.784661e-01
7,10,12,6.439191e-02,3.764734e-01
8,10,12,6.285572e-02,2.957122e-01
9,10,12,5.936592e-02,1.670295e-01
10,10,12,6.164946e-02,2.436206e-01
11,10,12,5.157358e-02,4.089724e-02
12,10,12,4.901000e-02,2.456226e-02
13,10,12,4.983987e-02,2.905293e-02
14,10,12,4.841139e-02,2.172187e-02
15,10,12,4.642685e-02,1.429269e-02
1,11,12,5.138932e-02,3.945936e-02
2,11,12,5.485350e-02,7.576432e-02
3,11,12,5.474646e-02,7.429876e-02
4,11,12,5.647736e-02,1.014297e-01
5,11,12,6.443801e-02,3.791773e-01
6,11,12,6.643970e-02,5.148701e-01
7,11,12,6.393777e-02,3.507487e-01
8,11,12,6.095478e-02,2.175199e-01
9,11,12,5.650987e-02,1.020150e-01
10,11,12,5.688879e-02,1.090657e-01
11,11,12,5.035026e-02,3.216906e-02
12,11,12,5.001692e-02,3.010170e-02
13,11,12,4.947286e-02,2.698309e-02
14,11,12,4.608167e-02,1.326488e-02
15,11,12,4.910616e-02,2.504843e-02
1,12,12,5.441392e-02,6.990710e-02
2,12,12,5.544906e-02,8.440408e-02
3,12,12,5.576773e-02,8.938221e-02
4,12,12,5.765619e-02,1.247041e-01
5,12,12,5.941357e-02,1.683750e-01
6,12,12,6.588231e-02,4.732706e-01
7,12,12,6.238605e-02,2.743443e-01
8,12,12,6.383228e-02,3.450043e-01
9,12,12,6.340221e-02,3.224522e-01
10,12,12,5.874188e-02,1.502793e-01
11,12,12,5.169667e-02,4.188389e-02
12,12,12,5.241932e-02,4.812105e-02
13,12,12,5.007953e-02,3.048059e-02
14,12,12,4.862934e-02,2.271982e-02
15,12,12,5.259285e-02,4.973803e-02
1,13,12,5.235380e-02,4.752290e-02
2,13,12,5.989859e-02,1.826363e-01
3,13,12,5.688974e-02,1.090840e-01
4,13,12,6.053417e-02,2.029680e-01
5,13,12,5.645602e-02,1.010470e-01
6,13,12,6.322432e-02,3.135185e-01
7,13,12,6.187212e-02,2.525637e-01
8,13,12,6.021331e-02,1.924626e-01
9,13,12,5.732829e-02,1.177907e-01
10,13,12,5.238791e-02,4.783350e-02
11,13,12,5.297401e-02,5.346259e-02
12,13,12,5.071922e-02,3.460564e-02
13,13,12,5.074335e-02,3.477060e-02
14,13,12,5.097772e-02,3.641036e-02
15,13,12,4.955171e-02,2.741620e-02
1,14,12,4.987879e-02,2.928061e-02
2,14,12,5.752829e-02,1.219652e-01
3,14,12,6.315411e-02,3.100540e-01
4,14,12,5.691444e-02,1.095584e-01
5,14,12,5.776074e-02,1.269838e-01
6,14,12,6.068155e-02,2.079638e-01
7,14,12,5.925856e-02,1.640334e-01
8,14,12,5.743175e-02,1.199338e-01
9,14,12,5.909660e-02,1.596049e-01
10,14,12,5.119536e-02,3.799507e-02
11,14,12,5.242207e-02,4.814630e-02
12,14,12,4.830791e-02,2.126197e-02
13,14,12,4.873051e-02,2.319694e-02
14,14,12,4.576349e-02,1.237692e-02
15,14,12,4.851173e-02,2.217627e-02
1,15,12,5.371662e-02,6.144806e-02
2,15,12,5.330188e-02,5.686516e-02
3,15,12,5.710045e-02,1.131923e-01
4,15,12,5.688134e-02,1.089230e-01
5,15,12,5.922317e-02,1.630564e-01
6,15,12,6.170877e-02,2.459745e-01
7,15,12,5.824970e-02,1.381524e-01
8,15,12,5.484953e-02,7.570955e-02
9,15,12,5.432084e-02,6.872048e-02
10,15,12,5.397650e-02,6.448643e-02
11,15,12,4.870319e-02,2.306721e-02
12,15,12,4.913402e-02,2.519092e-02
13,15,12,4.811010e-02,2.040722e-02
14,15,12,4.671516e-02,1.520545e-02
15,15,12,4.751955e-02,1.803617e-02
1,1,13,4.959807e-02,2.767383e-02
2,1,13,5.193011e-02,4.381405e-02
3,1,13,4.875140e-02,2.329657e-02
4,1,13,5.245205e-02,4.842235e-02
5,1,13,5.148769e-02,4.022123e-02
6,1,13,5.213425e-02,4.556719e-02
7,1,13,5.151575e-02,4.044097e-02
8,1,13,4.511571e-02,1.073246e-02
9,1,13,4.643969e-02,1.433225e-02
10,1,13,4.887583e-02,2.389805e-02
11,1,13,4.711165e-02,1.654644e-02
12,1,13,5.066881e-02,3.426326e-02
13,1,13,5.275483e-02,5.129129e-02
14,1,13,5.165374e-02,4.153738e-02
15,1,13,5.046621e-02,3.291759e-02
1,2,13,4.846627e-02,2.196937e-02
2,2,13,4.931205e-02,2.611869e-02
3,2,13,4.879156e-02,2.348922e-02
4,2,13,5.267213e-02,5.049284e-02
5,2,13,5.089482e-02,3.582259e-02
6,2,13,5.164534e-02,4.146985e-02
7,2,13,5.185158e-02,4.315602e-02
8,2,13,4.676087e-02,1.535490e-02
9,2,13,4.630928e-02,1.393481e-02
10,2,13,4.757936e-02,1.826449e-02
11,2,13,4.367056e-02,7.750126e-03
12,2,13,4.570780e-02,1.222712e-02
13,2,13,5.149691e-02,4.029333e-02
14,2,13,5.126260e-02,3.849706e-02
15,2,13,5.489306e-02,7.631250e-02
1,3,13,4.983376e-02,2.901733e-02
2,3,13,5.037348e-02,3.231773e-02
3,3,13,4.802214e-02,2.003715e-02
4,3,13,5.270437e-02,5.080280e-02
5,3,13,4.874878e-02,2.328404e-02
6,3,13,5.141778e-02,3.967843e-02
7,3,13,5.367106e-02,6.092882e-02
8,3,13,4.779133e-02,1.909470e-02
9,3,13,4.382611e-02,8.030648e-03
10,3,13,4.304164e-02,6.703622e-03
11,3,13,4.518391e-02,1.089581e-02
12,3,13,4.789748e-02,1.952306e-02
13,3,13,4.631819e-02,1.396166e-02
14,3,13,4.774936e-02,1.892766e-02
15,3,13,4.641017e-02,1.424141e-02
1,4,13,5.153493e-02,4.059178e-02
2,4,13,5.343416e-02,5.829232e-02
3,4,13,5.254089e-02,4.924876e-02
4,4,13,4.938016e-02,2.648174e-02
5,4,13,4.772739e-02,1.884076e-02
6,4,13,5.015166e-02,3.092247e-02
7,4,13,4.886469e-02,2.384364e-02
8,4,13,4.412803e-02,8.601346e-03
9,4,13,4.279622e-02,6.331047e-03
10,4,13,4.167307e-02,4.852614e-03
11,4,13,4.752327e-02,1.805029e-02
12,4,13,4.367776e-02,7.762923e-03
13,4,13,4.215471e-02,5.443552e-03
14,4,13,4.605335e-02,1.318358e-02
15,4,13,4.675417e-02,1.533290e-02
1,5,13,5.086354e-02,3.560303e-02
2,5,13,5.199725e-02,4.438384e-02
3,5,13,5.000121e-02,3.000726e-02
4,5,13,4.853434e-02,2.227988e-02
5,5,13,5.191401e-02,4.367842e-02
6,5,13,4.925624e-02,2.582463e-02
7,5,13,5.369829e-02,6.123868e-02
8,5,13,4.739071e-02,1.755308e-02
9,5,13,4.786863e-02,1.940580e-02
10,5,13,4.680867e-02,1.551259e-02
11,5,13,4.691532e-02,1.586968e-02
12,5,13,4.463027e-02,9.631993e-03
13,5,13,4.349153e-02,7.438201e-03
14,5,13,4.824455e-02,2.098474e-02
15,5,13,4.837360e-02,2.155290e-02
1,6,13,5.054097e-02,3.340849e-02
2,6,13,4.892831e-02,2.415589e-02
3,6,13,5.099382e-02,3.652558e-02
4,6,13,5.329798e-02,5.682363e-02
5,6,13,4.553665e-02,1.177693e-02
6,6,13,4.878215e-02,2.344392e-02
7,6,13,5.088308e-02,3.574001e-02
8,6,13,4.790182e-02,1.954078e-02
9,6,13,4.665479e-02,1.501011e-02
10,6,13,5.183012e-02,4.297775e-02
11,6,13,4.985620e-02,2.914828e-02
12,6,13,4.877295e-02,2.339974e-02
13,6,13,4.711040e-02,1.654205e-02
14,6,13,4.959339e-02,2.764773e-02
15,6,13,4.919602e-02,2.551060e-02
1,7,13,5.380022e-02,6.241108e-02
2,7,13,5.002414e-02,3.014513e-02
3,7,13,5.074163e-02,3.475884e-02
4,7,13,5.246859e-02,4.857526e-02
5,7,13,4.652074e-02,1.458435e-02
6,7,13,5.336837e-02,5.757854e-02
7,7,13,5.201361e-02,4.452370e-02
8,7,13,5.478717e-02,7.485307e-02
9,7,13,5.296968e-02,5.341883e-02
10,7,13,5.039818e-02,3.247651e-02
11,7,13,4.858715e-02,2.252349e-02
12,7,13,5.013815e-02,3.083926e-02
13,7,13,4.724322e-02,1.701437e-02
14,7,13,5.047038e-02,3.294484e-02
15,7,13,5.530953e-02,8.230396e-02
1,8,13,5.510796e-02,7.935318e-02
2,8,13,5.531489e-02,8.238375e-02
3,8,13,5.683741e-02,1.080847e-01
4,8,13,5.695194e-02,1.102824e-01
5,8,13,5.449753e-02,7.098877e-02
6,8,13,5.701673e-02,1.115436e-01
7,8,13,5.483520e-02,7.551186e-02
8,8,13,5.844131e-02,1.427645e-01
9,8,13,5.635498e-02,9.925307e-02
10,8,13,5.842459e-02,1.423567e-01
11,8,13,5.644196e-02,1.007957e-01
12,8,13,5.356352e-02,5.971894e-02
13,8,13,4.856550e-02,2.242332e-02
14,8,13,5.322700e-02,5.607136e-02
15,8,13,4.975345e-02,2.855308e-02
1,9,13,5.338076e-02,5.771235e-02
2,9,13,5.761663e-02,1.238510e-01
3,9,13,5.776389e-02,1.270532e-01
4,9,13,5.941720e-02,1.684779e-01
5,9,13,5.573211e-02,8.881290e-02
6,9,13,6.104815e-02,2.208747e-01
7,9,13,5.785172e-02,1.289983e-01
8,9,13,5.896602e-02,1.561132e-01
9,9,13,6.512660e-02,4.217016e-01
10,9,13,6.355023e-02,3.300597e-01
11,9,13,5.970629e-02,1.768568e-01
12,9,13,5.970505e-02,1.768202e-01
13,9,13,5.173594e-02,4.220311e-02
14,9,13,5.382824e-02,6.273690e-02
15,9,13,5.265040e-02,5.028490e-02
1,10,13,5.852001e-02,1.446990e-01
2,10,13,5.701238e-02,1.114583e-01
3,10,13,5.884262e-02,1.528767e-01
4,10,13,6.124381e-02,2.280567e-01
5,10,13,6.236498e-02,2.734195e-01
6,10,13,5.973432e-02,1.776888e-01
7,10,13,5.831883e-02,1.398008e-01
8,10,13,6.514554e-02,4.229294e-01
9,10,13,6.334755e-02,3.196830e-01
10,10,13,6.425759e-02,3.686935e-01
11,10,13,6.412237e-02,3.610079e-01
12,10,13,6.149506e-02,2.375876e-01
13,10,13,4.877993e-02,2.343328e-02
14,10,13,5.097985e-02,3.642561e-02
15,10,13,5.422414e-02,6.750690e-02
1,11,13,5.947588e-02,1.701493e-01
2,11,13,5.756272e-02,1.226971e-01
3,11,13,5.879264e-02,1.515830e-01
4,11,13,5.866183e-02,1.482440e-01
5,11,13,6.053572e-02,2.030196e-01
6,11,13,6.268634e-02,2.878394e-01
7,11,13,6.047372e-02,2.009499e-01
8,11,13,6.058755e-02,2.047646e-01
9,11,13,6.140196e-02,2.340149e-01
10,11,13,6.122129e-02,2.272196e-01
11,11,13,5.241531e-02,4.808427e-02
12,11,13,5.169580e-02,4.187680e-02
13,11,13,4.888219e-02,2.392918e-02
14,11,13,4.600535e-02,1.304683e-02
15,11,13,5.152649e-02,4.052533e-02
1,12,13,5.911318e-02,1.600533e-01
2,12,13,6.430166e-02,3.712301e-01
3,12,13,6.701504e-02,5.612340e-01
4,12,13,5.845437e-02,1.430840e-01
5,12,13,5.587738e-02,9.115518e-02
6,12,13,5.859213e-02,1.464920e-01
7,12,13,5.603429e-02,9.374748e-02
8,12,13,6.173380e-02,2.469739e-01
9,12,13,5.897447e-02,1.563369e-01
10,12,13,5.763907e-02,1.243342e-01
11,12,13,5.525410e-02,8.148283e-02
12,12,13,5.253950e-02,4.923579e-02
13,12,13,4.667351e-02,1.507043e-02
14,12,13,4.454178e-02,9.442713e-03
15,12,13,4.673211e-02,1.526071e-02
1,13,13,5.706934e-02,1.125769e-01
2,13,13,6.025791e-02,1.938927e-01
3,13,13,5.984417e-02,1.809837e-01
4,13,13,6.207704e-02,2.610544e-01
5,13,13,5.996736e-02,1.847441e-01
6,13,13,5.723634e-02,1.159150e-01
7,13,13,5.880716e-02,1.519578e-01
8,13,13,6.264322e-02,2.858657e-01
9,13,13,6.089822e-02,2.155099e-01
10,13,13,5.539032e-02,8.351416e-02
11,13,13,5.473070e-02,7.408510e-02
12,13,13,5.029262e-02,3.180270e-02
13,13,13,4.642947e-02,1.430074e-02
14,13,13,4.428009e-02,8.902386e-03
15,13,13,4.930984e-02,2.610699e-02
1,14,13,6.066177e-02,2.072869e-01
2,14,13,6.112854e-02,2.238005e-01
3,14,13,6.447098e-02,3.811221e-01
4,14,13,6.220499e-02,2.664855e-01
5,14,13,5.995641e-02,1.844070e-01
6,14,13,5.679212e-02,1.072264e-01
7,14,13,6.054114e-02,2.032016e-01
8,14,13,6.517236e-02,4.246740e-01
9,14,13,5.944466e-02,1.692582e-01
10,14,13,5.883978e-02,1.528030e-01
11,14,13,5.842033e-02,1.422529e-01
12,14,13,5.300446e-02,5.377065e-02
13,14,13,4.867821e-02,2.294919e-02
14,14,13,4.576145e-02,1.237139e-02
15,14,13,4.183879e-02,5.049083e-03
1,15,13,5.693172e-02,1.098915e-01
2,15,13,5.971616e-02,1.771494e-01
3,15,13,6.104487e-02,2.207563e-01
4,15,13,6.493612e-02,4.095286e-01
5,15,13,5.761298e-02,1.237726e-01
6,15,13,5.659026e-02,1.034757e-01
7,15,13,6.067335e-02,2.076830e-01
8,15,13,5.944702e-02,1.693254e-01
9,15,13,6.284255e-02,2.950932e-01
10,15,13,5.890948e-02,1.546227e-01
11,15,13,5.123077e-02,3.825868e-02
12,15,13,4.888623e-02,2.394897e-02
13,15,13,5.046291e-02,3.289611e-02
14,15,13,4.618397e-02,1.356233e-02
15,15,13,4.285122e-02,6.412874e-03
1,1,14,5.325657e-02,5.638363e-02
2,1,14,5.575238e-02,8.913648e-02
3,1,14,5.038302e-02,3.237901e-02
4,1,14,5.513608e-02,7.975902e-02
5,1,14,5.332682e-02,5.713183e-02
6,1,14,5.225547e-02,4.663792e-02
7,1,14,4.877879e-02,2.342781e-02
8,1,14,4.711829e-02,1.656976e-02
9,1,14,4.576036e-02,1.236845e-02
10,1,14,4.980134e-02,2.882912e-02
11,1,14,4.826527e-02,2.107503e-02
12,1,14,4.710760e-02,1.653221e-02
13,1,14,4.630093e-02,1.390971e-02
14,1,14,5.070821e-02,3.453058e-02
15,1,14,5.301468e-02,5.387447e-02
1,2,14,5.253856e-02,4.922690e-02
2,2,14,5.333032e-02,5.716938e-02
3,2,14,5.344553e-02,5.841650e-02
4,2,14,5.220689e-02,4.620616e-02
5,2,14,5.149961e-02,4.031444e-02
6,2,14,4.930190e-02,2.606500e-02
7,2,14,5.166604e-02,4.163640e-02
8,2,14,5.285656e-02,5.228899e-02
9,2,14,4.582176e-02,1.253541e-02
10,2,14,4.451510e-02,9.386303e-03
11,2,14,4.500263e-02,1.046647e-02
12,2,14,4.427014e-02,8.882388e-03
13,2,14,4.591893e-02,1.280380e-02
14,2,14,4.834509e-02,2.142617e-02
15,2,14,4.966345e-02,2.804077e-02
1,3,14,5.453326e-02,7.145557e-02
2,3,14,5.014187e-02,3.086217e-02
3,3,14,5.095568e-02,3.625325e-02
4,3,14,4.793460e-02,1.967490e-02
5,3,14,5.237819e-02,4.774484e-02
6,3,14,4.992978e-02,2.958135e-02
7,3,14,5.287878e-02,5.250921e-02
8,3,14,5.269500e-02,5.071256e-02
9,3,14,4.605157e-02,1.317848e-02
10,3,14,4.596033e-02,1.291971e-02
11,3,14,4.577909e-02,1.241916e-02
12,3,14,4.435600e-02,9.056172e-03
13,3,14,4.666583e-02,1.504564e-02
14,3,14,4.628986e-02,1.387649e-02
15,3,14,4.825075e-02,2.101175e-02
1,4,14,5.126959e-02,3.854958e-02
2,4,14,5.051459e-02,3.323450e-02
3,4,14,4.760200e-02,1.835156e-02
4,4,14,4.848566e-02,2.205740e-02
5,4,14,4.780943e-02,1.916711e-02
6,4,14,5.455046e-02,7.168128e-02
7,4,14,5.925311e-02,1.638824e-01
8,4,14,5.057982e-02,3.366617e-02
9,4,14,4.664483e-02,1.497810e-02
10,4,14,4.994302e-02,2.965985e-02
11,4,14,4.683870e-02,1.561238e-02
12,4,14,4.653036e-02,1.461455e-02
13,4,14,4.215067e-02,5.438332e-03
14,4,14,4.449076e-02,9.335110e-03
15,4,14,4.480547e-02,1.001686e-02
1,5,14,5.210385e-02,4.530219e-02
2,5,14,5.237559e-02,4.772108e-02
3,5,14,5.103981e-02,3.685631e-02
4,5,14,4.992830e-02,2.957257e-02
5,5,14,5.289940e-02,5.271433e-02
6,5,14,5.542936e-02,8.410459e-02
7,5,14,5.674451e-02,1.063310e-01
8,5,14,4.857487e-02,2.246664e-02
9,5,14,5.100412e-02,3.659942e-02
10,5,14,4.896453e-02,2.433532e-02
11,5,14,5.010279e-02,3.062248e-02
12,5,14,4.730839e-02,1.725053e-02
13,5,14,4.266272e-02,6.136298e-03
14,5,14,4.608757e-02,1.328187e-02
15,5,14,4.237499e-02,5.734782e-03
1,6,14,4.946413e-02,2.693551e-02
2,6,14,4.892485e-02,2.413882e-02
3,6,14,5.272320e-02,5.098459e-02
4,6,14,5.050092e-02,3.314472e-02
5,6,14,5.227243e-02,4.678943e-02
6,6,14,5.304461e-02,5.417937e-02
7,6,14,5.312231e-02,5.497825e-02
8,6,14,5.168043e-02,4.175247e-02
9,6,14,4.863483e-02,2.274550e-02
10,6,14,5.088530e-02,3.575565e-02
11,6,14,5.002821e-02,3.016970e-02
12,6,14,4.707332e-02,1.641230e-02
13,6,14,4.715218e-02,1.668934e-02
14,6,14,4.540313e-02,1.143614e-02
15,6,14,4.647182e-02,1.443171e-02
1,7,14,5.102435e-02,3.674480e-02
2,7,14,4.787181e-02,1.941868e-02
3,7,14,5.104640e-02,3.690390e-02
4,7,14,5.016094e-02,3.097972e-02
5,7,14,5.247083e-02,4.859598e-02
6,7,14,5.758855e-02,1.232487e-01
7,7,14,5.395560e-02,6.423712e-02
8,7,14,5.167302e-02,4.169268e-02
9,7,14,5.309665e-02,5.471326e-02
10,7,14,5.165444e-02,4.154300e-02
11,7,14,5.297683e-02,5.349098e-02
12,7,14,5.159644e-02,4.107889e-02
13,7,14,4.526256e-02,1.108697e-02
14,7,14,4.638472e-02,1.416349e-02
15,7,14,4.874718e-02,2.327640e-02
1,8,14,5.205776e-02,4.490307e-02
2,8,14,4.979964e-02,2.881931e-02
3,8,14,5.212997e-02,4.552979e-02
4,8,14,5.464738e-02,7.296498e-02
5,8,14,5.536411e-02,8.311983e-02
6,8,14,5.618398e-02,9.628218e-02
7,8,14,5.611921e-02,9.517803e-02
8,8,14,5.452221e-02,7.131093e-02
9,8,14,5.432651e-02,6.879215e-02
10,8,14,5.368596e-02,6.109822e-02
11,8,14,5.406044e-02,6.549637e-02
12,8,14,5.165854e-02,4.157594e-02
13,8,14,4.780410e-02,1.914575e-02
14,8,14,4.821122e-02,2.084021e-02
15,8,14,5.153346e-02,4.058024e-02
1,9,14,5.959446e-02,1.735721e-01
2,9,14,5.635129e-02,9.918817e-02
3,9,14,5.729890e-02,1.171883e-01
4,9,14,6.011280e-02,1.892738e-01
5,9,14,6.345287e-02,3.250376e-01
6,9,14,5.652561e-02,1.022996e-01
7,9,14,5.551329e-02,8.538686e-02
8,9,14,5.622551e-02,9.699632e-02
9,9,14,6.184530e-02,2.514712e-01
10,9,14,5.997701e-02,1.850417e-01
11,9,14,5.863767e-02,1.476348e-01
12,9,14,5.438460e-02,6.953134e-02
13,9,14,5.680284e-02,1.074291e-01
14,9,14,5.449651e-02,7.097544e-02
15,9,14,5.038360e-02,3.238269e-02
1,10,14,5.629794e-02,9.825303e-02
2,10,14,5.831824e-02,1.397866e-01
3,10,14,6.086765e-02,2.144304e-01
4,10,14,5.569849e-02,8.827860e-02
5,10,14,6.444188e-02,3.794050e-01
6,10,14,5.812395e-02,1.351988e-01
7,10,14,6.038219e-02,1.979292e-01
8,10,14,6.498712e-02,4.127564e-01
9,10,14,6.832800e-02,6.814096e-01
10,10,14,6.250913e-02,2.798050e-01
11,10,14,5.688828e-02,1.090560e-01
12,10,14,5.922696e-02,1.631606e-01
13,10,14,5.878542e-02,1.513970e-01
14,10,14,5.757055e-02,1.228640e-01
15,10,14,5.378804e-02,6.226991e-02
1,11,14,5.566648e-02,8.777258e-02
2,11,14,6.104860e-02,2.208911e-01
3,11,14,6.285942e-02,2.958863e-01
4,11,14,6.096457e-02,2.178694e-01
5,11,14,5.667801e-02,1.050914e-01
6,11,14,6.012235e-02,1.895748e-01
7,11,14,6.797433e-02,6.469494e-01
8,11,14,6.219455e-02,2.660385e-01
9,11,14,6.441130e-02,3.776088e-01
10,11,14,6.211233e-02,2.625423e-01
11,11,14,6.110115e-02,2.228001e-01
12,11,14,5.830407e-02,1.394472e-01
13,11,14,5.950783e-02,1.710654e-01
14,11,14,5.298272e-02,5.355057e-02
15,11,14,5.313669e-02,5.512724e-02
1,12,14,5.748466e-02,1.210434e-01
2,12,14,5.738808e-02,1.190251e-01
3,12,14,6.251237e-02,2.799505e-01
4,12,14,6.053642e-02,2.030432e-01
5,12,14,6.011427e-02,1.893202e-01
6,12,14,5.656483e-02,1.030115e-01
7,12,14,5.916055e-02,1.613404e-01
8,12,14,6.540656e-02,4.401837e-01
9,12,14,6.442771e-02,3.785717e-01
10,12,14,6.230049e-02,2.706049e-01
11,12,14,5.921988e-02,1.629659e-01
12,12,14,5.677801e-02,1.069604e-01
13,12,14,5.547861e-02,8.485486e-02
14,12,14,5.144593e-02,3.989622e-02
15,12,14,4.728409e-02,1.716216e-02
1,13,14,5.675946e-02,1.066115e-01
2,13,14,6.180397e-02,2.497957e-01
3,13,14,6.337522e-02,3.210822e-01
4,13,14,6.266379e-02,2.868059e-01
5,13,14,5.657676e-02,1.032291e-01
6,13,14,5.730966e-02,1.174085e-01
7,13,14,5.514102e-02,7.983050e-02
8,13,14,6.084540e-02,2.136480e-01
9,13,14,6.193892e-02,2.553040e-01
10,13,14,5.823811e-02,1.378776e-01
11,13,14,5.769536e-02,1.255539e-01
12,13,14,5.135744e-02,3.921521e-02
13,13,14,5.299617e-02,5.368663e-02
14,13,14,5.285063e-02,5.223034e-02
15,13,14,4.683510e-02,1.560038e-02
1,14,14,5.549302e-02,8.507550e-02
2,14,14,5.523940e-02,8.126641e-02
3,14,14,6.222828e-02,2.674848e-01
4,14,14,6.139306e-02,2.336759e-01
5,14,14,5.885915e-02,1.533067e-01
6,14,14,6.171916e-02,2.463891e-01
7,14,14,6.271086e-02,2.889675e-01
8,14,14,6.017098e-02,1.911138e-01
9,14,14,6.760532e-02,6.126743e-01
10,14,14,6.331521e-02,3.180545e-01
11,14,14,5.655371e-02,1.028093e-01
12,14,14,5.975768e-02,1.783852e-01
13,14,14,5.416216e-02,6.673923e-02
14,14,14,5.489983e-02,7.640660e-02
15,14,14,4.955875e-02,2.745522e-02
1,15,14,5.297868e-02,5.350974e-02
2,15,14,5.750892e-02,1.215551e-01
3,15,14,6.485248e-02,4.042844e-01
4,15,14,6.108343e-02,2.221547e-01
5,15,14,6.227932e-02,2.696871e-01
6,15,14,6.396820e-02,3.524217e-01
7,15,14,6.485748e-02,4.045960e-01
8,15,14,6.500901e-02,4.141493e-01
9,15,14,7.008522e-02,8.783865e-01
10,15,14,6.918834e-02,7.722363e-01
11,15,14,5.846948e-02,1.434542e-01
12,15,14,5.734791e-02,1.181945e-01
13,15,14,5.518533e-02,8.047431e-02
14,15,14,5.480679e-02,7.512161e-02
15,15,14,4.956814e-02,2.750727e-02
1,1,15,5.162308e-02,4.129144e-02
2,1,15,5.397709e-02,6.449348e-02
3,1,15,5.080131e-02,3.516986e-02
4,1,15,4.852725e-02,2.224734e-02
5,1,15,4.928150e-02,2.595738e-02
6,1,15,5.532943e-02,8.260064e-02
7,1,15,4.967378e-02,2.809918e-02
8,1,15,5.200315e-02,4.443426e-02
9,1,15,5.186760e-02,4.328951e-02
10,1,15,5.413692e-02,6.642889e-02
11,1,15,5.232124e-02,4.722821e-02
12,1,15,5.061703e-02,3.391466e-02
13,1,15,5.164836e-02,4.149409e-02
14,1,15,5.378495e-02,6.223417e-02
15,1,15,5.335550e-02,5.743978e-02
1,2,15,5.313797e-02,5.514049e-02
2,2,15,5.530922e-02,8.229945e-02
3,2,15,5.384836e-02,6.297175e-02
4,2,15,5.499368e-02,7.772285e-02
5,2,15,5.316333e-02,5.540428e-02
6,2,15,5.896852e-02,1.561792e-01
7,2,15,5.621208e-02,9.676495e-02
8,2,15,5.267205e-02,5.049208e-02
9,2,15,5.676794e-02,1.067708e-01
10,2,15,5.179951e-02,4.272457e-02
11,2,15,5.023232e-02,3.142343e-02
12,2,15,5.046752e-02,3.292613e-02
13,2,15,4.842518e-02,2.178380e-02
14,2,15,4.778794e-02,1.908114e-02
15,2,15,5.408703e-02,6.581916e-02
1,3,15,4.915945e-02,2.532162e-02
2,3,15,5.205397e-02,4.487037e-02
3,3,15,4.952516e-02,2.726968e-02
4,3,15,5.576835e-02,8.939214e-02
5,3,15,5.239657e-02,4.791263e-02
6,3,15,5.761780e-02,1.238762e-01
7,3,15,5.372629e-02,6.155869e-02
8,3,15,5.263103e-02,5.010028e-02
9,3,15,4.901257e-02,2.457516e-02
10,3,15,4.990774e-02,2.945101e-02
11,3,15,4.931321e-02,2.612487e-02
12,3,15,4.619246e-02,1.358727e-02
13,3,15,4.858769e-02,2.252600e-02
14,3,15,4.750555e-02,1.798310e-02
15,3,15,5.243226e-02,4.823998e-02
1,4,15,4.921606e-02,2.561474e-02
2,4,15,4.924885e-02,2.578587e-02
3,4,15,4.955124e-02,2.741364e-02
4,4,15,5.124749e-02,3.838377e-02
5,4,15,4.873716e-02,2.322861e-02
6,4,15,5.160233e-02,4.112578e-02
7,4,15,5.351098e-02,5.913575e-02
8,4,15,5.376300e-02,6.198062e-02
9,4,15,4.982381e-02,2.895946e-02
10,4,15,5.001150e-02,3.006906e-02
11,4,15,5.016720e-02,3.101845e-02
12,4,15,4.991468e-02,2.949200e-02
13,4,15,4.860814e-02,2.262095e-02
14,4,15,4.720517e-02,1.687783e-02
15,4,15,4.448265e-02,9.318106e-03
1,5,15,5.215080e-02,4.571212e-02
2,5,15,5.066708e-02,3.425154e-02
3,5,15,5.682511e-02,1.078509e-01
4,5,15,5.274483e-02,5.119414e-02
5,5,15,4.735590e-02,1.742459e-02
6,5,15,5.197782e-02,4.421831e-02
7,5,15,5.064407e-02,3.409631e-02
8,5,15,5.658205e-02,1.033257e-01
9,5,15,5.235610e-02,4.754384e-02
10,5,15,4.895731e-02,2.429946e-02
11,5,15,4.933871e-02,2.626027e-02
12,5,15,4.941362e-02,2.666172e-02
13,5,15,4.702029e-02,1.622834e-02
14,5,15,4.761887e-02,1.841671e-02
15,5,15,4.888673e-02,2.395140e-02
1,6,15,5.720056e-02,1.151924e-01
2,6,15,5.537845e-02,8.333526e-02
3,6,15,5.286409e-02,5.236351e-02
4,6,15,5.166810e-02,4.165302e-02
5,6,15,5.139734e-02,3.952097e-02
6,6,15,4.964322e-02,2.792676e-02
7,6,15,5.505762e-02,7.863131e-02
8,6,15,5.166002e-02,4.158786e-02
9,6,15,5.408237e-02,6.576249e-02
10,6,15,4.804955e-02,2.015184e-02
11,6,15,4.846746e-02,2.197474e-02
12,6,15,5.215270e-02,4.572869e-02
13,6,15,5.076738e-02,3.493562e-02
14,6,15,4.393742e-02,8.236947e-03
15,6,15,4.485744e-02,1.013366e-02
1,7,15,6.085594e-02,2.140184e-01
2,7,15,6.235948e-02,2.731783e-01
3,7,15,5.359388e-02,6.005828e-02
4,7,15,5.228828e-02,4.693156e-02
5,7,15,5.130224e-02,3.879576e-02
6,7,15,5.214694e-02,4.567829e-02
7,7,15,5.292098e-02,5.292973e-02
8,7,15,5.533591e-02,8.269735e-02
9,7,15,5.035938e-02,3.222740e-02
10,7,15,5.298521e-02,5.357567e-02
11,7,15,5.274230e-02,5.116961e-02
12,7,15,5.077018e-02,3.495494e-02
13,7,15,4.671504e-02,1.520508e-02
14,7,15,4.557317e-02,1.187172e-02
15,7,15,4.765824e-02,1.856953e-02
1,8,15,6.197727e-02,2.568890e-01
2,8,15,6.075741e-02,2.105785e-01
3,8,15,6.185260e-02,2.517682e-01
4,8,15,6.027982e-02,1.945989e-01
5,8,15,5.823910e-02,1.379012e-01
6,8,15,5.613294e-02,9.541110e-02
7,8,15,5.359216e-02,6.003905e-02
8,8,15,5.620100e-02,9.657433e-02
9,8,15,5.195472e-02,4.402217e-02
10,8,15,5.408946e-02,6.584873e-02
11,8,15,5.004942e-02,3.029786e-02
12,8,15,5.151119e-02,4.040519e-02
13,8,15,4.911379e-02,2.508743e-02
14,8,15,4.857125e-02,2.244986e-02
15,8,15,5.191942e-02,4.372398e-02
1,9,15,6.082416e-02,2.129033e-01
2,9,15,5.762908e-02,1.241190e-01
3,9,15,6.201657e-02,2.585228e-01
4,9,15,5.500516e-02,7.788527e-02
5,9,15,5.946449e-02,1.698238e-01
6,9,15,5.831041e-02,1.395991e-01
7,9,15,5.952580e-02,1.715828e-01
8,9,15,5.897334e-02,1.563071e-01
9,9,15,5.541966e-02,8.395757e-02
10,9,15,5.534129e-02,8.277778e-02
11,9,15,5.154150e-02,4.064357e-02
12,9,15,5.341847e-02,5.812137e-02
13,9,15,5.398721e-02,6.461456e-02
14,9,15,5.104614e-02,3.690206e-02
15,9,15,5.419941e-02,6.719959e-02
1,10,15,5.962329e-02,1.744137e-01
2,10,15,6.466132e-02,3.925244e-01
3,10,15,6.101984e-02,2.198526e-01
4,10,15,6.268553e-02,2.878024e-01
5,10,15,6.019228e-02,1.917915e-01
6,10,15,5.793804e-02,1.309361e-01
7,10,15,6.069975e-02,2.085884e-01
8,10,15,6.423727e-02,3.675294e-01
9,10,15,5.987435e-02,1.818985e-01
10,10,15,5.825794e-02,1.383479e-01
11,10,15,5.632342e-02,9.869870e-02
12,10,15,6.090095e-02,2.156067e-01
13,10,15,5.690565e-02,1.093894e-01
14,10,15,5.381022e-02,6.252713e-02
15,10,15,5.264160e-02,5.020091e-02
1,11,15,5.667132e-02,1.049674e-01
2,11,15,5.877773e-02,1.511990e-01
3,11,15,5.628110e-02,9.795963e-02
4,11,15,5.963971e-02,1.748945e-01
5,11,15,5.891050e-02,1.546494e-01
6,11,15,5.676055e-02,1.066320e-01
7,11,15,6.192258e-02,2.546311e-01
8,11,15,6.163211e-02,2.429360e-01
9,11,15,6.347654e-02,3.262521e-01
10,11,15,6.275249e-02,2.908914e-01
11,11,15,6.302326e-02,3.036897e-01
12,11,15,5.962641e-02,1.745051e-01
13,11,15,5.935244e-02,1.666507e-01
14,11,15,5.738909e-02,1.190459e-01
15,11,15,5.346455e-02,5.862463e-02
1,12,15,5.357573e-02,5.985522e-02
2,12,15,5.279113e-02,5.164525e-02
3,12,15,5.719083e-02,1.149966e-01
4,12,15,6.106538e-02,2.214991e-01
5,12,15,6.216044e-02,2.645829e-01
6,12,15,5.840493e-02,1.418783e-01
7,12,15,5.883870e-02,1.527748e-01
8,12,15,6.209169e-02,2.616712e-01
9,12,15,6.326624e-02,3.156035e-01
10,12,15,6.120035e-02,2.264436e-01
11,12,15,6.208526e-02,2.614006e-01
12,12,15,6.599552e-02,4.814662e-01
13,12,15,5.869350e-02,1.490464e-01
14,12,15,5.868342e-02,1.487905e-01
15,12,15,5.737504e-02,1.187548e-01
1,13,15,4.925927e-02,2.584048e-02
2,13,15,5.044804e-02,3.279927e-02
3,13,15,5.461747e-02,7.256663e-02
4,13,15,5.800318e-02,1.324157e-01
5,13,15,5.606117e-02,9.419825e-02
6,13,15,6.137586e-02,2.330219e-01
7,13,15,6.131633e-02,2.307719e-01
8,13,15,6.226462e-02,2.690508e-01
9,13,15,6.768070e-02,6.195401e-01
10,13,15,6.695567e-02,5.562821e-01
11,13,15,6.045932e-02,2.004720e-01
12,13,15,6.420411e-02,3.656363e-01
13,13,15,5.697718e-02,1.107722e-01
14,13,15,5.564897e-02,8.749689e-02
15,13,15,5.547221e-02,8.475714e-02
1,14,15,5.059982e-02,3.379957e-02
2,14,15,5.371412e-02,6.141944e-02
3,14,15,5.587990e-02,9.119641e-02
4,14,15,6.350901e-02,3.279253e-01
5,14,15,6.012559e-02,1.896770e-01
6,14,15,6.151323e-02,2.382903e-01
7,14,15,6.202847e-02,2.590191e-01
8,14,15,6.241977e-02,2.758307e-01
9,14,15,6.775330e-02,6.262181e-01
10,14,15,6.567246e-02,4.584100e-01
11,14,15,5.994542e-02,1.840692e-01
12,14,15,6.682430e-02,5.454630e-01
13,14,15,5.755039e-02,1.224345e-01
14,14,15,5.190188e-02,4.357651e-02
15,14,15,5.109893e-02,3.728543e-02
1,15,15,4.764784e-02,1.852907e-02
2,15,15,5.432211e-02,6.873657e-02
3,15,15,5.806698e-02,1.338794e-01
4,15,15,5.929726e-02,1.651076e-01
5,15,15,6.384082e-02,3.454662e-01
6,15,15,6.390212e-02,3.487979e-01
7,15,15,5.902416e-02,1.576592e-01
8,15,15,6.594025e-02,4.774492e-01
9,15,15,6.804561e-02,6.537657e-01
10,15,15,6.472161e-02,3.962000e-01
11,15,15,6.293181e-02,2.993114e-01
12,15,15,6.341070e-02,3.228840e-01
13,15,15,5.724068e-02,1.160030e-01
14,15,15,5.312129e-02,5.496767e-02
15,15,15,5.156523e-02,4.083104e-02
