time_s,probe,quantity,value,unit
2592000,P_3_3_15,pressure,19003300,Pa
2592000,P_3_3_15,sg,0.859,
2592000,P_3_3_15,so,0.141,
2592000,P_3_3_15,sw,0,
2592000,P_8_3_15,pressure,19031300,Pa
2592000,P_8_3_15,sg,0.978,
2592000,P_8_3_15,so,0.022,
2592000,P_8_3_15,sw,0,
2592000,P_13_3_15,pressure,19002300,Pa
2592000,P_13_3_15,sg,0.801,
2592000,P_13_3_15,so,0.199,
2592000,P_13_3_15,sw,0,
2592000,P_3_8_15,pressure,19044800,Pa
2592000,P_3_8_15,sg,0.902,
2592000,P_3_8_15,so,0.098,
2592000,P_3_8_15,sw,0,
2592000,P_8_8_15,pressure,19042700,Pa
2592000,P_8_8_15,sg,0,
2592000,P_8_8_15,so,1,
2592000,P_8_8_15,sw,0,
2592000,P_13_8_15,pressure,19031300,Pa
2592000,P_13_8_15,sg,0.978,
2592000,P_13_8_15,so,0.022,
2592000,P_13_8_15,sw,0,
2592000,P_3_13_15,pressure,19055100,Pa
2592000,P_3_13_15,sg,0.907,
2592000,P_3_13_15,so,0.093,
2592000,P_3_13_15,sw,0,
2592000,P_8_13_15,pressure,19044800,Pa
2592000,P_8_13_15,sg,0.902,
2592000,P_8_13_15,so,0.098,
2592000,P_8_13_15,sw,0,
2592000,P_13_13_15,pressure,19003300,Pa
2592000,P_13_13_15,sg,0.859,
2592000,P_13_13_15,so,0.141,
2592000,P_13_13_15,sw,0,
2592000,P_3_3_14,pressure,19003400,Pa
2592000,P_3_3_14,sg,0,
2592000,P_3_3_14,so,1,
2592000,P_3_3_14,sw,0,
2592000,P_8_3_14,pressure,19035100,Pa
2592000,P_8_3_14,sg,0,
2592000,P_8_3_14,so,1,
2592000,P_8_3_14,sw,0,
2592000,P_13_3_14,pressure,19002500,Pa
2592000,P_13_3_14,sg,0,
2592000,P_13_3_14,so,1,
2592000,P_13_3_14,sw,0,
2592000,P_3_8_14,pressure,19048700,Pa
2592000,P_3_8_14,sg,0,
2592000,P_3_8_14,so,1,
2592000,P_3_8_14,sw,0,
2592000,P_8_8_14,pressure,19048400,Pa
2592000,P_8_8_14,sg,0,
2592000,P_8_8_14,so,1,
2592000,P_8_8_14,sw,0,
2592000,P_13_8_14,pressure,19035100,Pa
2592000,P_13_8_14,sg,0,
2592000,P_13_8_14,so,1,
2592000,P_13_8_14,sw,0,
2592000,P_3_13_14,pressure,19058800,Pa
2592000,P_3_13_14,sg,0.905,
2592000,P_3_13_14,so,0.095,
2592000,P_3_13_14,sw,0,
2592000,P_8_13_14,pressure,19048700,Pa
2592000,P_8_13_14,sg,0,
2592000,P_8_13_14,so,1,
2592000,P_8_13_14,sw,0,
2592000,P_13_13_14,pressure,19003400,Pa
2592000,P_13_13_14,sg,0,
2592000,P_13_13_14,so,1,
2592000,P_13_13_14,sw,0,
2592000,P_3_3_13,pressure,19003800,Pa
2592000,P_3_3_13,sg,0,
2592000,P_3_3_13,so,1,
2592000,P_3_3_13,sw,0,
2592000,P_8_3_13,pressure,19043200,Pa
2592000,P_8_3_13,sg,0,
2592000,P_8_3_13,so,1,
2592000,P_8_3_13,sw,0,
2592000,P_13_3_13,pressure,19003000,Pa
2592000,P_13_3_13,sg,0,
2592000,P_13_3_13,so,1,
2592000,P_13_3_13,sw,0,
2592000,P_3_8_13,pressure,19056800,Pa
2592000,P_3_8_13,sg,0,
2592000,P_3_8_13,so,1,
2592000,P_3_8_13,sw,0,
2592000,P_8_8_13,pressure,19062800,Pa
2592000,P_8_8_13,sg,0,
2592000,P_8_8_13,so,1,
2592000,P_8_8_13,sw,0,
2592000,P_13_8_13,pressure,19043200,Pa
2592000,P_13_8_13,sg,0,
2592000,P_13_8_13,so,1,
2592000,P_13_8_13,sw,0,
2592000,P_3_13_13,pressure,19065800,Pa
2592000,P_3_13_13,sg,0.978,
2592000,P_3_13_13,so,0.022,
2592000,P_3_13_13,sw,0,
2592000,P_8_13_13,pressure,19056800,Pa
2592000,P_8_13_13,sg,0,
2592000,P_8_13_13,so,1,
2592000,P_8_13_13,sw,0,
2592000,P_13_13_13,pressure,19003800,Pa
2592000,P_13_13_13,sg,0,
2592000,P_13_13_13,so,1,
2592000,P_13_13_13,sw,0,
5184000,P_3_3_15,pressure,19003200,Pa
5184000,P_3_3_15,sg,0,
5184000,P_3_3_15,so,1,
5184000,P_3_3_15,sw,0,
5184000,P_8_3_15,pressure,19031300,Pa
5184000,P_8_3_15,sg,0,
5184000,P_8_3_15,so,1,
5184000,P_8_3_15,sw,0,
5184000,P_13_3_15,pressure,19002300,Pa
5184000,P_13_3_15,sg,0,
5184000,P_13_3_15,so,1,
5184000,P_13_3_15,sw,0,
5184000,P_3_8_15,pressure,19044800,Pa
5184000,P_3_8_15,sg,0,
5184000,P_3_8_15,so,1,
5184000,P_3_8_15,sw,0,
5184000,P_8_8_15,pressure,19042700,Pa
5184000,P_8_8_15,sg,0,
5184000,P_8_8_15,so,1,
5184000,P_8_8_15,sw,0,
5184000,P_13_8_15,pressure,19031300,Pa
5184000,P_13_8_15,sg,0,
5184000,P_13_8_15,so,1,
5184000,P_13_8_15,sw,0,
5184000,P_3_13_15,pressure,19055100,Pa
5184000,P_3_13_15,sg,0.937,
5184000,P_3_13_15,so,0.063,
5184000,P_3_13_15,sw,0,
5184000,P_8_13_15,pressure,19044800,Pa
5184000,P_8_13_15,sg,0,
5184000,P_8_13_15,so,1,
5184000,P_8_13_15,sw,0,
5184000,P_13_13_15,pressure,19003200,Pa
5184000,P_13_13_15,sg,0,
5184000,P_13_13_15,so,1,
5184000,P_13_13_15,sw,0,
5184000,P_3_3_14,pressure,19003400,Pa
5184000,P_3_3_14,sg,0,
5184000,P_3_3_14,so,1,
5184000,P_3_3_14,sw,0,
5184000,P_8_3_14,pressure,19035100,Pa
5184000,P_8_3_14,sg,0,
5184000,P_8_3_14,so,1,
5184000,P_8_3_14,sw,0,
5184000,P_13_3_14,pressure,19002500,Pa
5184000,P_13_3_14,sg,0,
5184000,P_13_3_14,so,1,
5184000,P_13_3_14,sw,0,
5184000,P_3_8_14,pressure,19048700,Pa
5184000,P_3_8_14,sg,0,
5184000,P_3_8_14,so,1,
5184000,P_3_8_14,sw,0,
5184000,P_8_8_14,pressure,19048400,Pa
5184000,P_8_8_14,sg,0,
5184000,P_8_8_14,so,1,
5184000,P_8_8_14,sw,0,
5184000,P_13_8_14,pressure,19035100,Pa
5184000,P_13_8_14,sg,0,
5184000,P_13_8_14,so,1,
5184000,P_13_8_14,sw,0,
5184000,P_3_13_14,pressure,19058700,Pa
5184000,P_3_13_14,sg,0,
5184000,P_3_13_14,so,1,
5184000,P_3_13_14,sw,0,
5184000,P_8_13_14,pressure,19048700,Pa
5184000,P_8_13_14,sg,0,
5184000,P_8_13_14,so,1,
5184000,P_8_13_14,sw,0,
5184000,P_13_13_14,pressure,19003400,Pa
5184000,P_13_13_14,sg,0,
5184000,P_13_13_14,so,1,
5184000,P_13_13_14,sw,0,
5184000,P_3_3_13,pressure,19003800,Pa
5184000,P_3_3_13,sg,0,
5184000,P_3_3_13,so,1,
5184000,P_3_3_13,sw,0,
5184000,P_8_3_13,pressure,19043200,Pa
5184000,P_8_3_13,sg,0,
5184000,P_8_3_13,so,1,
5184000,P_8_3_13,sw,0,
5184000,P_13_3_13,pressure,19003000,Pa
5184000,P_13_3_13,sg,0,
5184000,P_13_3_13,so,1,
5184000,P_13_3_13,sw,0,
5184000,P_3_8_13,pressure,19056800,Pa
5184000,P_3_8_13,sg,0,
5184000,P_3_8_13,so,1,
5184000,P_3_8_13,sw,0,
5184000,P_8_8_13,pressure,19062800,Pa
5184000,P_8_8_13,sg,0,
5184000,P_8_8_13,so,1,
5184000,P_8_8_13,sw,0,
5184000,P_13_8_13,pressure,19043200,Pa
5184000,P_13_8_13,sg,0,
5184000,P_13_8_13,so,1,
5184000,P_13_8_13,sw,0,
5184000,P_3_13_13,pressure,19065800,Pa
5184000,P_3_13_13,sg,0,
5184000,P_3_13_13,so,1,
5184000,P_3_13_13,sw,0,
5184000,P_8_13_13,pressure,19056800,Pa
5184000,P_8_13_13,sg,0,
5184000,P_8_13_13,so,1,
5184000,P_8_13_13,sw,0,
5184000,P_13_13_13,pressure,19003800,Pa
5184000,P_13_13_13,sg,0,
5184000,P_13_13_13,so,1,
5184000,P_13_13_13,sw,0,
7776000,P_3_3_15,pressure,19003200,Pa
7776000,P_3_3_15,sg,0,
7776000,P_3_3_15,so,1,
7776000,P_3_3_15,sw,0,
7776000,P_8_3_15,pressure,19031300,Pa
7776000,P_8_3_15,sg,0,
7776000,P_8_3_15,so,1,
7776000,P_8_3_15,sw,0,
7776000,P_13_3_15,pressure,19002300,Pa
7776000,P_13_3_15,sg,0,
7776000,P_13_3_15,so,1,
7776000,P_13_3_15,sw,0,
7776000,P_3_8_15,pressure,19044800,Pa
7776000,P_3_8_15,sg,0,
7776000,P_3_8_15,so,1,
7776000,P_3_8_15,sw,0,
7776000,P_8_8_15,pressure,19042700,Pa
7776000,P_8_8_15,sg,0,
7776000,P_8_8_15,so,1,
7776000,P_8_8_15,sw,0,
7776000,P_13_8_15,pressure,19031300,Pa
7776000,P_13_8_15,sg,0,
7776000,P_13_8_15,so,1,
7776000,P_13_8_15,sw,0,
7776000,P_3_13_15,pressure,19055100,Pa
7776000,P_3_13_15,sg,0,
7776000,P_3_13_15,so,1,
7776000,P_3_13_15,sw,0,
7776000,P_8_13_15,pressure,19044800,Pa
7776000,P_8_13_15,sg,0,
7776000,P_8_13_15,so,1,
7776000,P_8_13_15,sw,0,
7776000,P_13_13_15,pressure,19003200,Pa
7776000,P_13_13_15,sg,0,
7776000,P_13_13_15,so,1,
7776000,P_13_13_15,sw,0,
7776000,P_3_3_14,pressure,19003400,Pa
7776000,P_3_3_14,sg,0,
7776000,P_3_3_14,so,1,
7776000,P_3_3_14,sw,0,
7776000,P_8_3_14,pressure,19035100,Pa
7776000,P_8_3_14,sg,0,
7776000,P_8_3_14,so,1,
7776000,P_8_3_14,sw,0,
7776000,P_13_3_14,pressure,19002500,Pa
7776000,P_13_3_14,sg,0,
7776000,P_13_3_14,so,1,
7776000,P_13_3_14,sw,0,
7776000,P_3_8_14,pressure,19048700,Pa
7776000,P_3_8_14,sg,0,
7776000,P_3_8_14,so,1,
7776000,P_3_8_14,sw,0,
7776000,P_8_8_14,pressure,19048400,Pa
7776000,P_8_8_14,sg,0,
7776000,P_8_8_14,so,1,
7776000,P_8_8_14,sw,0,
7776000,P_13_8_14,pressure,19035100,Pa
7776000,P_13_8_14,sg,0,
7776000,P_13_8_14,so,1,
7776000,P_13_8_14,sw,0,
7776000,P_3_13_14,pressure,19058700,Pa
7776000,P_3_13_14,sg,0,
7776000,P_3_13_14,so,1,
7776000,P_3_13_14,sw,0,
7776000,P_8_13_14,pressure,19048700,Pa
7776000,P_8_13_14,sg,0,
7776000,P_8_13_14,so,1,
7776000,P_8_13_14,sw,0,
7776000,P_13_13_14,pressure,19003400,Pa
7776000,P_13_13_14,sg,0,
7776000,P_13_13_14,so,1,
7776000,P_13_13_14,sw,0,
7776000,P_3_3_13,pressure,19003800,Pa
7776000,P_3_3_13,sg,0,
7776000,P_3_3_13,so,1,
7776000,P_3_3_13,sw,0,
7776000,P_8_3_13,pressure,19043200,Pa
7776000,P_8_3_13,sg,0,
7776000,P_8_3_13,so,1,
7776000,P_8_3_13,sw,0,
7776000,P_13_3_13,pressure,19003000,Pa
7776000,P_13_3_13,sg,0,
7776000,P_13_3_13,so,1,
7776000,P_13_3_13,sw,0,
7776000,P_3_8_13,pressure,19056800,Pa
7776000,P_3_8_13,sg,0,
7776000,P_3_8_13,so,1,
7776000,P_3_8_13,sw,0,
7776000,P_8_8_13,pressure,19062800,Pa
7776000,P_8_8_13,sg,0,
7776000,P_8_8_13,so,1,
7776000,P_8_8_13,sw,0,
7776000,P_13_8_13,pressure,19043200,Pa
7776000,P_13_8_13,sg,0,
7776000,P_13_8_13,so,1,
7776000,P_13_8_13,sw,0,
7776000,P_3_13_13,pressure,19065800,Pa
7776000,P_3_13_13,sg,0,
7776000,P_3_13_13,so,1,
7776000,P_3_13_13,sw,0,
7776000,P_8_13_13,pressure,19056800,Pa
7776000,P_8_13_13,sg,0,
7776000,P_8_13_13,so,1,
7776000,P_8_13_13,sw,0,
7776000,P_13_13_13,pressure,19003800,Pa
7776000,P_13_13_13,sg,0,
7776000,P_13_13_13,so,1,
7776000,P_13_13_13,sw,0,
10368000,P_3_3_15,pressure,19003200,Pa
10368000,P_3_3_15,sg,0,
10368000,P_3_3_15,so,1,
10368000,P_3_3_15,sw,0,
10368000,P_8_3_15,pressure,19031300,Pa
10368000,P_8_3_15,sg,0,
10368000,P_8_3_15,so,1,
10368000,P_8_3_15,sw,0,
10368000,P_13_3_15,pressure,19002300,Pa
10368000,P_13_3_15,sg,0,
10368000,P_13_3_15,so,1,
10368000,P_13_3_15,sw,0,
10368000,P_3_8_15,pressure,19044800,Pa
10368000,P_3_8_15,sg,0,
10368000,P_3_8_15,so,1,
10368000,P_3_8_15,sw,0,
10368000,P_8_8_15,pressure,19042700,Pa
10368000,P_8_8_15,sg,0,
10368000,P_8_8_15,so,1,
10368000,P_8_8_15,sw,0,
10368000,P_13_8_15,pressure,19031300,Pa
10368000,P_13_8_15,sg,0,
10368000,P_13_8_15,so,1,
10368000,P_13_8_15,sw,0,
10368000,P_3_13_15,pressure,19055100,Pa
10368000,P_3_13_15,sg,0,
10368000,P_3_13_15,so,1,
10368000,P_3_13_15,sw,0,
10368000,P_8_13_15,pressure,19044800,Pa
10368000,P_8_13_15,sg,0,
10368000,P_8_13_15,so,1,
10368000,P_8_13_15,sw,0,
10368000,P_13_13_15,pressure,19003200,Pa
10368000,P_13_13_15,sg,0,
10368000,P_13_13_15,so,1,
10368000,P_13_13_15,sw,0,
10368000,P_3_3_14,pressure,19003400,Pa
10368000,P_3_3_14,sg,0,
10368000,P_3_3_14,so,1,
10368000,P_3_3_14,sw,0,
10368000,P_8_3_14,pressure,19035100,Pa
10368000,P_8_3_14,sg,0,
10368000,P_8_3_14,so,1,
10368000,P_8_3_14,sw,0,
10368000,P_13_3_14,pressure,19002500,Pa
10368000,P_13_3_14,sg,0,
10368000,P_13_3_14,so,1,
10368000,P_13_3_14,sw,0,
10368000,P_3_8_14,pressure,19048700,Pa
10368000,P_3_8_14,sg,0,
10368000,P_3_8_14,so,1,
10368000,P_3_8_14,sw,0,
10368000,P_8_8_14,pressure,19048400,Pa
10368000,P_8_8_14,sg,0,
10368000,P_8_8_14,so,1,
10368000,P_8_8_14,sw,0,
10368000,P_13_8_14,pressure,19035100,Pa
10368000,P_13_8_14,sg,0,
10368000,P_13_8_14,so,1,
10368000,P_13_8_14,sw,0,
10368000,P_3_13_14,pressure,19058700,Pa
10368000,P_3_13_14,sg,0,
10368000,P_3_13_14,so,1,
10368000,P_3_13_14,sw,0,
10368000,P_8_13_14,pressure,19048700,Pa
10368000,P_8_13_14,sg,0,
10368000,P_8_13_14,so,1,
10368000,P_8_13_14,sw,0,
10368000,P_13_13_14,pressure,19003400,Pa
10368000,P_13_13_14,sg,0,
10368000,P_13_13_14,so,1,
10368000,P_13_13_14,sw,0,
10368000,P_3_3_13,pressure,19003800,Pa
10368000,P_3_3_13,sg,0,
10368000,P_3_3_13,so,1,
10368000,P_3_3_13,sw,0,
10368000,P_8_3_13,pressure,19043200,Pa
10368000,P_8_3_13,sg,0,
10368000,P_8_3_13,so,1,
10368000,P_8_3_13,sw,0,
10368000,P_13_3_13,pressure,19003000,Pa
10368000,P_13_3_13,sg,0,
10368000,P_13_3_13,so,1,
10368000,P_13_3_13,sw,0,
10368000,P_3_8_13,pressure,19056800,Pa
10368000,P_3_8_13,sg,0,
10368000,P_3_8_13,so,1,
10368000,P_3_8_13,sw,0,
10368000,P_8_8_13,pressure,19062800,Pa
10368000,P_8_8_13,sg,0,
10368000,P_8_8_13,so,1,
10368000,P_8_8_13,sw,0,
10368000,P_13_8_13,pressure,19043200,Pa
10368000,P_13_8_13,sg,0,
10368000,P_13_8_13,so,1,
10368000,P_13_8_13,sw,0,
10368000,P_3_13_13,pressure,19065800,Pa
10368000,P_3_13_13,sg,0,
10368000,P_3_13_13,so,1,
10368000,P_3_13_13,sw,0,
10368000,P_8_13_13,pressure,19056800,Pa
10368000,P_8_13_13,sg,0,
10368000,P_8_13_13,so,1,
10368000,P_8_13_13,sw,0,
10368000,P_13_13_13,pressure,19003800,Pa
10368000,P_13_13_13,sg,0,
10368000,P_13_13_13,so,1,
10368000,P_13_13_13,sw,0,
12960000,P_3_3_15,pressure,19003200,Pa
12960000,P_3_3_15,sg,0,
12960000,P_3_3_15,so,1,
12960000,P_3_3_15,sw,0,
12960000,P_8_3_15,pressure,19031300,Pa
12960000,P_8_3_15,sg,0,
12960000,P_8_3_15,so,1,
12960000,P_8_3_15,sw,0,
12960000,P_13_3_15,pressure,19002300,Pa
12960000,P_13_3_15,sg,0,
12960000,P_13_3_15,so,1,
12960000,P_13_3_15,sw,0,
12960000,P_3_8_15,pressure,19044800,Pa
12960000,P_3_8_15,sg,0,
12960000,P_3_8_15,so,1,
12960000,P_3_8_15,sw,0,
12960000,P_8_8_15,pressure,19042700,Pa
12960000,P_8_8_15,sg,0,
12960000,P_8_8_15,so,1,
12960000,P_8_8_15,sw,0,
12960000,P_13_8_15,pressure,19031300,Pa
12960000,P_13_8_15,sg,0,
12960000,P_13_8_15,so,1,
12960000,P_13_8_15,sw,0,
12960000,P_3_13_15,pressure,19055100,Pa
12960000,P_3_13_15,sg,0,
12960000,P_3_13_15,so,1,
12960000,P_3_13_15,sw,0,
12960000,P_8_13_15,pressure,19044800,Pa
12960000,P_8_13_15,sg,0,
12960000,P_8_13_15,so,1,
12960000,P_8_13_15,sw,0,
12960000,P_13_13_15,pressure,19003200,Pa
12960000,P_13_13_15,sg,0,
12960000,P_13_13_15,so,1,
12960000,P_13_13_15,sw,0,
12960000,P_3_3_14,pressure,19003400,Pa
12960000,P_3_3_14,sg,0,
12960000,P_3_3_14,so,1,
12960000,P_3_3_14,sw,0,
12960000,P_8_3_14,pressure,19035100,Pa
12960000,P_8_3_14,sg,0,
12960000,P_8_3_14,so,1,
12960000,P_8_3_14,sw,0,
12960000,P_13_3_14,pressure,19002500,Pa
12960000,P_13_3_14,sg,0,
12960000,P_13_3_14,so,1,
12960000,P_13_3_14,sw,0,
12960000,P_3_8_14,pressure,19048700,Pa
12960000,P_3_8_14,sg,0,
12960000,P_3_8_14,so,1,
12960000,P_3_8_14,sw,0,
12960000,P_8_8_14,pressure,19048400,Pa
12960000,P_8_8_14,sg,0,
12960000,P_8_8_14,so,1,
12960000,P_8_8_14,sw,0,
12960000,P_13_8_14,pressure,19035100,Pa
12960000,P_13_8_14,sg,0,
12960000,P_13_8_14,so,1,
12960000,P_13_8_14,sw,0,
12960000,P_3_13_14,pressure,19058700,Pa
12960000,P_3_13_14,sg,0,
12960000,P_3_13_14,so,1,
12960000,P_3_13_14,sw,0,
12960000,P_8_13_14,pressure,19048700,Pa
12960000,P_8_13_14,sg,0,
12960000,P_8_13_14,so,1,
12960000,P_8_13_14,sw,0,
12960000,P_13_13_14,pressure,19003400,Pa
12960000,P_13_13_14,sg,0,
12960000,P_13_13_14,so,1,
12960000,P_13_13_14,sw,0,
12960000,P_3_3_13,pressure,19003800,Pa
12960000,P_3_3_13,sg,0,
12960000,P_3_3_13,so,1,
12960000,P_3_3_13,sw,0,
12960000,P_8_3_13,pressure,19043200,Pa
12960000,P_8_3_13,sg,0,
12960000,P_8_3_13,so,1,
12960000,P_8_3_13,sw,0,
12960000,P_13_3_13,pressure,19003000,Pa
12960000,P_13_3_13,sg,0,
12960000,P_13_3_13,so,1,
12960000,P_13_3_13,sw,0,
12960000,P_3_8_13,pressure,19056800,Pa
12960000,P_3_8_13,sg,0,
12960000,P_3_8_13,so,1,
12960000,P_3_8_13,sw,0,
12960000,P_8_8_13,pressure,19062800,Pa
12960000,P_8_8_13,sg,0,
12960000,P_8_8_13,so,1,
12960000,P_8_8_13,sw,0,
12960000,P_13_8_13,pressure,19043200,Pa
12960000,P_13_8_13,sg,0,
12960000,P_13_8_13,so,1,
12960000,P_13_8_13,sw,0,
12960000,P_3_13_13,pressure,19065800,Pa
12960000,P_3_13_13,sg,0,
12960000,P_3_13_13,so,1,
12960000,P_3_13_13,sw,0,
12960000,P_8_13_13,pressure,19056800,Pa
12960000,P_8_13_13,sg,0,
12960000,P_8_13_13,so,1,
12960000,P_8_13_13,sw,0,
12960000,P_13_13_13,pressure,19003800,Pa
12960000,P_13_13_13,sg,0,
12960000,P_13_13_13,so,1,
12960000,P_13_13_13,sw,0,
15552000,P_3_3_15,pressure,19003200,Pa
15552000,P_3_3_15,sg,0,
15552000,P_3_3_15,so,1,
15552000,P_3_3_15,sw,0,
15552000,P_8_3_15,pressure,19031300,Pa
15552000,P_8_3_15,sg,0,
15552000,P_8_3_15,so,1,
15552000,P_8_3_15,sw,0,
15552000,P_13_3_15,pressure,19002300,Pa
15552000,P_13_3_15,sg,0,
15552000,P_13_3_15,so,1,
15552000,P_13_3_15,sw,0,
15552000,P_3_8_15,pressure,19044800,Pa
15552000,P_3_8_15,sg,0,
15552000,P_3_8_15,so,1,
15552000,P_3_8_15,sw,0,
15552000,P_8_8_15,pressure,19042700,Pa
15552000,P_8_8_15,sg,0,
15552000,P_8_8_15,so,1,
15552000,P_8_8_15,sw,0,
15552000,P_13_8_15,pressure,19031300,Pa
15552000,P_13_8_15,sg,0,
15552000,P_13_8_15,so,1,
15552000,P_13_8_15,sw,0,
15552000,P_3_13_15,pressure,19055100,Pa
15552000,P_3_13_15,sg,0,
15552000,P_3_13_15,so,1,
15552000,P_3_13_15,sw,0,
15552000,P_8_13_15,pressure,19044800,Pa
15552000,P_8_13_15,sg,0,
15552000,P_8_13_15,so,1,
15552000,P_8_13_15,sw,0,
15552000,P_13_13_15,pressure,19003200,Pa
15552000,P_13_13_15,sg,0,
15552000,P_13_13_15,so,1,
15552000,P_13_13_15,sw,0,
15552000,P_3_3_14,pressure,19003400,Pa
15552000,P_3_3_14,sg,0,
15552000,P_3_3_14,so,1,
15552000,P_3_3_14,sw,0,
15552000,P_8_3_14,pressure,19035100,Pa
15552000,P_8_3_14,sg,0,
15552000,P_8_3_14,so,1,
15552000,P_8_3_14,sw,0,
15552000,P_13_3_14,pressure,19002500,Pa
15552000,P_13_3_14,sg,0,
15552000,P_13_3_14,so,1,
15552000,P_13_3_14,sw,0,
15552000,P_3_8_14,pressure,19048700,Pa
15552000,P_3_8_14,sg,0,
15552000,P_3_8_14,so,1,
15552000,P_3_8_14,sw,0,
15552000,P_8_8_14,pressure,19048400,Pa
15552000,P_8_8_14,sg,0,
15552000,P_8_8_14,so,1,
15552000,P_8_8_14,sw,0,
15552000,P_13_8_14,pressure,19035100,Pa
15552000,P_13_8_14,sg,0,
15552000,P_13_8_14,so,1,
15552000,P_13_8_14,sw,0,
15552000,P_3_13_14,pressure,19058700,Pa
15552000,P_3_13_14,sg,0,
15552000,P_3_13_14,so,1,
15552000,P_3_13_14,sw,0,
15552000,P_8_13_14,pressure,19048700,Pa
15552000,P_8_13_14,sg,0,
15552000,P_8_13_14,so,1,
15552000,P_8_13_14,sw,0,
15552000,P_13_13_14,pressure,19003400,Pa
15552000,P_13_13_14,sg,0,
15552000,P_13_13_14,so,1,
15552000,P_13_13_14,sw,0,
15552000,P_3_3_13,pressure,19003800,Pa
15552000,P_3_3_13,sg,0,
15552000,P_3_3_13,so,1,
15552000,P_3_3_13,sw,0,
15552000,P_8_3_13,pressure,19043200,Pa
15552000,P_8_3_13,sg,0,
15552000,P_8_3_13,so,1,
15552000,P_8_3_13,sw,0,
15552000,P_13_3_13,pressure,19003000,Pa
15552000,P_13_3_13,sg,0,
15552000,P_13_3_13,so,1,
15552000,P_13_3_13,sw,0,
15552000,P_3_8_13,pressure,19056800,Pa
15552000,P_3_8_13,sg,0,
15552000,P_3_8_13,so,1,
15552000,P_3_8_13,sw,0,
15552000,P_8_8_13,pressure,19062800,Pa
15552000,P_8_8_13,sg,0,
15552000,P_8_8_13,so,1,
15552000,P_8_8_13,sw,0,
15552000,P_13_8_13,pressure,19043200,Pa
15552000,P_13_8_13,sg,0,
15552000,P_13_8_13,so,1,
15552000,P_13_8_13,sw,0,
15552000,P_3_13_13,pressure,19065800,Pa
15552000,P_3_13_13,sg,0,
15552000,P_3_13_13,so,1,
15552000,P_3_13_13,sw,0,
15552000,P_8_13_13,pressure,19056800,Pa
15552000,P_8_13_13,sg,0,
15552000,P_8_13_13,so,1,
15552000,P_8_13_13,sw,0,
15552000,P_13_13_13,pressure,19003800,Pa
15552000,P_13_13_13,sg,0,
15552000,P_13_13_13,so,1,
15552000,P_13_13_13,sw,0,
18144000,P_3_3_15,pressure,19003200,Pa
18144000,P_3_3_15,sg,0,
18144000,P_3_3_15,so,1,
18144000,P_3_3_15,sw,0,
18144000,P_8_3_15,pressure,19031300,Pa
18144000,P_8_3_15,sg,0,
18144000,P_8_3_15,so,1,
18144000,P_8_3_15,sw,0,
18144000,P_13_3_15,pressure,19002300,Pa
18144000,P_13_3_15,sg,0,
18144000,P_13_3_15,so,1,
18144000,P_13_3_15,sw,0,
18144000,P_3_8_15,pressure,19044800,Pa
18144000,P_3_8_15,sg,0,
18144000,P_3_8_15,so,1,
18144000,P_3_8_15,sw,0,
18144000,P_8_8_15,pressure,19042700,Pa
18144000,P_8_8_15,sg,0,
18144000,P_8_8_15,so,1,
18144000,P_8_8_15,sw,0,
18144000,P_13_8_15,pressure,19031300,Pa
18144000,P_13_8_15,sg,0,
18144000,P_13_8_15,so,1,
18144000,P_13_8_15,sw,0,
18144000,P_3_13_15,pressure,19055100,Pa
18144000,P_3_13_15,sg,0,
18144000,P_3_13_15,so,1,
18144000,P_3_13_15,sw,0,
18144000,P_8_13_15,pressure,19044800,Pa
18144000,P_8_13_15,sg,0,
18144000,P_8_13_15,so,1,
18144000,P_8_13_15,sw,0,
18144000,P_13_13_15,pressure,19003200,Pa
18144000,P_13_13_15,sg,0,
18144000,P_13_13_15,so,1,
18144000,P_13_13_15,sw,0,
18144000,P_3_3_14,pressure,19003400,Pa
18144000,P_3_3_14,sg,0,
18144000,P_3_3_14,so,1,
18144000,P_3_3_14,sw,0,
18144000,P_8_3_14,pressure,19035100,Pa
18144000,P_8_3_14,sg,0,
18144000,P_8_3_14,so,1,
18144000,P_8_3_14,sw,0,
18144000,P_13_3_14,pressure,19002500,Pa
18144000,P_13_3_14,sg,0,
18144000,P_13_3_14,so,1,
18144000,P_13_3_14,sw,0,
18144000,P_3_8_14,pressure,19048700,Pa
18144000,P_3_8_14,sg,0,
18144000,P_3_8_14,so,1,
18144000,P_3_8_14,sw,0,
18144000,P_8_8_14,pressure,19048400,Pa
18144000,P_8_8_14,sg,0,
18144000,P_8_8_14,so,1,
18144000,P_8_8_14,sw,0,
18144000,P_13_8_14,pressure,19035100,Pa
18144000,P_13_8_14,sg,0,
18144000,P_13_8_14,so,1,
18144000,P_13_8_14,sw,0,
18144000,P_3_13_14,pressure,19058700,Pa
18144000,P_3_13_14,sg,0,
18144000,P_3_13_14,so,1,
18144000,P_3_13_14,sw,0,
18144000,P_8_13_14,pressure,19048700,Pa
18144000,P_8_13_14,sg,0,
18144000,P_8_13_14,so,1,
18144000,P_8_13_14,sw,0,
18144000,P_13_13_14,pressure,19003400,Pa
18144000,P_13_13_14,sg,0,
18144000,P_13_13_14,so,1,
18144000,P_13_13_14,sw,0,
18144000,P_3_3_13,pressure,19003800,Pa
18144000,P_3_3_13,sg,0,
18144000,P_3_3_13,so,1,
18144000,P_3_3_13,sw,0,
18144000,P_8_3_13,pressure,19043200,Pa
18144000,P_8_3_13,sg,0,
18144000,P_8_3_13,so,1,
18144000,P_8_3_13,sw,0,
18144000,P_13_3_13,pressure,19003000,Pa
18144000,P_13_3_13,sg,0,
18144000,P_13_3_13,so,1,
18144000,P_13_3_13,sw,0,
18144000,P_3_8_13,pressure,19056800,Pa
18144000,P_3_8_13,sg,0,
18144000,P_3_8_13,so,1,
18144000,P_3_8_13,sw,0,
18144000,P_8_8_13,pressure,19062800,Pa
18144000,P_8_8_13,sg,0,
18144000,P_8_8_13,so,1,
18144000,P_8_8_13,sw,0,
18144000,P_13_8_13,pressure,19043200,Pa
18144000,P_13_8_13,sg,0,
18144000,P_13_8_13,so,1,
18144000,P_13_8_13,sw,0,
18144000,P_3_13_13,pressure,19065800,Pa
18144000,P_3_13_13,sg,0,
18144000,P_3_13_13,so,1,
18144000,P_3_13_13,sw,0,
18144000,P_8_13_13,pressure,19056800,Pa
18144000,P_8_13_13,sg,0,
18144000,P_8_13_13,so,1,
18144000,P_8_13_13,sw,0,
18144000,P_13_13_13,pressure,19003800,Pa
18144000,P_13_13_13,sg,0,
18144000,P_13_13_13,so,1,
18144000,P_13_13_13,sw,0,
20736000,P_3_3_15,pressure,19003200,Pa
20736000,P_3_3_15,sg,0,
20736000,P_3_3_15,so,1,
20736000,P_3_3_15,sw,0,
20736000,P_8_3_15,pressure,19031300,Pa
20736000,P_8_3_15,sg,0,
20736000,P_8_3_15,so,1,
20736000,P_8_3_15,sw,0,
20736000,P_13_3_15,pressure,19002300,Pa
20736000,P_13_3_15,sg,0,
20736000,P_13_3_15,so,1,
20736000,P_13_3_15,sw,0,
20736000,P_3_8_15,pressure,19044800,Pa
20736000,P_3_8_15,sg,0,
20736000,P_3_8_15,so,1,
20736000,P_3_8_15,sw,0,
20736000,P_8_8_15,pressure,19042700,Pa
20736000,P_8_8_15,sg,0,
20736000,P_8_8_15,so,1,
20736000,P_8_8_15,sw,0,
20736000,P_13_8_15,pressure,19031300,Pa
20736000,P_13_8_15,sg,0,
20736000,P_13_8_15,so,1,
20736000,P_13_8_15,sw,0,
20736000,P_3_13_15,pressure,19055100,Pa
20736000,P_3_13_15,sg,0,
20736000,P_3_13_15,so,1,
20736000,P_3_13_15,sw,0,
20736000,P_8_13_15,pressure,19044800,Pa
20736000,P_8_13_15,sg,0,
20736000,P_8_13_15,so,1,
20736000,P_8_13_15,sw,0,
20736000,P_13_13_15,pressure,19003200,Pa
20736000,P_13_13_15,sg,0,
20736000,P_13_13_15,so,1,
20736000,P_13_13_15,sw,0,
20736000,P_3_3_14,pressure,19003400,Pa
20736000,P_3_3_14,sg,0,
20736000,P_3_3_14,so,1,
20736000,P_3_3_14,sw,0,
20736000,P_8_3_14,pressure,19035100,Pa
20736000,P_8_3_14,sg,0,
20736000,P_8_3_14,so,1,
20736000,P_8_3_14,sw,0,
20736000,P_13_3_14,pressure,19002500,Pa
20736000,P_13_3_14,sg,0,
20736000,P_13_3_14,so,1,
20736000,P_13_3_14,sw,0,
20736000,P_3_8_14,pressure,19048700,Pa
20736000,P_3_8_14,sg,0,
20736000,P_3_8_14,so,1,
20736000,P_3_8_14,sw,0,
20736000,P_8_8_14,pressure,19048400,Pa
20736000,P_8_8_14,sg,0,
20736000,P_8_8_14,so,1,
20736000,P_8_8_14,sw,0,
20736000,P_13_8_14,pressure,19035100,Pa
20736000,P_13_8_14,sg,0,
20736000,P_13_8_14,so,1,
20736000,P_13_8_14,sw,0,
20736000,P_3_13_14,pressure,19058700,Pa
20736000,P_3_13_14,sg,0,
20736000,P_3_13_14,so,1,
20736000,P_3_13_14,sw,0,
20736000,P_8_13_14,pressure,19048700,Pa
20736000,P_8_13_14,sg,0,
20736000,P_8_13_14,so,1,
20736000,P_8_13_14,sw,0,
20736000,P_13_13_14,pressure,19003400,Pa
20736000,P_13_13_14,sg,0,
20736000,P_13_13_14,so,1,
20736000,P_13_13_14,sw,0,
20736000,P_3_3_13,pressure,19003800,Pa
20736000,P_3_3_13,sg,0,
20736000,P_3_3_13,so,1,
20736000,P_3_3_13,sw,0,
20736000,P_8_3_13,pressure,19043200,Pa
20736000,P_8_3_13,sg,0,
20736000,P_8_3_13,so,1,
20736000,P_8_3_13,sw,0,
20736000,P_13_3_13,pressure,19003000,Pa
20736000,P_13_3_13,sg,0,
20736000,P_13_3_13,so,1,
20736000,P_13_3_13,sw,0,
20736000,P_3_8_13,pressure,19056800,Pa
20736000,P_3_8_13,sg,0,
20736000,P_3_8_13,so,1,
20736000,P_3_8_13,sw,0,
20736000,P_8_8_13,pressure,19062800,Pa
20736000,P_8_8_13,sg,0,
20736000,P_8_8_13,so,1,
20736000,P_8_8_13,sw,0,
20736000,P_13_8_13,pressure,19043200,Pa
20736000,P_13_8_13,sg,0,
20736000,P_13_8_13,so,1,
20736000,P_13_8_13,sw,0,
20736000,P_3_13_13,pressure,19065800,Pa
20736000,P_3_13_13,sg,0,
20736000,P_3_13_13,so,1,
20736000,P_3_13_13,sw,0,
20736000,P_8_13_13,pressure,19056800,Pa
20736000,P_8_13_13,sg,0,
20736000,P_8_13_13,so,1,
20736000,P_8_13_13,sw,0,
20736000,P_13_13_13,pressure,19003800,Pa
20736000,P_13_13_13,sg,0,
20736000,P_13_13_13,so,1,
20736000,P_13_13_13,sw,0,
23328000,P_3_3_15,pressure,19003200,Pa
23328000,P_3_3_15,sg,0,
23328000,P_3_3_15,so,1,
23328000,P_3_3_15,sw,0,
23328000,P_8_3_15,pressure,19031300,Pa
23328000,P_8_3_15,sg,0,
23328000,P_8_3_15,so,1,
23328000,P_8_3_15,sw,0,
23328000,P_13_3_15,pressure,19002300,Pa
23328000,P_13_3_15,sg,0,
23328000,P_13_3_15,so,1,
23328000,P_13_3_15,sw,0,
23328000,P_3_8_15,pressure,19044800,Pa
23328000,P_3_8_15,sg,0,
23328000,P_3_8_15,so,1,
23328000,P_3_8_15,sw,0,
23328000,P_8_8_15,pressure,19042700,Pa
23328000,P_8_8_15,sg,0,
23328000,P_8_8_15,so,1,
23328000,P_8_8_15,sw,0,
23328000,P_13_8_15,pressure,19031300,Pa
23328000,P_13_8_15,sg,0,
23328000,P_13_8_15,so,1,
23328000,P_13_8_15,sw,0,
23328000,P_3_13_15,pressure,19055100,Pa
23328000,P_3_13_15,sg,0,
23328000,P_3_13_15,so,1,
23328000,P_3_13_15,sw,0,
23328000,P_8_13_15,pressure,19044800,Pa
23328000,P_8_13_15,sg,0,
23328000,P_8_13_15,so,1,
23328000,P_8_13_15,sw,0,
23328000,P_13_13_15,pressure,19003200,Pa
23328000,P_13_13_15,sg,0,
23328000,P_13_13_15,so,1,
23328000,P_13_13_15,sw,0,
23328000,P_3_3_14,pressure,19003400,Pa
23328000,P_3_3_14,sg,0,
23328000,P_3_3_14,so,1,
23328000,P_3_3_14,sw,0,
23328000,P_8_3_14,pressure,19035100,Pa
23328000,P_8_3_14,sg,0,
23328000,P_8_3_14,so,1,
23328000,P_8_3_14,sw,0,
23328000,P_13_3_14,pressure,19002500,Pa
23328000,P_13_3_14,sg,0,
23328000,P_13_3_14,so,1,
23328000,P_13_3_14,sw,0,
23328000,P_3_8_14,pressure,19048700,Pa
23328000,P_3_8_14,sg,0,
23328000,P_3_8_14,so,1,
23328000,P_3_8_14,sw,0,
23328000,P_8_8_14,pressure,19048400,Pa
23328000,P_8_8_14,sg,0,
23328000,P_8_8_14,so,1,
23328000,P_8_8_14,sw,0,
23328000,P_13_8_14,pressure,19035100,Pa
23328000,P_13_8_14,sg,0,
23328000,P_13_8_14,so,1,
23328000,P_13_8_14,sw,0,
23328000,P_3_13_14,pressure,19058700,Pa
23328000,P_3_13_14,sg,0,
23328000,P_3_13_14,so,1,
23328000,P_3_13_14,sw,0,
23328000,P_8_13_14,pressure,19048700,Pa
23328000,P_8_13_14,sg,0,
23328000,P_8_13_14,so,1,
23328000,P_8_13_14,sw,0,
23328000,P_13_13_14,pressure,19003400,Pa
23328000,P_13_13_14,sg,0,
23328000,P_13_13_14,so,1,
23328000,P_13_13_14,sw,0,
23328000,P_3_3_13,pressure,19003800,Pa
23328000,P_3_3_13,sg,0,
23328000,P_3_3_13,so,1,
23328000,P_3_3_13,sw,0,
23328000,P_8_3_13,pressure,19043200,Pa
23328000,P_8_3_13,sg,0,
23328000,P_8_3_13,so,1,
23328000,P_8_3_13,sw,0,
23328000,P_13_3_13,pressure,19003000,Pa
23328000,P_13_3_13,sg,0,
23328000,P_13_3_13,so,1,
23328000,P_13_3_13,sw,0,
23328000,P_3_8_13,pressure,19056800,Pa
23328000,P_3_8_13,sg,0,
23328000,P_3_8_13,so,1,
23328000,P_3_8_13,sw,0,
23328000,P_8_8_13,pressure,19062800,Pa
23328000,P_8_8_13,sg,0,
23328000,P_8_8_13,so,1,
23328000,P_8_8_13,sw,0,
23328000,P_13_8_13,pressure,19043200,Pa
23328000,P_13_8_13,sg,0,
23328000,P_13_8_13,so,1,
23328000,P_13_8_13,sw,0,
23328000,P_3_13_13,pressure,19065800,Pa
23328000,P_3_13_13,sg,0,
23328000,P_3_13_13,so,1,
23328000,P_3_13_13,sw,0,
23328000,P_8_13_13,pressure,19056800,Pa
23328000,P_8_13_13,sg,0,
23328000,P_8_13_13,so,1,
23328000,P_8_13_13,sw,0,
23328000,P_13_13_13,pressure,19003800,Pa
23328000,P_13_13_13,sg,0,
23328000,P_13_13_13,so,1,
23328000,P_13_13_13,sw,0,
25920000,P_3_3_15,pressure,19003200,Pa
25920000,P_3_3_15,sg,0,
25920000,P_3_3_15,so,1,
25920000,P_3_3_15,sw,0,
25920000,P_8_3_15,pressure,19031300,Pa
25920000,P_8_3_15,sg,0,
25920000,P_8_3_15,so,1,
25920000,P_8_3_15,sw,0,
25920000,P_13_3_15,pressure,19002300,Pa
25920000,P_13_3_15,sg,0,
25920000,P_13_3_15,so,1,
25920000,P_13_3_15,sw,0,
25920000,P_3_8_15,pressure,19044800,Pa
25920000,P_3_8_15,sg,0,
25920000,P_3_8_15,so,1,
25920000,P_3_8_15,sw,0,
25920000,P_8_8_15,pressure,19042700,Pa
25920000,P_8_8_15,sg,0,
25920000,P_8_8_15,so,1,
25920000,P_8_8_15,sw,0,
25920000,P_13_8_15,pressure,19031300,Pa
25920000,P_13_8_15,sg,0,
25920000,P_13_8_15,so,1,
25920000,P_13_8_15,sw,0,
25920000,P_3_13_15,pressure,19055100,Pa
25920000,P_3_13_15,sg,0,
25920000,P_3_13_15,so,1,
25920000,P_3_13_15,sw,0,
25920000,P_8_13_15,pressure,19044800,Pa
25920000,P_8_13_15,sg,0,
25920000,P_8_13_15,so,1,
25920000,P_8_13_15,sw,0,
25920000,P_13_13_15,pressure,19003200,Pa
25920000,P_13_13_15,sg,0,
25920000,P_13_13_15,so,1,
25920000,P_13_13_15,sw,0,
25920000,P_3_3_14,pressure,19003400,Pa
25920000,P_3_3_14,sg,0,
25920000,P_3_3_14,so,1,
25920000,P_3_3_14,sw,0,
25920000,P_8_3_14,pressure,19035100,Pa
25920000,P_8_3_14,sg,0,
25920000,P_8_3_14,so,1,
25920000,P_8_3_14,sw,0,
25920000,P_13_3_14,pressure,19002500,Pa
25920000,P_13_3_14,sg,0,
25920000,P_13_3_14,so,1,
25920000,P_13_3_14,sw,0,
25920000,P_3_8_14,pressure,19048700,Pa
25920000,P_3_8_14,sg,0,
25920000,P_3_8_14,so,1,
25920000,P_3_8_14,sw,0,
25920000,P_8_8_14,pressure,19048400,Pa
25920000,P_8_8_14,sg,0,
25920000,P_8_8_14,so,1,
25920000,P_8_8_14,sw,0,
25920000,P_13_8_14,pressure,19035100,Pa
25920000,P_13_8_14,sg,0,
25920000,P_13_8_14,so,1,
25920000,P_13_8_14,sw,0,
25920000,P_3_13_14,pressure,19058700,Pa
25920000,P_3_13_14,sg,0,
25920000,P_3_13_14,so,1,
25920000,P_3_13_14,sw,0,
25920000,P_8_13_14,pressure,19048700,Pa
25920000,P_8_13_14,sg,0,
25920000,P_8_13_14,so,1,
25920000,P_8_13_14,sw,0,
25920000,P_13_13_14,pressure,19003400,Pa
25920000,P_13_13_14,sg,0,
25920000,P_13_13_14,so,1,
25920000,P_13_13_14,sw,0,
25920000,P_3_3_13,pressure,19003800,Pa
25920000,P_3_3_13,sg,0,
25920000,P_3_3_13,so,1,
25920000,P_3_3_13,sw,0,
25920000,P_8_3_13,pressure,19043200,Pa
25920000,P_8_3_13,sg,0,
25920000,P_8_3_13,so,1,
25920000,P_8_3_13,sw,0,
25920000,P_13_3_13,pressure,19003000,Pa
25920000,P_13_3_13,sg,0,
25920000,P_13_3_13,so,1,
25920000,P_13_3_13,sw,0,
25920000,P_3_8_13,pressure,19056800,Pa
25920000,P_3_8_13,sg,0,
25920000,P_3_8_13,so,1,
25920000,P_3_8_13,sw,0,
25920000,P_8_8_13,pressure,19062800,Pa
25920000,P_8_8_13,sg,0,
25920000,P_8_8_13,so,1,
25920000,P_8_8_13,sw,0,
25920000,P_13_8_13,pressure,19043200,Pa
25920000,P_13_8_13,sg,0,
25920000,P_13_8_13,so,1,
25920000,P_13_8_13,sw,0,
25920000,P_3_13_13,pressure,19065800,Pa
25920000,P_3_13_13,sg,0,
25920000,P_3_13_13,so,1,
25920000,P_3_13_13,sw,0,
25920000,P_8_13_13,pressure,19056800,Pa
25920000,P_8_13_13,sg,0,
25920000,P_8_13_13,so,1,
25920000,P_8_13_13,sw,0,
25920000,P_13_13_13,pressure,19003800,Pa
25920000,P_13_13_13,sg,0,
25920000,P_13_13_13,so,1,
25920000,P_13_13_13,sw,0,
28512000,P_3_3_15,pressure,19003200,Pa
28512000,P_3_3_15,sg,0,
28512000,P_3_3_15,so,1,
28512000,P_3_3_15,sw,0,
28512000,P_8_3_15,pressure,19031300,Pa
28512000,P_8_3_15,sg,0,
28512000,P_8_3_15,so,1,
28512000,P_8_3_15,sw,0,
28512000,P_13_3_15,pressure,19002300,Pa
28512000,P_13_3_15,sg,0,
28512000,P_13_3_15,so,1,
28512000,P_13_3_15,sw,0,
28512000,P_3_8_15,pressure,19044800,Pa
28512000,P_3_8_15,sg,0,
28512000,P_3_8_15,so,1,
28512000,P_3_8_15,sw,0,
28512000,P_8_8_15,pressure,19042700,Pa
28512000,P_8_8_15,sg,0,
28512000,P_8_8_15,so,1,
28512000,P_8_8_15,sw,0,
28512000,P_13_8_15,pressure,19031300,Pa
28512000,P_13_8_15,sg,0,
28512000,P_13_8_15,so,1,
28512000,P_13_8_15,sw,0,
28512000,P_3_13_15,pressure,19055100,Pa
28512000,P_3_13_15,sg,0,
28512000,P_3_13_15,so,1,
28512000,P_3_13_15,sw,0,
28512000,P_8_13_15,pressure,19044800,Pa
28512000,P_8_13_15,sg,0,
28512000,P_8_13_15,so,1,
28512000,P_8_13_15,sw,0,
28512000,P_13_13_15,pressure,19003200,Pa
28512000,P_13_13_15,sg,0,
28512000,P_13_13_15,so,1,
28512000,P_13_13_15,sw,0,
28512000,P_3_3_14,pressure,19003400,Pa
28512000,P_3_3_14,sg,0,
28512000,P_3_3_14,so,1,
28512000,P_3_3_14,sw,0,
28512000,P_8_3_14,pressure,19035100,Pa
28512000,P_8_3_14,sg,0,
28512000,P_8_3_14,so,1,
28512000,P_8_3_14,sw,0,
28512000,P_13_3_14,pressure,19002500,Pa
28512000,P_13_3_14,sg,0,
28512000,P_13_3_14,so,1,
28512000,P_13_3_14,sw,0,
28512000,P_3_8_14,pressure,19048700,Pa
28512000,P_3_8_14,sg,0,
28512000,P_3_8_14,so,1,
28512000,P_3_8_14,sw,0,
28512000,P_8_8_14,pressure,19048400,Pa
28512000,P_8_8_14,sg,0,
28512000,P_8_8_14,so,1,
28512000,P_8_8_14,sw,0,
28512000,P_13_8_14,pressure,19035100,Pa
28512000,P_13_8_14,sg,0,
28512000,P_13_8_14,so,1,
28512000,P_13_8_14,sw,0,
28512000,P_3_13_14,pressure,19058700,Pa
28512000,P_3_13_14,sg,0,
28512000,P_3_13_14,so,1,
28512000,P_3_13_14,sw,0,
28512000,P_8_13_14,pressure,19048700,Pa
28512000,P_8_13_14,sg,0,
28512000,P_8_13_14,so,1,
28512000,P_8_13_14,sw,0,
28512000,P_13_13_14,pressure,19003400,Pa
28512000,P_13_13_14,sg,0,
28512000,P_13_13_14,so,1,
28512000,P_13_13_14,sw,0,
28512000,P_3_3_13,pressure,19003800,Pa
28512000,P_3_3_13,sg,0,
28512000,P_3_3_13,so,1,
28512000,P_3_3_13,sw,0,
28512000,P_8_3_13,pressure,19043200,Pa
28512000,P_8_3_13,sg,0,
28512000,P_8_3_13,so,1,
28512000,P_8_3_13,sw,0,
28512000,P_13_3_13,pressure,19003000,Pa
28512000,P_13_3_13,sg,0,
28512000,P_13_3_13,so,1,
28512000,P_13_3_13,sw,0,
28512000,P_3_8_13,pressure,19056800,Pa
28512000,P_3_8_13,sg,0,
28512000,P_3_8_13,so,1,
28512000,P_3_8_13,sw,0,
28512000,P_8_8_13,pressure,19062800,Pa
28512000,P_8_8_13,sg,0,
28512000,P_8_8_13,so,1,
28512000,P_8_8_13,sw,0,
28512000,P_13_8_13,pressure,19043200,Pa
28512000,P_13_8_13,sg,0,
28512000,P_13_8_13,so,1,
28512000,P_13_8_13,sw,0,
28512000,P_3_13_13,pressure,19065800,Pa
28512000,P_3_13_13,sg,0,
28512000,P_3_13_13,so,1,
28512000,P_3_13_13,sw,0,
28512000,P_8_13_13,pressure,19056800,Pa
28512000,P_8_13_13,sg,0,
28512000,P_8_13_13,so,1,
28512000,P_8_13_13,sw,0,
28512000,P_13_13_13,pressure,19003800,Pa
28512000,P_13_13_13,sg,0,
28512000,P_13_13_13,so,1,
28512000,P_13_13_13,sw,0,
31104000,P_3_3_15,pressure,19003200,Pa
31104000,P_3_3_15,sg,0,
31104000,P_3_3_15,so,1,
31104000,P_3_3_15,sw,0,
31104000,P_8_3_15,pressure,19031300,Pa
31104000,P_8_3_15,sg,0,
31104000,P_8_3_15,so,1,
31104000,P_8_3_15,sw,0,
31104000,P_13_3_15,pressure,19002300,Pa
31104000,P_13_3_15,sg,0,
31104000,P_13_3_15,so,1,
31104000,P_13_3_15,sw,0,
31104000,P_3_8_15,pressure,19044800,Pa
31104000,P_3_8_15,sg,0,
31104000,P_3_8_15,so,1,
31104000,P_3_8_15,sw,0,
31104000,P_8_8_15,pressure,19042700,Pa
31104000,P_8_8_15,sg,0,
31104000,P_8_8_15,so,1,
31104000,P_8_8_15,sw,0,
31104000,P_13_8_15,pressure,19031300,Pa
31104000,P_13_8_15,sg,0,
31104000,P_13_8_15,so,1,
31104000,P_13_8_15,sw,0,
31104000,P_3_13_15,pressure,19055100,Pa
31104000,P_3_13_15,sg,0,
31104000,P_3_13_15,so,1,
31104000,P_3_13_15,sw,0,
31104000,P_8_13_15,pressure,19044800,Pa
31104000,P_8_13_15,sg,0,
31104000,P_8_13_15,so,1,
31104000,P_8_13_15,sw,0,
31104000,P_13_13_15,pressure,19003200,Pa
31104000,P_13_13_15,sg,0,
31104000,P_13_13_15,so,1,
31104000,P_13_13_15,sw,0,
31104000,P_3_3_14,pressure,19003400,Pa
31104000,P_3_3_14,sg,0,
31104000,P_3_3_14,so,1,
31104000,P_3_3_14,sw,0,
31104000,P_8_3_14,pressure,19035100,Pa
31104000,P_8_3_14,sg,0,
31104000,P_8_3_14,so,1,
31104000,P_8_3_14,sw,0,
31104000,P_13_3_14,pressure,19002500,Pa
31104000,P_13_3_14,sg,0,
31104000,P_13_3_14,so,1,
31104000,P_13_3_14,sw,0,
31104000,P_3_8_14,pressure,19048700,Pa
31104000,P_3_8_14,sg,0,
31104000,P_3_8_14,so,1,
31104000,P_3_8_14,sw,0,
31104000,P_8_8_14,pressure,19048400,Pa
31104000,P_8_8_14,sg,0,
31104000,P_8_8_14,so,1,
31104000,P_8_8_14,sw,0,
31104000,P_13_8_14,pressure,19035100,Pa
31104000,P_13_8_14,sg,0,
31104000,P_13_8_14,so,1,
31104000,P_13_8_14,sw,0,
31104000,P_3_13_14,pressure,19058700,Pa
31104000,P_3_13_14,sg,0,
31104000,P_3_13_14,so,1,
31104000,P_3_13_14,sw,0,
31104000,P_8_13_14,pressure,19048700,Pa
31104000,P_8_13_14,sg,0,
31104000,P_8_13_14,so,1,
31104000,P_8_13_14,sw,0,
31104000,P_13_13_14,pressure,19003400,Pa
31104000,P_13_13_14,sg,0,
31104000,P_13_13_14,so,1,
31104000,P_13_13_14,sw,0,
31104000,P_3_3_13,pressure,19003800,Pa
31104000,P_3_3_13,sg,0,
31104000,P_3_3_13,so,1,
31104000,P_3_3_13,sw,0,
31104000,P_8_3_13,pressure,19043200,Pa
31104000,P_8_3_13,sg,0,
31104000,P_8_3_13,so,1,
31104000,P_8_3_13,sw,0,
31104000,P_13_3_13,pressure,19003000,Pa
31104000,P_13_3_13,sg,0,
31104000,P_13_3_13,so,1,
31104000,P_13_3_13,sw,0,
31104000,P_3_8_13,pressure,19056800,Pa
31104000,P_3_8_13,sg,0,
31104000,P_3_8_13,so,1,
31104000,P_3_8_13,sw,0,
31104000,P_8_8_13,pressure,19062800,Pa
31104000,P_8_8_13,sg,0,
31104000,P_8_8_13,so,1,
31104000,P_8_8_13,sw,0,
31104000,P_13_8_13,pressure,19043200,Pa
31104000,P_13_8_13,sg,0,
31104000,P_13_8_13,so,1,
31104000,P_13_8_13,sw,0,
31104000,P_3_13_13,pressure,19065800,Pa
31104000,P_3_13_13,sg,0,
31104000,P_3_13_13,so,1,
31104000,P_3_13_13,sw,0,
31104000,P_8_13_13,pressure,19056800,Pa
31104000,P_8_13_13,sg,0,
31104000,P_8_13_13,so,1,
31104000,P_8_13_13,sw,0,
31104000,P_13_13_13,pressure,19003800,Pa
31104000,P_13_13_13,sg,0,
31104000,P_13_13_13,so,1,
31104000,P_13_13_13,sw,0,
33696000,P_3_3_15,pressure,19003200,Pa
33696000,P_3_3_15,sg,0,
33696000,P_3_3_15,so,1,
33696000,P_3_3_15,sw,0,
33696000,P_8_3_15,pressure,19031300,Pa
33696000,P_8_3_15,sg,0,
33696000,P_8_3_15,so,1,
33696000,P_8_3_15,sw,0,
33696000,P_13_3_15,pressure,19002300,Pa
33696000,P_13_3_15,sg,0,
33696000,P_13_3_15,so,1,
33696000,P_13_3_15,sw,0,
33696000,P_3_8_15,pressure,19044800,Pa
33696000,P_3_8_15,sg,0,
33696000,P_3_8_15,so,1,
33696000,P_3_8_15,sw,0,
33696000,P_8_8_15,pressure,19042700,Pa
33696000,P_8_8_15,sg,0,
33696000,P_8_8_15,so,1,
33696000,P_8_8_15,sw,0,
33696000,P_13_8_15,pressure,19031300,Pa
33696000,P_13_8_15,sg,0,
33696000,P_13_8_15,so,1,
33696000,P_13_8_15,sw,0,
33696000,P_3_13_15,pressure,19055100,Pa
33696000,P_3_13_15,sg,0,
33696000,P_3_13_15,so,1,
33696000,P_3_13_15,sw,0,
33696000,P_8_13_15,pressure,19044800,Pa
33696000,P_8_13_15,sg,0,
33696000,P_8_13_15,so,1,
33696000,P_8_13_15,sw,0,
33696000,P_13_13_15,pressure,19003200,Pa
33696000,P_13_13_15,sg,0,
33696000,P_13_13_15,so,1,
33696000,P_13_13_15,sw,0,
33696000,P_3_3_14,pressure,19003400,Pa
33696000,P_3_3_14,sg,0,
33696000,P_3_3_14,so,1,
33696000,P_3_3_14,sw,0,
33696000,P_8_3_14,pressure,19035100,Pa
33696000,P_8_3_14,sg,0,
33696000,P_8_3_14,so,1,
33696000,P_8_3_14,sw,0,
33696000,P_13_3_14,pressure,19002500,Pa
33696000,P_13_3_14,sg,0,
33696000,P_13_3_14,so,1,
33696000,P_13_3_14,sw,0,
33696000,P_3_8_14,pressure,19048700,Pa
33696000,P_3_8_14,sg,0,
33696000,P_3_8_14,so,1,
33696000,P_3_8_14,sw,0,
33696000,P_8_8_14,pressure,19048400,Pa
33696000,P_8_8_14,sg,0,
33696000,P_8_8_14,so,1,
33696000,P_8_8_14,sw,0,
33696000,P_13_8_14,pressure,19035100,Pa
33696000,P_13_8_14,sg,0,
33696000,P_13_8_14,so,1,
33696000,P_13_8_14,sw,0,
33696000,P_3_13_14,pressure,19058700,Pa
33696000,P_3_13_14,sg,0,
33696000,P_3_13_14,so,1,
33696000,P_3_13_14,sw,0,
33696000,P_8_13_14,pressure,19048700,Pa
33696000,P_8_13_14,sg,0,
33696000,P_8_13_14,so,1,
33696000,P_8_13_14,sw,0,
33696000,P_13_13_14,pressure,19003400,Pa
33696000,P_13_13_14,sg,0,
33696000,P_13_13_14,so,1,
33696000,P_13_13_14,sw,0,
33696000,P_3_3_13,pressure,19003800,Pa
33696000,P_3_3_13,sg,0,
33696000,P_3_3_13,so,1,
33696000,P_3_3_13,sw,0,
33696000,P_8_3_13,pressure,19043200,Pa
33696000,P_8_3_13,sg,0,
33696000,P_8_3_13,so,1,
33696000,P_8_3_13,sw,0,
33696000,P_13_3_13,pressure,19003000,Pa
33696000,P_13_3_13,sg,0,
33696000,P_13_3_13,so,1,
33696000,P_13_3_13,sw,0,
33696000,P_3_8_13,pressure,19056800,Pa
33696000,P_3_8_13,sg,0,
33696000,P_3_8_13,so,1,
33696000,P_3_8_13,sw,0,
33696000,P_8_8_13,pressure,19062800,Pa
33696000,P_8_8_13,sg,0,
33696000,P_8_8_13,so,1,
33696000,P_8_8_13,sw,0,
33696000,P_13_8_13,pressure,19043200,Pa
33696000,P_13_8_13,sg,0,
33696000,P_13_8_13,so,1,
33696000,P_13_8_13,sw,0,
33696000,P_3_13_13,pressure,19065800,Pa
33696000,P_3_13_13,sg,0,
33696000,P_3_13_13,so,1,
33696000,P_3_13_13,sw,0,
33696000,P_8_13_13,pressure,19056800,Pa
33696000,P_8_13_13,sg,0,
33696000,P_8_13_13,so,1,
33696000,P_8_13_13,sw,0,
33696000,P_13_13_13,pressure,19003800,Pa
33696000,P_13_13_13,sg,0,
33696000,P_13_13_13,so,1,
33696000,P_13_13_13,sw,0,
36288000,P_3_3_15,pressure,19003200,Pa
36288000,P_3_3_15,sg,0,
36288000,P_3_3_15,so,1,
36288000,P_3_3_15,sw,0,
36288000,P_8_3_15,pressure,19031300,Pa
36288000,P_8_3_15,sg,0,
36288000,P_8_3_15,so,1,
36288000,P_8_3_15,sw,0,
36288000,P_13_3_15,pressure,19002300,Pa
36288000,P_13_3_15,sg,0,
36288000,P_13_3_15,so,1,
36288000,P_13_3_15,sw,0,
36288000,P_3_8_15,pressure,19044800,Pa
36288000,P_3_8_15,sg,0,
36288000,P_3_8_15,so,1,
36288000,P_3_8_15,sw,0,
36288000,P_8_8_15,pressure,19042700,Pa
36288000,P_8_8_15,sg,0,
36288000,P_8_8_15,so,1,
36288000,P_8_8_15,sw,0,
36288000,P_13_8_15,pressure,19031300,Pa
36288000,P_13_8_15,sg,0,
36288000,P_13_8_15,so,1,
36288000,P_13_8_15,sw,0,
36288000,P_3_13_15,pressure,19055100,Pa
36288000,P_3_13_15,sg,0,
36288000,P_3_13_15,so,1,
36288000,P_3_13_15,sw,0,
36288000,P_8_13_15,pressure,19044800,Pa
36288000,P_8_13_15,sg,0,
36288000,P_8_13_15,so,1,
36288000,P_8_13_15,sw,0,
36288000,P_13_13_15,pressure,19003200,Pa
36288000,P_13_13_15,sg,0,
36288000,P_13_13_15,so,1,
36288000,P_13_13_15,sw,0,
36288000,P_3_3_14,pressure,19003400,Pa
36288000,P_3_3_14,sg,0,
36288000,P_3_3_14,so,1,
36288000,P_3_3_14,sw,0,
36288000,P_8_3_14,pressure,19035100,Pa
36288000,P_8_3_14,sg,0,
36288000,P_8_3_14,so,1,
36288000,P_8_3_14,sw,0,
36288000,P_13_3_14,pressure,19002500,Pa
36288000,P_13_3_14,sg,0,
36288000,P_13_3_14,so,1,
36288000,P_13_3_14,sw,0,
36288000,P_3_8_14,pressure,19048700,Pa
36288000,P_3_8_14,sg,0,
36288000,P_3_8_14,so,1,
36288000,P_3_8_14,sw,0,
36288000,P_8_8_14,pressure,19048400,Pa
36288000,P_8_8_14,sg,0,
36288000,P_8_8_14,so,1,
36288000,P_8_8_14,sw,0,
36288000,P_13_8_14,pressure,19035100,Pa
36288000,P_13_8_14,sg,0,
36288000,P_13_8_14,so,1,
36288000,P_13_8_14,sw,0,
36288000,P_3_13_14,pressure,19058700,Pa
36288000,P_3_13_14,sg,0,
36288000,P_3_13_14,so,1,
36288000,P_3_13_14,sw,0,
36288000,P_8_13_14,pressure,19048700,Pa
36288000,P_8_13_14,sg,0,
36288000,P_8_13_14,so,1,
36288000,P_8_13_14,sw,0,
36288000,P_13_13_14,pressure,19003400,Pa
36288000,P_13_13_14,sg,0,
36288000,P_13_13_14,so,1,
36288000,P_13_13_14,sw,0,
36288000,P_3_3_13,pressure,19003800,Pa
36288000,P_3_3_13,sg,0,
36288000,P_3_3_13,so,1,
36288000,P_3_3_13,sw,0,
36288000,P_8_3_13,pressure,19043200,Pa
36288000,P_8_3_13,sg,0,
36288000,P_8_3_13,so,1,
36288000,P_8_3_13,sw,0,
36288000,P_13_3_13,pressure,19003000,Pa
36288000,P_13_3_13,sg,0,
36288000,P_13_3_13,so,1,
36288000,P_13_3_13,sw,0,
36288000,P_3_8_13,pressure,19056800,Pa
36288000,P_3_8_13,sg,0,
36288000,P_3_8_13,so,1,
36288000,P_3_8_13,sw,0,
36288000,P_8_8_13,pressure,19062800,Pa
36288000,P_8_8_13,sg,0,
36288000,P_8_8_13,so,1,
36288000,P_8_8_13,sw,0,
36288000,P_13_8_13,pressure,19043200,Pa
36288000,P_13_8_13,sg,0,
36288000,P_13_8_13,so,1,
36288000,P_13_8_13,sw,0,
36288000,P_3_13_13,pressure,19065800,Pa
36288000,P_3_13_13,sg,0,
36288000,P_3_13_13,so,1,
36288000,P_3_13_13,sw,0,
36288000,P_8_13_13,pressure,19056800,Pa
36288000,P_8_13_13,sg,0,
36288000,P_8_13_13,so,1,
36288000,P_8_13_13,sw,0,
36288000,P_13_13_13,pressure,19003800,Pa
36288000,P_13_13_13,sg,0,
36288000,P_13_13_13,so,1,
36288000,P_13_13_13,sw,0,
38880000,P_3_3_15,pressure,19003200,Pa
38880000,P_3_3_15,sg,0,
38880000,P_3_3_15,so,1,
38880000,P_3_3_15,sw,0,
38880000,P_8_3_15,pressure,19031300,Pa
38880000,P_8_3_15,sg,0,
38880000,P_8_3_15,so,1,
38880000,P_8_3_15,sw,0,
38880000,P_13_3_15,pressure,19002300,Pa
38880000,P_13_3_15,sg,0,
38880000,P_13_3_15,so,1,
38880000,P_13_3_15,sw,0,
38880000,P_3_8_15,pressure,19044800,Pa
38880000,P_3_8_15,sg,0,
38880000,P_3_8_15,so,1,
38880000,P_3_8_15,sw,0,
38880000,P_8_8_15,pressure,19042700,Pa
38880000,P_8_8_15,sg,0,
38880000,P_8_8_15,so,1,
38880000,P_8_8_15,sw,0,
38880000,P_13_8_15,pressure,19031300,Pa
38880000,P_13_8_15,sg,0,
38880000,P_13_8_15,so,1,
38880000,P_13_8_15,sw,0,
38880000,P_3_13_15,pressure,19055100,Pa
38880000,P_3_13_15,sg,0,
38880000,P_3_13_15,so,1,
38880000,P_3_13_15,sw,0,
38880000,P_8_13_15,pressure,19044800,Pa
38880000,P_8_13_15,sg,0,
38880000,P_8_13_15,so,1,
38880000,P_8_13_15,sw,0,
38880000,P_13_13_15,pressure,19003200,Pa
38880000,P_13_13_15,sg,0,
38880000,P_13_13_15,so,1,
38880000,P_13_13_15,sw,0,
38880000,P_3_3_14,pressure,19003400,Pa
38880000,P_3_3_14,sg,0,
38880000,P_3_3_14,so,1,
38880000,P_3_3_14,sw,0,
38880000,P_8_3_14,pressure,19035100,Pa
38880000,P_8_3_14,sg,0,
38880000,P_8_3_14,so,1,
38880000,P_8_3_14,sw,0,
38880000,P_13_3_14,pressure,19002500,Pa
38880000,P_13_3_14,sg,0,
38880000,P_13_3_14,so,1,
38880000,P_13_3_14,sw,0,
38880000,P_3_8_14,pressure,19048700,Pa
38880000,P_3_8_14,sg,0,
38880000,P_3_8_14,so,1,
38880000,P_3_8_14,sw,0,
38880000,P_8_8_14,pressure,19048400,Pa
38880000,P_8_8_14,sg,0,
38880000,P_8_8_14,so,1,
38880000,P_8_8_14,sw,0,
38880000,P_13_8_14,pressure,19035100,Pa
38880000,P_13_8_14,sg,0,
38880000,P_13_8_14,so,1,
38880000,P_13_8_14,sw,0,
38880000,P_3_13_14,pressure,19058700,Pa
38880000,P_3_13_14,sg,0,
38880000,P_3_13_14,so,1,
38880000,P_3_13_14,sw,0,
38880000,P_8_13_14,pressure,19048700,Pa
38880000,P_8_13_14,sg,0,
38880000,P_8_13_14,so,1,
38880000,P_8_13_14,sw,0,
38880000,P_13_13_14,pressure,19003400,Pa
38880000,P_13_13_14,sg,0,
38880000,P_13_13_14,so,1,
38880000,P_13_13_14,sw,0,
38880000,P_3_3_13,pressure,19003800,Pa
38880000,P_3_3_13,sg,0,
38880000,P_3_3_13,so,1,
38880000,P_3_3_13,sw,0,
38880000,P_8_3_13,pressure,19043200,Pa
38880000,P_8_3_13,sg,0,
38880000,P_8_3_13,so,1,
38880000,P_8_3_13,sw,0,
38880000,P_13_3_13,pressure,19003000,Pa
38880000,P_13_3_13,sg,0,
38880000,P_13_3_13,so,1,
38880000,P_13_3_13,sw,0,
38880000,P_3_8_13,pressure,19056800,Pa
38880000,P_3_8_13,sg,0,
38880000,P_3_8_13,so,1,
38880000,P_3_8_13,sw,0,
38880000,P_8_8_13,pressure,19062800,Pa
38880000,P_8_8_13,sg,0,
38880000,P_8_8_13,so,1,
38880000,P_8_8_13,sw,0,
38880000,P_13_8_13,pressure,19043200,Pa
38880000,P_13_8_13,sg,0,
38880000,P_13_8_13,so,1,
38880000,P_13_8_13,sw,0,
38880000,P_3_13_13,pressure,19065800,Pa
38880000,P_3_13_13,sg,0,
38880000,P_3_13_13,so,1,
38880000,P_3_13_13,sw,0,
38880000,P_8_13_13,pressure,19056800,Pa
38880000,P_8_13_13,sg,0,
38880000,P_8_13_13,so,1,
38880000,P_8_13_13,sw,0,
38880000,P_13_13_13,pressure,19003800,Pa
38880000,P_13_13_13,sg,0,
38880000,P_13_13_13,so,1,
38880000,P_13_13_13,sw,0,
41472000,P_3_3_15,pressure,19003200,Pa
41472000,P_3_3_15,sg,0,
41472000,P_3_3_15,so,1,
41472000,P_3_3_15,sw,0,
41472000,P_8_3_15,pressure,19031300,Pa
41472000,P_8_3_15,sg,0,
41472000,P_8_3_15,so,1,
41472000,P_8_3_15,sw,0,
41472000,P_13_3_15,pressure,19002300,Pa
41472000,P_13_3_15,sg,0,
41472000,P_13_3_15,so,1,
41472000,P_13_3_15,sw,0,
41472000,P_3_8_15,pressure,19044800,Pa
41472000,P_3_8_15,sg,0,
41472000,P_3_8_15,so,1,
41472000,P_3_8_15,sw,0,
41472000,P_8_8_15,pressure,19042700,Pa
41472000,P_8_8_15,sg,0,
41472000,P_8_8_15,so,1,
41472000,P_8_8_15,sw,0,
41472000,P_13_8_15,pressure,19031300,Pa
41472000,P_13_8_15,sg,0,
41472000,P_13_8_15,so,1,
41472000,P_13_8_15,sw,0,
41472000,P_3_13_15,pressure,19055100,Pa
41472000,P_3_13_15,sg,0,
41472000,P_3_13_15,so,1,
41472000,P_3_13_15,sw,0,
41472000,P_8_13_15,pressure,19044800,Pa
41472000,P_8_13_15,sg,0,
41472000,P_8_13_15,so,1,
41472000,P_8_13_15,sw,0,
41472000,P_13_13_15,pressure,19003200,Pa
41472000,P_13_13_15,sg,0,
41472000,P_13_13_15,so,1,
41472000,P_13_13_15,sw,0,
41472000,P_3_3_14,pressure,19003400,Pa
41472000,P_3_3_14,sg,0,
41472000,P_3_3_14,so,1,
41472000,P_3_3_14,sw,0,
41472000,P_8_3_14,pressure,19035100,Pa
41472000,P_8_3_14,sg,0,
41472000,P_8_3_14,so,1,
41472000,P_8_3_14,sw,0,
41472000,P_13_3_14,pressure,19002500,Pa
41472000,P_13_3_14,sg,0,
41472000,P_13_3_14,so,1,
41472000,P_13_3_14,sw,0,
41472000,P_3_8_14,pressure,19048700,Pa
41472000,P_3_8_14,sg,0,
41472000,P_3_8_14,so,1,
41472000,P_3_8_14,sw,0,
41472000,P_8_8_14,pressure,19048400,Pa
41472000,P_8_8_14,sg,0,
41472000,P_8_8_14,so,1,
41472000,P_8_8_14,sw,0,
41472000,P_13_8_14,pressure,19035100,Pa
41472000,P_13_8_14,sg,0,
41472000,P_13_8_14,so,1,
41472000,P_13_8_14,sw,0,
41472000,P_3_13_14,pressure,19058700,Pa
41472000,P_3_13_14,sg,0,
41472000,P_3_13_14,so,1,
41472000,P_3_13_14,sw,0,
41472000,P_8_13_14,pressure,19048700,Pa
41472000,P_8_13_14,sg,0,
41472000,P_8_13_14,so,1,
41472000,P_8_13_14,sw,0,
41472000,P_13_13_14,pressure,19003400,Pa
41472000,P_13_13_14,sg,0,
41472000,P_13_13_14,so,1,
41472000,P_13_13_14,sw,0,
41472000,P_3_3_13,pressure,19003800,Pa
41472000,P_3_3_13,sg,0,
41472000,P_3_3_13,so,1,
41472000,P_3_3_13,sw,0,
41472000,P_8_3_13,pressure,19043200,Pa
41472000,P_8_3_13,sg,0,
41472000,P_8_3_13,so,1,
41472000,P_8_3_13,sw,0,
41472000,P_13_3_13,pressure,19003000,Pa
41472000,P_13_3_13,sg,0,
41472000,P_13_3_13,so,1,
41472000,P_13_3_13,sw,0,
41472000,P_3_8_13,pressure,19056800,Pa
41472000,P_3_8_13,sg,0,
41472000,P_3_8_13,so,1,
41472000,P_3_8_13,sw,0,
41472000,P_8_8_13,pressure,19062800,Pa
41472000,P_8_8_13,sg,0,
41472000,P_8_8_13,so,1,
41472000,P_8_8_13,sw,0,
41472000,P_13_8_13,pressure,19043200,Pa
41472000,P_13_8_13,sg,0,
41472000,P_13_8_13,so,1,
41472000,P_13_8_13,sw,0,
41472000,P_3_13_13,pressure,19065800,Pa
41472000,P_3_13_13,sg,0,
41472000,P_3_13_13,so,1,
41472000,P_3_13_13,sw,0,
41472000,P_8_13_13,pressure,19056800,Pa
41472000,P_8_13_13,sg,0,
41472000,P_8_13_13,so,1,
41472000,P_8_13_13,sw,0,
41472000,P_13_13_13,pressure,19003800,Pa
41472000,P_13_13_13,sg,0,
41472000,P_13_13_13,so,1,
41472000,P_13_13_13,sw,0,
44064000,P_3_3_15,pressure,19003200,Pa
44064000,P_3_3_15,sg,0,
44064000,P_3_3_15,so,1,
44064000,P_3_3_15,sw,0,
44064000,P_8_3_15,pressure,19031300,Pa
44064000,P_8_3_15,sg,0,
44064000,P_8_3_15,so,1,
44064000,P_8_3_15,sw,0,
44064000,P_13_3_15,pressure,19002300,Pa
44064000,P_13_3_15,sg,0,
44064000,P_13_3_15,so,1,
44064000,P_13_3_15,sw,0,
44064000,P_3_8_15,pressure,19044800,Pa
44064000,P_3_8_15,sg,0,
44064000,P_3_8_15,so,1,
44064000,P_3_8_15,sw,0,
44064000,P_8_8_15,pressure,19042700,Pa
44064000,P_8_8_15,sg,0,
44064000,P_8_8_15,so,1,
44064000,P_8_8_15,sw,0,
44064000,P_13_8_15,pressure,19031300,Pa
44064000,P_13_8_15,sg,0,
44064000,P_13_8_15,so,1,
44064000,P_13_8_15,sw,0,
44064000,P_3_13_15,pressure,19055100,Pa
44064000,P_3_13_15,sg,0,
44064000,P_3_13_15,so,1,
44064000,P_3_13_15,sw,0,
44064000,P_8_13_15,pressure,19044800,Pa
44064000,P_8_13_15,sg,0,
44064000,P_8_13_15,so,1,
44064000,P_8_13_15,sw,0,
44064000,P_13_13_15,pressure,19003200,Pa
44064000,P_13_13_15,sg,0,
44064000,P_13_13_15,so,1,
44064000,P_13_13_15,sw,0,
44064000,P_3_3_14,pressure,19003400,Pa
44064000,P_3_3_14,sg,0,
44064000,P_3_3_14,so,1,
44064000,P_3_3_14,sw,0,
44064000,P_8_3_14,pressure,19035100,Pa
44064000,P_8_3_14,sg,0,
44064000,P_8_3_14,so,1,
44064000,P_8_3_14,sw,0,
44064000,P_13_3_14,pressure,19002500,Pa
44064000,P_13_3_14,sg,0,
44064000,P_13_3_14,so,1,
44064000,P_13_3_14,sw,0,
44064000,P_3_8_14,pressure,19048700,Pa
44064000,P_3_8_14,sg,0,
44064000,P_3_8_14,so,1,
44064000,P_3_8_14,sw,0,
44064000,P_8_8_14,pressure,19048400,Pa
44064000,P_8_8_14,sg,0,
44064000,P_8_8_14,so,1,
44064000,P_8_8_14,sw,0,
44064000,P_13_8_14,pressure,19035100,Pa
44064000,P_13_8_14,sg,0,
44064000,P_13_8_14,so,1,
44064000,P_13_8_14,sw,0,
44064000,P_3_13_14,pressure,19058700,Pa
44064000,P_3_13_14,sg,0,
44064000,P_3_13_14,so,1,
44064000,P_3_13_14,sw,0,
44064000,P_8_13_14,pressure,19048700,Pa
44064000,P_8_13_14,sg,0,
44064000,P_8_13_14,so,1,
44064000,P_8_13_14,sw,0,
44064000,P_13_13_14,pressure,19003400,Pa
44064000,P_13_13_14,sg,0,
44064000,P_13_13_14,so,1,
44064000,P_13_13_14,sw,0,
44064000,P_3_3_13,pressure,19003800,Pa
44064000,P_3_3_13,sg,0,
44064000,P_3_3_13,so,1,
44064000,P_3_3_13,sw,0,
44064000,P_8_3_13,pressure,19043200,Pa
44064000,P_8_3_13,sg,0,
44064000,P_8_3_13,so,1,
44064000,P_8_3_13,sw,0,
44064000,P_13_3_13,pressure,19003000,Pa
44064000,P_13_3_13,sg,0,
44064000,P_13_3_13,so,1,
44064000,P_13_3_13,sw,0,
44064000,P_3_8_13,pressure,19056800,Pa
44064000,P_3_8_13,sg,0,
44064000,P_3_8_13,so,1,
44064000,P_3_8_13,sw,0,
44064000,P_8_8_13,pressure,19062800,Pa
44064000,P_8_8_13,sg,0,
44064000,P_8_8_13,so,1,
44064000,P_8_8_13,sw,0,
44064000,P_13_8_13,pressure,19043200,Pa
44064000,P_13_8_13,sg,0,
44064000,P_13_8_13,so,1,
44064000,P_13_8_13,sw,0,
44064000,P_3_13_13,pressure,19065800,Pa
44064000,P_3_13_13,sg,0,
44064000,P_3_13_13,so,1,
44064000,P_3_13_13,sw,0,
44064000,P_8_13_13,pressure,19056800,Pa
44064000,P_8_13_13,sg,0,
44064000,P_8_13_13,so,1,
44064000,P_8_13_13,sw,0,
44064000,P_13_13_13,pressure,19003800,Pa
44064000,P_13_13_13,sg,0,
44064000,P_13_13_13,so,1,
44064000,P_13_13_13,sw,0,
46656000,P_3_3_15,pressure,19003200,Pa
46656000,P_3_3_15,sg,0,
46656000,P_3_3_15,so,1,
46656000,P_3_3_15,sw,0,
46656000,P_8_3_15,pressure,19031300,Pa
46656000,P_8_3_15,sg,0,
46656000,P_8_3_15,so,1,
46656000,P_8_3_15,sw,0,
46656000,P_13_3_15,pressure,19002300,Pa
46656000,P_13_3_15,sg,0,
46656000,P_13_3_15,so,1,
46656000,P_13_3_15,sw,0,
46656000,P_3_8_15,pressure,19044800,Pa
46656000,P_3_8_15,sg,0,
46656000,P_3_8_15,so,1,
46656000,P_3_8_15,sw,0,
46656000,P_8_8_15,pressure,19042700,Pa
46656000,P_8_8_15,sg,0,
46656000,P_8_8_15,so,1,
46656000,P_8_8_15,sw,0,
46656000,P_13_8_15,pressure,19031300,Pa
46656000,P_13_8_15,sg,0,
46656000,P_13_8_15,so,1,
46656000,P_13_8_15,sw,0,
46656000,P_3_13_15,pressure,19055100,Pa
46656000,P_3_13_15,sg,0,
46656000,P_3_13_15,so,1,
46656000,P_3_13_15,sw,0,
46656000,P_8_13_15,pressure,19044800,Pa
46656000,P_8_13_15,sg,0,
46656000,P_8_13_15,so,1,
46656000,P_8_13_15,sw,0,
46656000,P_13_13_15,pressure,19003200,Pa
46656000,P_13_13_15,sg,0,
46656000,P_13_13_15,so,1,
46656000,P_13_13_15,sw,0,
46656000,P_3_3_14,pressure,19003400,Pa
46656000,P_3_3_14,sg,0,
46656000,P_3_3_14,so,1,
46656000,P_3_3_14,sw,0,
46656000,P_8_3_14,pressure,19035100,Pa
46656000,P_8_3_14,sg,0,
46656000,P_8_3_14,so,1,
46656000,P_8_3_14,sw,0,
46656000,P_13_3_14,pressure,19002500,Pa
46656000,P_13_3_14,sg,0,
46656000,P_13_3_14,so,1,
46656000,P_13_3_14,sw,0,
46656000,P_3_8_14,pressure,19048700,Pa
46656000,P_3_8_14,sg,0,
46656000,P_3_8_14,so,1,
46656000,P_3_8_14,sw,0,
46656000,P_8_8_14,pressure,19048400,Pa
46656000,P_8_8_14,sg,0,
46656000,P_8_8_14,so,1,
46656000,P_8_8_14,sw,0,
46656000,P_13_8_14,pressure,19035100,Pa
46656000,P_13_8_14,sg,0,
46656000,P_13_8_14,so,1,
46656000,P_13_8_14,sw,0,
46656000,P_3_13_14,pressure,19058700,Pa
46656000,P_3_13_14,sg,0,
46656000,P_3_13_14,so,1,
46656000,P_3_13_14,sw,0,
46656000,P_8_13_14,pressure,19048700,Pa
46656000,P_8_13_14,sg,0,
46656000,P_8_13_14,so,1,
46656000,P_8_13_14,sw,0,
46656000,P_13_13_14,pressure,19003400,Pa
46656000,P_13_13_14,sg,0,
46656000,P_13_13_14,so,1,
46656000,P_13_13_14,sw,0,
46656000,P_3_3_13,pressure,19003800,Pa
46656000,P_3_3_13,sg,0,
46656000,P_3_3_13,so,1,
46656000,P_3_3_13,sw,0,
46656000,P_8_3_13,pressure,19043200,Pa
46656000,P_8_3_13,sg,0,
46656000,P_8_3_13,so,1,
46656000,P_8_3_13,sw,0,
46656000,P_13_3_13,pressure,19003000,Pa
46656000,P_13_3_13,sg,0,
46656000,P_13_3_13,so,1,
46656000,P_13_3_13,sw,0,
46656000,P_3_8_13,pressure,19056800,Pa
46656000,P_3_8_13,sg,0,
46656000,P_3_8_13,so,1,
46656000,P_3_8_13,sw,0,
46656000,P_8_8_13,pressure,19062800,Pa
46656000,P_8_8_13,sg,0,
46656000,P_8_8_13,so,1,
46656000,P_8_8_13,sw,0,
46656000,P_13_8_13,pressure,19043200,Pa
46656000,P_13_8_13,sg,0,
46656000,P_13_8_13,so,1,
46656000,P_13_8_13,sw,0,
46656000,P_3_13_13,pressure,19065800,Pa
46656000,P_3_13_13,sg,0,
46656000,P_3_13_13,so,1,
46656000,P_3_13_13,sw,0,
46656000,P_8_13_13,pressure,19056800,Pa
46656000,P_8_13_13,sg,0,
46656000,P_8_13_13,so,1,
46656000,P_8_13_13,sw,0,
46656000,P_13_13_13,pressure,19003800,Pa
46656000,P_13_13_13,sg,0,
46656000,P_13_13_13,so,1,
46656000,P_13_13_13,sw,0,
49248000,P_3_3_15,pressure,19003200,Pa
49248000,P_3_3_15,sg,0,
49248000,P_3_3_15,so,1,
49248000,P_3_3_15,sw,0,
49248000,P_8_3_15,pressure,19031300,Pa
49248000,P_8_3_15,sg,0,
49248000,P_8_3_15,so,1,
49248000,P_8_3_15,sw,0,
49248000,P_13_3_15,pressure,19002300,Pa
49248000,P_13_3_15,sg,0,
49248000,P_13_3_15,so,1,
49248000,P_13_3_15,sw,0,
49248000,P_3_8_15,pressure,19044800,Pa
49248000,P_3_8_15,sg,0,
49248000,P_3_8_15,so,1,
49248000,P_3_8_15,sw,0,
49248000,P_8_8_15,pressure,19042700,Pa
49248000,P_8_8_15,sg,0,
49248000,P_8_8_15,so,1,
49248000,P_8_8_15,sw,0,
49248000,P_13_8_15,pressure,19031300,Pa
49248000,P_13_8_15,sg,0,
49248000,P_13_8_15,so,1,
49248000,P_13_8_15,sw,0,
49248000,P_3_13_15,pressure,19055100,Pa
49248000,P_3_13_15,sg,0,
49248000,P_3_13_15,so,1,
49248000,P_3_13_15,sw,0,
49248000,P_8_13_15,pressure,19044800,Pa
49248000,P_8_13_15,sg,0,
49248000,P_8_13_15,so,1,
49248000,P_8_13_15,sw,0,
49248000,P_13_13_15,pressure,19003200,Pa
49248000,P_13_13_15,sg,0,
49248000,P_13_13_15,so,1,
49248000,P_13_13_15,sw,0,
49248000,P_3_3_14,pressure,19003400,Pa
49248000,P_3_3_14,sg,0,
49248000,P_3_3_14,so,1,
49248000,P_3_3_14,sw,0,
49248000,P_8_3_14,pressure,19035100,Pa
49248000,P_8_3_14,sg,0,
49248000,P_8_3_14,so,1,
49248000,P_8_3_14,sw,0,
49248000,P_13_3_14,pressure,19002500,Pa
49248000,P_13_3_14,sg,0,
49248000,P_13_3_14,so,1,
49248000,P_13_3_14,sw,0,
49248000,P_3_8_14,pressure,19048700,Pa
49248000,P_3_8_14,sg,0,
49248000,P_3_8_14,so,1,
49248000,P_3_8_14,sw,0,
49248000,P_8_8_14,pressure,19048400,Pa
49248000,P_8_8_14,sg,0,
49248000,P_8_8_14,so,1,
49248000,P_8_8_14,sw,0,
49248000,P_13_8_14,pressure,19035100,Pa
49248000,P_13_8_14,sg,0,
49248000,P_13_8_14,so,1,
49248000,P_13_8_14,sw,0,
49248000,P_3_13_14,pressure,19058700,Pa
49248000,P_3_13_14,sg,0,
49248000,P_3_13_14,so,1,
49248000,P_3_13_14,sw,0,
49248000,P_8_13_14,pressure,19048700,Pa
49248000,P_8_13_14,sg,0,
49248000,P_8_13_14,so,1,
49248000,P_8_13_14,sw,0,
49248000,P_13_13_14,pressure,19003400,Pa
49248000,P_13_13_14,sg,0,
49248000,P_13_13_14,so,1,
49248000,P_13_13_14,sw,0,
49248000,P_3_3_13,pressure,19003800,Pa
49248000,P_3_3_13,sg,0,
49248000,P_3_3_13,so,1,
49248000,P_3_3_13,sw,0,
49248000,P_8_3_13,pressure,19043200,Pa
49248000,P_8_3_13,sg,0,
49248000,P_8_3_13,so,1,
49248000,P_8_3_13,sw,0,
49248000,P_13_3_13,pressure,19003000,Pa
49248000,P_13_3_13,sg,0,
49248000,P_13_3_13,so,1,
49248000,P_13_3_13,sw,0,
49248000,P_3_8_13,pressure,19056800,Pa
49248000,P_3_8_13,sg,0,
49248000,P_3_8_13,so,1,
49248000,P_3_8_13,sw,0,
49248000,P_8_8_13,pressure,19062800,Pa
49248000,P_8_8_13,sg,0,
49248000,P_8_8_13,so,1,
49248000,P_8_8_13,sw,0,
49248000,P_13_8_13,pressure,19043200,Pa
49248000,P_13_8_13,sg,0,
49248000,P_13_8_13,so,1,
49248000,P_13_8_13,sw,0,
49248000,P_3_13_13,pressure,19065800,Pa
49248000,P_3_13_13,sg,0,
49248000,P_3_13_13,so,1,
49248000,P_3_13_13,sw,0,
49248000,P_8_13_13,pressure,19056800,Pa
49248000,P_8_13_13,sg,0,
49248000,P_8_13_13,so,1,
49248000,P_8_13_13,sw,0,
49248000,P_13_13_13,pressure,19003800,Pa
49248000,P_13_13_13,sg,0,
49248000,P_13_13_13,so,1,
49248000,P_13_13_13,sw,0,
51840000,P_3_3_15,pressure,19003200,Pa
51840000,P_3_3_15,sg,0,
51840000,P_3_3_15,so,1,
51840000,P_3_3_15,sw,0,
51840000,P_8_3_15,pressure,19031300,Pa
51840000,P_8_3_15,sg,0,
51840000,P_8_3_15,so,1,
51840000,P_8_3_15,sw,0,
51840000,P_13_3_15,pressure,19002300,Pa
51840000,P_13_3_15,sg,0,
51840000,P_13_3_15,so,1,
51840000,P_13_3_15,sw,0,
51840000,P_3_8_15,pressure,19044800,Pa
51840000,P_3_8_15,sg,0,
51840000,P_3_8_15,so,1,
51840000,P_3_8_15,sw,0,
51840000,P_8_8_15,pressure,19042700,Pa
51840000,P_8_8_15,sg,0,
51840000,P_8_8_15,so,1,
51840000,P_8_8_15,sw,0,
51840000,P_13_8_15,pressure,19031300,Pa
51840000,P_13_8_15,sg,0,
51840000,P_13_8_15,so,1,
51840000,P_13_8_15,sw,0,
51840000,P_3_13_15,pressure,19055100,Pa
51840000,P_3_13_15,sg,0,
51840000,P_3_13_15,so,1,
51840000,P_3_13_15,sw,0,
51840000,P_8_13_15,pressure,19044800,Pa
51840000,P_8_13_15,sg,0,
51840000,P_8_13_15,so,1,
51840000,P_8_13_15,sw,0,
51840000,P_13_13_15,pressure,19003200,Pa
51840000,P_13_13_15,sg,0,
51840000,P_13_13_15,so,1,
51840000,P_13_13_15,sw,0,
51840000,P_3_3_14,pressure,19003400,Pa
51840000,P_3_3_14,sg,0,
51840000,P_3_3_14,so,1,
51840000,P_3_3_14,sw,0,
51840000,P_8_3_14,pressure,19035100,Pa
51840000,P_8_3_14,sg,0,
51840000,P_8_3_14,so,1,
51840000,P_8_3_14,sw,0,
51840000,P_13_3_14,pressure,19002500,Pa
51840000,P_13_3_14,sg,0,
51840000,P_13_3_14,so,1,
51840000,P_13_3_14,sw,0,
51840000,P_3_8_14,pressure,19048700,Pa
51840000,P_3_8_14,sg,0,
51840000,P_3_8_14,so,1,
51840000,P_3_8_14,sw,0,
51840000,P_8_8_14,pressure,19048400,Pa
51840000,P_8_8_14,sg,0,
51840000,P_8_8_14,so,1,
51840000,P_8_8_14,sw,0,
51840000,P_13_8_14,pressure,19035100,Pa
51840000,P_13_8_14,sg,0,
51840000,P_13_8_14,so,1,
51840000,P_13_8_14,sw,0,
51840000,P_3_13_14,pressure,19058700,Pa
51840000,P_3_13_14,sg,0,
51840000,P_3_13_14,so,1,
51840000,P_3_13_14,sw,0,
51840000,P_8_13_14,pressure,19048700,Pa
51840000,P_8_13_14,sg,0,
51840000,P_8_13_14,so,1,
51840000,P_8_13_14,sw,0,
51840000,P_13_13_14,pressure,19003400,Pa
51840000,P_13_13_14,sg,0,
51840000,P_13_13_14,so,1,
51840000,P_13_13_14,sw,0,
51840000,P_3_3_13,pressure,19003800,Pa
51840000,P_3_3_13,sg,0,
51840000,P_3_3_13,so,1,
51840000,P_3_3_13,sw,0,
51840000,P_8_3_13,pressure,19043200,Pa
51840000,P_8_3_13,sg,0,
51840000,P_8_3_13,so,1,
51840000,P_8_3_13,sw,0,
51840000,P_13_3_13,pressure,19003000,Pa
51840000,P_13_3_13,sg,0,
51840000,P_13_3_13,so,1,
51840000,P_13_3_13,sw,0,
51840000,P_3_8_13,pressure,19056800,Pa
51840000,P_3_8_13,sg,0,
51840000,P_3_8_13,so,1,
51840000,P_3_8_13,sw,0,
51840000,P_8_8_13,pressure,19062800,Pa
51840000,P_8_8_13,sg,0,
51840000,P_8_8_13,so,1,
51840000,P_8_8_13,sw,0,
51840000,P_13_8_13,pressure,19043200,Pa
51840000,P_13_8_13,sg,0,
51840000,P_13_8_13,so,1,
51840000,P_13_8_13,sw,0,
51840000,P_3_13_13,pressure,19065800,Pa
51840000,P_3_13_13,sg,0,
51840000,P_3_13_13,so,1,
51840000,P_3_13_13,sw,0,
51840000,P_8_13_13,pressure,19056800,Pa
51840000,P_8_13_13,sg,0,
51840000,P_8_13_13,so,1,
51840000,P_8_13_13,sw,0,
51840000,P_13_13_13,pressure,19003800,Pa
51840000,P_13_13_13,sg,0,
51840000,P_13_13_13,so,1,
51840000,P_13_13_13,sw,0,
54432000,P_3_3_15,pressure,19003200,Pa
54432000,P_3_3_15,sg,0,
54432000,P_3_3_15,so,1,
54432000,P_3_3_15,sw,0,
54432000,P_8_3_15,pressure,19031300,Pa
54432000,P_8_3_15,sg,0,
54432000,P_8_3_15,so,1,
54432000,P_8_3_15,sw,0,
54432000,P_13_3_15,pressure,19002300,Pa
54432000,P_13_3_15,sg,0,
54432000,P_13_3_15,so,1,
54432000,P_13_3_15,sw,0,
54432000,P_3_8_15,pressure,19044800,Pa
54432000,P_3_8_15,sg,0,
54432000,P_3_8_15,so,1,
54432000,P_3_8_15,sw,0,
54432000,P_8_8_15,pressure,19042700,Pa
54432000,P_8_8_15,sg,0,
54432000,P_8_8_15,so,1,
54432000,P_8_8_15,sw,0,
54432000,P_13_8_15,pressure,19031300,Pa
54432000,P_13_8_15,sg,0,
54432000,P_13_8_15,so,1,
54432000,P_13_8_15,sw,0,
54432000,P_3_13_15,pressure,19055100,Pa
54432000,P_3_13_15,sg,0,
54432000,P_3_13_15,so,1,
54432000,P_3_13_15,sw,0,
54432000,P_8_13_15,pressure,19044800,Pa
54432000,P_8_13_15,sg,0,
54432000,P_8_13_15,so,1,
54432000,P_8_13_15,sw,0,
54432000,P_13_13_15,pressure,19003200,Pa
54432000,P_13_13_15,sg,0,
54432000,P_13_13_15,so,1,
54432000,P_13_13_15,sw,0,
54432000,P_3_3_14,pressure,19003400,Pa
54432000,P_3_3_14,sg,0,
54432000,P_3_3_14,so,1,
54432000,P_3_3_14,sw,0,
54432000,P_8_3_14,pressure,19035100,Pa
54432000,P_8_3_14,sg,0,
54432000,P_8_3_14,so,1,
54432000,P_8_3_14,sw,0,
54432000,P_13_3_14,pressure,19002500,Pa
54432000,P_13_3_14,sg,0,
54432000,P_13_3_14,so,1,
54432000,P_13_3_14,sw,0,
54432000,P_3_8_14,pressure,19048700,Pa
54432000,P_3_8_14,sg,0,
54432000,P_3_8_14,so,1,
54432000,P_3_8_14,sw,0,
54432000,P_8_8_14,pressure,19048400,Pa
54432000,P_8_8_14,sg,0,
54432000,P_8_8_14,so,1,
54432000,P_8_8_14,sw,0,
54432000,P_13_8_14,pressure,19035100,Pa
54432000,P_13_8_14,sg,0,
54432000,P_13_8_14,so,1,
54432000,P_13_8_14,sw,0,
54432000,P_3_13_14,pressure,19058700,Pa
54432000,P_3_13_14,sg,0,
54432000,P_3_13_14,so,1,
54432000,P_3_13_14,sw,0,
54432000,P_8_13_14,pressure,19048700,Pa
54432000,P_8_13_14,sg,0,
54432000,P_8_13_14,so,1,
54432000,P_8_13_14,sw,0,
54432000,P_13_13_14,pressure,19003400,Pa
54432000,P_13_13_14,sg,0,
54432000,P_13_13_14,so,1,
54432000,P_13_13_14,sw,0,
54432000,P_3_3_13,pressure,19003800,Pa
54432000,P_3_3_13,sg,0,
54432000,P_3_3_13,so,1,
54432000,P_3_3_13,sw,0,
54432000,P_8_3_13,pressure,19043200,Pa
54432000,P_8_3_13,sg,0,
54432000,P_8_3_13,so,1,
54432000,P_8_3_13,sw,0,
54432000,P_13_3_13,pressure,19003000,Pa
54432000,P_13_3_13,sg,0,
54432000,P_13_3_13,so,1,
54432000,P_13_3_13,sw,0,
54432000,P_3_8_13,pressure,19056800,Pa
54432000,P_3_8_13,sg,0,
54432000,P_3_8_13,so,1,
54432000,P_3_8_13,sw,0,
54432000,P_8_8_13,pressure,19062800,Pa
54432000,P_8_8_13,sg,0,
54432000,P_8_8_13,so,1,
54432000,P_8_8_13,sw,0,
54432000,P_13_8_13,pressure,19043200,Pa
54432000,P_13_8_13,sg,0,
54432000,P_13_8_13,so,1,
54432000,P_13_8_13,sw,0,
54432000,P_3_13_13,pressure,19065800,Pa
54432000,P_3_13_13,sg,0,
54432000,P_3_13_13,so,1,
54432000,P_3_13_13,sw,0,
54432000,P_8_13_13,pressure,19056800,Pa
54432000,P_8_13_13,sg,0,
54432000,P_8_13_13,so,1,
54432000,P_8_13_13,sw,0,
54432000,P_13_13_13,pressure,19003800,Pa
54432000,P_13_13_13,sg,0,
54432000,P_13_13_13,so,1,
54432000,P_13_13_13,sw,0,
57024000,P_3_3_15,pressure,19003200,Pa
57024000,P_3_3_15,sg,0,
57024000,P_3_3_15,so,1,
57024000,P_3_3_15,sw,0,
57024000,P_8_3_15,pressure,19031300,Pa
57024000,P_8_3_15,sg,0,
57024000,P_8_3_15,so,1,
57024000,P_8_3_15,sw,0,
57024000,P_13_3_15,pressure,19002300,Pa
57024000,P_13_3_15,sg,0,
57024000,P_13_3_15,so,1,
57024000,P_13_3_15,sw,0,
57024000,P_3_8_15,pressure,19044800,Pa
57024000,P_3_8_15,sg,0,
57024000,P_3_8_15,so,1,
57024000,P_3_8_15,sw,0,
57024000,P_8_8_15,pressure,19042700,Pa
57024000,P_8_8_15,sg,0,
57024000,P_8_8_15,so,1,
57024000,P_8_8_15,sw,0,
57024000,P_13_8_15,pressure,19031300,Pa
57024000,P_13_8_15,sg,0,
57024000,P_13_8_15,so,1,
57024000,P_13_8_15,sw,0,
57024000,P_3_13_15,pressure,19055100,Pa
57024000,P_3_13_15,sg,0,
57024000,P_3_13_15,so,1,
57024000,P_3_13_15,sw,0,
57024000,P_8_13_15,pressure,19044800,Pa
57024000,P_8_13_15,sg,0,
57024000,P_8_13_15,so,1,
57024000,P_8_13_15,sw,0,
57024000,P_13_13_15,pressure,19003200,Pa
57024000,P_13_13_15,sg,0,
57024000,P_13_13_15,so,1,
57024000,P_13_13_15,sw,0,
57024000,P_3_3_14,pressure,19003400,Pa
57024000,P_3_3_14,sg,0,
57024000,P_3_3_14,so,1,
57024000,P_3_3_14,sw,0,
57024000,P_8_3_14,pressure,19035100,Pa
57024000,P_8_3_14,sg,0,
57024000,P_8_3_14,so,1,
57024000,P_8_3_14,sw,0,
57024000,P_13_3_14,pressure,19002500,Pa
57024000,P_13_3_14,sg,0,
57024000,P_13_3_14,so,1,
57024000,P_13_3_14,sw,0,
57024000,P_3_8_14,pressure,19048700,Pa
57024000,P_3_8_14,sg,0,
57024000,P_3_8_14,so,1,
57024000,P_3_8_14,sw,0,
57024000,P_8_8_14,pressure,19048400,Pa
57024000,P_8_8_14,sg,0,
57024000,P_8_8_14,so,1,
57024000,P_8_8_14,sw,0,
57024000,P_13_8_14,pressure,19035100,Pa
57024000,P_13_8_14,sg,0,
57024000,P_13_8_14,so,1,
57024000,P_13_8_14,sw,0,
57024000,P_3_13_14,pressure,19058700,Pa
57024000,P_3_13_14,sg,0,
57024000,P_3_13_14,so,1,
57024000,P_3_13_14,sw,0,
57024000,P_8_13_14,pressure,19048700,Pa
57024000,P_8_13_14,sg,0,
57024000,P_8_13_14,so,1,
57024000,P_8_13_14,sw,0,
57024000,P_13_13_14,pressure,19003400,Pa
57024000,P_13_13_14,sg,0,
57024000,P_13_13_14,so,1,
57024000,P_13_13_14,sw,0,
57024000,P_3_3_13,pressure,19003800,Pa
57024000,P_3_3_13,sg,0,
57024000,P_3_3_13,so,1,
57024000,P_3_3_13,sw,0,
57024000,P_8_3_13,pressure,19043200,Pa
57024000,P_8_3_13,sg,0,
57024000,P_8_3_13,so,1,
57024000,P_8_3_13,sw,0,
57024000,P_13_3_13,pressure,19003000,Pa
57024000,P_13_3_13,sg,0,
57024000,P_13_3_13,so,1,
57024000,P_13_3_13,sw,0,
57024000,P_3_8_13,pressure,19056800,Pa
57024000,P_3_8_13,sg,0,
57024000,P_3_8_13,so,1,
57024000,P_3_8_13,sw,0,
57024000,P_8_8_13,pressure,19062800,Pa
57024000,P_8_8_13,sg,0,
57024000,P_8_8_13,so,1,
57024000,P_8_8_13,sw,0,
57024000,P_13_8_13,pressure,19043200,Pa
57024000,P_13_8_13,sg,0,
57024000,P_13_8_13,so,1,
57024000,P_13_8_13,sw,0,
57024000,P_3_13_13,pressure,19065800,Pa
57024000,P_3_13_13,sg,0,
57024000,P_3_13_13,so,1,
57024000,P_3_13_13,sw,0,
57024000,P_8_13_13,pressure,19056800,Pa
57024000,P_8_13_13,sg,0,
57024000,P_8_13_13,so,1,
57024000,P_8_13_13,sw,0,
57024000,P_13_13_13,pressure,19003800,Pa
57024000,P_13_13_13,sg,0,
57024000,P_13_13_13,so,1,
57024000,P_13_13_13,sw,0,
59616000,P_3_3_15,pressure,19003200,Pa
59616000,P_3_3_15,sg,0,
59616000,P_3_3_15,so,1,
59616000,P_3_3_15,sw,0,
59616000,P_8_3_15,pressure,19031300,Pa
59616000,P_8_3_15,sg,0,
59616000,P_8_3_15,so,1,
59616000,P_8_3_15,sw,0,
59616000,P_13_3_15,pressure,19002300,Pa
59616000,P_13_3_15,sg,0,
59616000,P_13_3_15,so,1,
59616000,P_13_3_15,sw,0,
59616000,P_3_8_15,pressure,19044800,Pa
59616000,P_3_8_15,sg,0,
59616000,P_3_8_15,so,1,
59616000,P_3_8_15,sw,0,
59616000,P_8_8_15,pressure,19042700,Pa
59616000,P_8_8_15,sg,0,
59616000,P_8_8_15,so,1,
59616000,P_8_8_15,sw,0,
59616000,P_13_8_15,pressure,19031300,Pa
59616000,P_13_8_15,sg,0,
59616000,P_13_8_15,so,1,
59616000,P_13_8_15,sw,0,
59616000,P_3_13_15,pressure,19055100,Pa
59616000,P_3_13_15,sg,0,
59616000,P_3_13_15,so,1,
59616000,P_3_13_15,sw,0,
59616000,P_8_13_15,pressure,19044800,Pa
59616000,P_8_13_15,sg,0,
59616000,P_8_13_15,so,1,
59616000,P_8_13_15,sw,0,
59616000,P_13_13_15,pressure,19003200,Pa
59616000,P_13_13_15,sg,0,
59616000,P_13_13_15,so,1,
59616000,P_13_13_15,sw,0,
59616000,P_3_3_14,pressure,19003400,Pa
59616000,P_3_3_14,sg,0,
59616000,P_3_3_14,so,1,
59616000,P_3_3_14,sw,0,
59616000,P_8_3_14,pressure,19035100,Pa
59616000,P_8_3_14,sg,0,
59616000,P_8_3_14,so,1,
59616000,P_8_3_14,sw,0,
59616000,P_13_3_14,pressure,19002500,Pa
59616000,P_13_3_14,sg,0,
59616000,P_13_3_14,so,1,
59616000,P_13_3_14,sw,0,
59616000,P_3_8_14,pressure,19048700,Pa
59616000,P_3_8_14,sg,0,
59616000,P_3_8_14,so,1,
59616000,P_3_8_14,sw,0,
59616000,P_8_8_14,pressure,19048400,Pa
59616000,P_8_8_14,sg,0,
59616000,P_8_8_14,so,1,
59616000,P_8_8_14,sw,0,
59616000,P_13_8_14,pressure,19035100,Pa
59616000,P_13_8_14,sg,0,
59616000,P_13_8_14,so,1,
59616000,P_13_8_14,sw,0,
59616000,P_3_13_14,pressure,19058700,Pa
59616000,P_3_13_14,sg,0,
59616000,P_3_13_14,so,1,
59616000,P_3_13_14,sw,0,
59616000,P_8_13_14,pressure,19048700,Pa
59616000,P_8_13_14,sg,0,
59616000,P_8_13_14,so,1,
59616000,P_8_13_14,sw,0,
59616000,P_13_13_14,pressure,19003400,Pa
59616000,P_13_13_14,sg,0,
59616000,P_13_13_14,so,1,
59616000,P_13_13_14,sw,0,
59616000,P_3_3_13,pressure,19003800,Pa
59616000,P_3_3_13,sg,0,
59616000,P_3_3_13,so,1,
59616000,P_3_3_13,sw,0,
59616000,P_8_3_13,pressure,19043200,Pa
59616000,P_8_3_13,sg,0,
59616000,P_8_3_13,so,1,
59616000,P_8_3_13,sw,0,
59616000,P_13_3_13,pressure,19003000,Pa
59616000,P_13_3_13,sg,0,
59616000,P_13_3_13,so,1,
59616000,P_13_3_13,sw,0,
59616000,P_3_8_13,pressure,19056800,Pa
59616000,P_3_8_13,sg,0,
59616000,P_3_8_13,so,1,
59616000,P_3_8_13,sw,0,
59616000,P_8_8_13,pressure,19062800,Pa
59616000,P_8_8_13,sg,0,
59616000,P_8_8_13,so,1,
59616000,P_8_8_13,sw,0,
59616000,P_13_8_13,pressure,19043200,Pa
59616000,P_13_8_13,sg,0,
59616000,P_13_8_13,so,1,
59616000,P_13_8_13,sw,0,
59616000,P_3_13_13,pressure,19065800,Pa
59616000,P_3_13_13,sg,0,
59616000,P_3_13_13,so,1,
59616000,P_3_13_13,sw,0,
59616000,P_8_13_13,pressure,19056800,Pa
59616000,P_8_13_13,sg,0,
59616000,P_8_13_13,so,1,
59616000,P_8_13_13,sw,0,
59616000,P_13_13_13,pressure,19003800,Pa
59616000,P_13_13_13,sg,0,
59616000,P_13_13_13,so,1,
59616000,P_13_13_13,sw,0,
62208000,P_3_3_15,pressure,19003200,Pa
62208000,P_3_3_15,sg,0,
62208000,P_3_3_15,so,1,
62208000,P_3_3_15,sw,0,
62208000,P_8_3_15,pressure,19031300,Pa
62208000,P_8_3_15,sg,0,
62208000,P_8_3_15,so,1,
62208000,P_8_3_15,sw,0,
62208000,P_13_3_15,pressure,19002300,Pa
62208000,P_13_3_15,sg,0,
62208000,P_13_3_15,so,1,
62208000,P_13_3_15,sw,0,
62208000,P_3_8_15,pressure,19044800,Pa
62208000,P_3_8_15,sg,0,
62208000,P_3_8_15,so,1,
62208000,P_3_8_15,sw,0,
62208000,P_8_8_15,pressure,19042700,Pa
62208000,P_8_8_15,sg,0,
62208000,P_8_8_15,so,1,
62208000,P_8_8_15,sw,0,
62208000,P_13_8_15,pressure,19031300,Pa
62208000,P_13_8_15,sg,0,
62208000,P_13_8_15,so,1,
62208000,P_13_8_15,sw,0,
62208000,P_3_13_15,pressure,19055100,Pa
62208000,P_3_13_15,sg,0,
62208000,P_3_13_15,so,1,
62208000,P_3_13_15,sw,0,
62208000,P_8_13_15,pressure,19044800,Pa
62208000,P_8_13_15,sg,0,
62208000,P_8_13_15,so,1,
62208000,P_8_13_15,sw,0,
62208000,P_13_13_15,pressure,19003200,Pa
62208000,P_13_13_15,sg,0,
62208000,P_13_13_15,so,1,
62208000,P_13_13_15,sw,0,
62208000,P_3_3_14,pressure,19003400,Pa
62208000,P_3_3_14,sg,0,
62208000,P_3_3_14,so,1,
62208000,P_3_3_14,sw,0,
62208000,P_8_3_14,pressure,19035100,Pa
62208000,P_8_3_14,sg,0,
62208000,P_8_3_14,so,1,
62208000,P_8_3_14,sw,0,
62208000,P_13_3_14,pressure,19002500,Pa
62208000,P_13_3_14,sg,0,
62208000,P_13_3_14,so,1,
62208000,P_13_3_14,sw,0,
62208000,P_3_8_14,pressure,19048700,Pa
62208000,P_3_8_14,sg,0,
62208000,P_3_8_14,so,1,
62208000,P_3_8_14,sw,0,
62208000,P_8_8_14,pressure,19048400,Pa
62208000,P_8_8_14,sg,0,
62208000,P_8_8_14,so,1,
62208000,P_8_8_14,sw,0,
62208000,P_13_8_14,pressure,19035100,Pa
62208000,P_13_8_14,sg,0,
62208000,P_13_8_14,so,1,
62208000,P_13_8_14,sw,0,
62208000,P_3_13_14,pressure,19058700,Pa
62208000,P_3_13_14,sg,0,
62208000,P_3_13_14,so,1,
62208000,P_3_13_14,sw,0,
62208000,P_8_13_14,pressure,19048700,Pa
62208000,P_8_13_14,sg,0,
62208000,P_8_13_14,so,1,
62208000,P_8_13_14,sw,0,
62208000,P_13_13_14,pressure,19003400,Pa
62208000,P_13_13_14,sg,0,
62208000,P_13_13_14,so,1,
62208000,P_13_13_14,sw,0,
62208000,P_3_3_13,pressure,19003800,Pa
62208000,P_3_3_13,sg,0,
62208000,P_3_3_13,so,1,
62208000,P_3_3_13,sw,0,
62208000,P_8_3_13,pressure,19043200,Pa
62208000,P_8_3_13,sg,0,
62208000,P_8_3_13,so,1,
62208000,P_8_3_13,sw,0,
62208000,P_13_3_13,pressure,19003000,Pa
62208000,P_13_3_13,sg,0,
62208000,P_13_3_13,so,1,
62208000,P_13_3_13,sw,0,
62208000,P_3_8_13,pressure,19056800,Pa
62208000,P_3_8_13,sg,0,
62208000,P_3_8_13,so,1,
62208000,P_3_8_13,sw,0,
62208000,P_8_8_13,pressure,19062800,Pa
62208000,P_8_8_13,sg,0,
62208000,P_8_8_13,so,1,
62208000,P_8_8_13,sw,0,
62208000,P_13_8_13,pressure,19043200,Pa
62208000,P_13_8_13,sg,0,
62208000,P_13_8_13,so,1,
62208000,P_13_8_13,sw,0,
62208000,P_3_13_13,pressure,19065800,Pa
62208000,P_3_13_13,sg,0,
62208000,P_3_13_13,so,1,
62208000,P_3_13_13,sw,0,
62208000,P_8_13_13,pressure,19056800,Pa
62208000,P_8_13_13,sg,0,
62208000,P_8_13_13,so,1,
62208000,P_8_13_13,sw,0,
62208000,P_13_13_13,pressure,19003800,Pa
62208000,P_13_13_13,sg,0,
62208000,P_13_13_13,so,1,
62208000,P_13_13_13,sw,0,
64800000,P_3_3_15,pressure,19003200,Pa
64800000,P_3_3_15,sg,0,
64800000,P_3_3_15,so,1,
64800000,P_3_3_15,sw,0,
64800000,P_8_3_15,pressure,19031300,Pa
64800000,P_8_3_15,sg,0,
64800000,P_8_3_15,so,1,
64800000,P_8_3_15,sw,0,
64800000,P_13_3_15,pressure,19002300,Pa
64800000,P_13_3_15,sg,0,
64800000,P_13_3_15,so,1,
64800000,P_13_3_15,sw,0,
64800000,P_3_8_15,pressure,19044800,Pa
64800000,P_3_8_15,sg,0,
64800000,P_3_8_15,so,1,
64800000,P_3_8_15,sw,0,
64800000,P_8_8_15,pressure,19042700,Pa
64800000,P_8_8_15,sg,0,
64800000,P_8_8_15,so,1,
64800000,P_8_8_15,sw,0,
64800000,P_13_8_15,pressure,19031300,Pa
64800000,P_13_8_15,sg,0,
64800000,P_13_8_15,so,1,
64800000,P_13_8_15,sw,0,
64800000,P_3_13_15,pressure,19055100,Pa
64800000,P_3_13_15,sg,0,
64800000,P_3_13_15,so,1,
64800000,P_3_13_15,sw,0,
64800000,P_8_13_15,pressure,19044800,Pa
64800000,P_8_13_15,sg,0,
64800000,P_8_13_15,so,1,
64800000,P_8_13_15,sw,0,
64800000,P_13_13_15,pressure,19003200,Pa
64800000,P_13_13_15,sg,0,
64800000,P_13_13_15,so,1,
64800000,P_13_13_15,sw,0,
64800000,P_3_3_14,pressure,19003400,Pa
64800000,P_3_3_14,sg,0,
64800000,P_3_3_14,so,1,
64800000,P_3_3_14,sw,0,
64800000,P_8_3_14,pressure,19035100,Pa
64800000,P_8_3_14,sg,0,
64800000,P_8_3_14,so,1,
64800000,P_8_3_14,sw,0,
64800000,P_13_3_14,pressure,19002500,Pa
64800000,P_13_3_14,sg,0,
64800000,P_13_3_14,so,1,
64800000,P_13_3_14,sw,0,
64800000,P_3_8_14,pressure,19048700,Pa
64800000,P_3_8_14,sg,0,
64800000,P_3_8_14,so,1,
64800000,P_3_8_14,sw,0,
64800000,P_8_8_14,pressure,19048400,Pa
64800000,P_8_8_14,sg,0,
64800000,P_8_8_14,so,1,
64800000,P_8_8_14,sw,0,
64800000,P_13_8_14,pressure,19035100,Pa
64800000,P_13_8_14,sg,0,
64800000,P_13_8_14,so,1,
64800000,P_13_8_14,sw,0,
64800000,P_3_13_14,pressure,19058700,Pa
64800000,P_3_13_14,sg,0,
64800000,P_3_13_14,so,1,
64800000,P_3_13_14,sw,0,
64800000,P_8_13_14,pressure,19048700,Pa
64800000,P_8_13_14,sg,0,
64800000,P_8_13_14,so,1,
64800000,P_8_13_14,sw,0,
64800000,P_13_13_14,pressure,19003400,Pa
64800000,P_13_13_14,sg,0,
64800000,P_13_13_14,so,1,
64800000,P_13_13_14,sw,0,
64800000,P_3_3_13,pressure,19003800,Pa
64800000,P_3_3_13,sg,0,
64800000,P_3_3_13,so,1,
64800000,P_3_3_13,sw,0,
64800000,P_8_3_13,pressure,19043200,Pa
64800000,P_8_3_13,sg,0,
64800000,P_8_3_13,so,1,
64800000,P_8_3_13,sw,0,
64800000,P_13_3_13,pressure,19003000,Pa
64800000,P_13_3_13,sg,0,
64800000,P_13_3_13,so,1,
64800000,P_13_3_13,sw,0,
64800000,P_3_8_13,pressure,19056800,Pa
64800000,P_3_8_13,sg,0,
64800000,P_3_8_13,so,1,
64800000,P_3_8_13,sw,0,
64800000,P_8_8_13,pressure,19062800,Pa
64800000,P_8_8_13,sg,0,
64800000,P_8_8_13,so,1,
64800000,P_8_8_13,sw,0,
64800000,P_13_8_13,pressure,19043200,Pa
64800000,P_13_8_13,sg,0,
64800000,P_13_8_13,so,1,
64800000,P_13_8_13,sw,0,
64800000,P_3_13_13,pressure,19065800,Pa
64800000,P_3_13_13,sg,0,
64800000,P_3_13_13,so,1,
64800000,P_3_13_13,sw,0,
64800000,P_8_13_13,pressure,19056800,Pa
64800000,P_8_13_13,sg,0,
64800000,P_8_13_13,so,1,
64800000,P_8_13_13,sw,0,
64800000,P_13_13_13,pressure,19003800,Pa
64800000,P_13_13_13,sg,0,
64800000,P_13_13_13,so,1,
64800000,P_13_13_13,sw,0,
67392000,P_3_3_15,pressure,19003200,Pa
67392000,P_3_3_15,sg,0,
67392000,P_3_3_15,so,1,
67392000,P_3_3_15,sw,0,
67392000,P_8_3_15,pressure,19031300,Pa
67392000,P_8_3_15,sg,0,
67392000,P_8_3_15,so,1,
67392000,P_8_3_15,sw,0,
67392000,P_13_3_15,pressure,19002300,Pa
67392000,P_13_3_15,sg,0,
67392000,P_13_3_15,so,1,
67392000,P_13_3_15,sw,0,
67392000,P_3_8_15,pressure,19044800,Pa
67392000,P_3_8_15,sg,0,
67392000,P_3_8_15,so,1,
67392000,P_3_8_15,sw,0,
67392000,P_8_8_15,pressure,19042700,Pa
67392000,P_8_8_15,sg,0,
67392000,P_8_8_15,so,1,
67392000,P_8_8_15,sw,0,
67392000,P_13_8_15,pressure,19031300,Pa
67392000,P_13_8_15,sg,0,
67392000,P_13_8_15,so,1,
67392000,P_13_8_15,sw,0,
67392000,P_3_13_15,pressure,19055100,Pa
67392000,P_3_13_15,sg,0,
67392000,P_3_13_15,so,1,
67392000,P_3_13_15,sw,0,
67392000,P_8_13_15,pressure,19044800,Pa
67392000,P_8_13_15,sg,0,
67392000,P_8_13_15,so,1,
67392000,P_8_13_15,sw,0,
67392000,P_13_13_15,pressure,19003200,Pa
67392000,P_13_13_15,sg,0,
67392000,P_13_13_15,so,1,
67392000,P_13_13_15,sw,0,
67392000,P_3_3_14,pressure,19003400,Pa
67392000,P_3_3_14,sg,0,
67392000,P_3_3_14,so,1,
67392000,P_3_3_14,sw,0,
67392000,P_8_3_14,pressure,19035100,Pa
67392000,P_8_3_14,sg,0,
67392000,P_8_3_14,so,1,
67392000,P_8_3_14,sw,0,
67392000,P_13_3_14,pressure,19002500,Pa
67392000,P_13_3_14,sg,0,
67392000,P_13_3_14,so,1,
67392000,P_13_3_14,sw,0,
67392000,P_3_8_14,pressure,19048700,Pa
67392000,P_3_8_14,sg,0,
67392000,P_3_8_14,so,1,
67392000,P_3_8_14,sw,0,
67392000,P_8_8_14,pressure,19048400,Pa
67392000,P_8_8_14,sg,0,
67392000,P_8_8_14,so,1,
67392000,P_8_8_14,sw,0,
67392000,P_13_8_14,pressure,19035100,Pa
67392000,P_13_8_14,sg,0,
67392000,P_13_8_14,so,1,
67392000,P_13_8_14,sw,0,
67392000,P_3_13_14,pressure,19058700,Pa
67392000,P_3_13_14,sg,0,
67392000,P_3_13_14,so,1,
67392000,P_3_13_14,sw,0,
67392000,P_8_13_14,pressure,19048700,Pa
67392000,P_8_13_14,sg,0,
67392000,P_8_13_14,so,1,
67392000,P_8_13_14,sw,0,
67392000,P_13_13_14,pressure,19003400,Pa
67392000,P_13_13_14,sg,0,
67392000,P_13_13_14,so,1,
67392000,P_13_13_14,sw,0,
67392000,P_3_3_13,pressure,19003800,Pa
67392000,P_3_3_13,sg,0,
67392000,P_3_3_13,so,1,
67392000,P_3_3_13,sw,0,
67392000,P_8_3_13,pressure,19043200,Pa
67392000,P_8_3_13,sg,0,
67392000,P_8_3_13,so,1,
67392000,P_8_3_13,sw,0,
67392000,P_13_3_13,pressure,19003000,Pa
67392000,P_13_3_13,sg,0,
67392000,P_13_3_13,so,1,
67392000,P_13_3_13,sw,0,
67392000,P_3_8_13,pressure,19056800,Pa
67392000,P_3_8_13,sg,0,
67392000,P_3_8_13,so,1,
67392000,P_3_8_13,sw,0,
67392000,P_8_8_13,pressure,19062800,Pa
67392000,P_8_8_13,sg,0,
67392000,P_8_8_13,so,1,
67392000,P_8_8_13,sw,0,
67392000,P_13_8_13,pressure,19043200,Pa
67392000,P_13_8_13,sg,0,
67392000,P_13_8_13,so,1,
67392000,P_13_8_13,sw,0,
67392000,P_3_13_13,pressure,19065800,Pa
67392000,P_3_13_13,sg,0,
67392000,P_3_13_13,so,1,
67392000,P_3_13_13,sw,0,
67392000,P_8_13_13,pressure,19056800,Pa
67392000,P_8_13_13,sg,0,
67392000,P_8_13_13,so,1,
67392000,P_8_13_13,sw,0,
67392000,P_13_13_13,pressure,19003800,Pa
67392000,P_13_13_13,sg,0,
67392000,P_13_13_13,so,1,
67392000,P_13_13_13,sw,0,
69984000,P_3_3_15,pressure,19003200,Pa
69984000,P_3_3_15,sg,0,
69984000,P_3_3_15,so,1,
69984000,P_3_3_15,sw,0,
69984000,P_8_3_15,pressure,19031300,Pa
69984000,P_8_3_15,sg,0,
69984000,P_8_3_15,so,1,
69984000,P_8_3_15,sw,0,
69984000,P_13_3_15,pressure,19002300,Pa
69984000,P_13_3_15,sg,0,
69984000,P_13_3_15,so,1,
69984000,P_13_3_15,sw,0,
69984000,P_3_8_15,pressure,19044800,Pa
69984000,P_3_8_15,sg,0,
69984000,P_3_8_15,so,1,
69984000,P_3_8_15,sw,0,
69984000,P_8_8_15,pressure,19042700,Pa
69984000,P_8_8_15,sg,0,
69984000,P_8_8_15,so,1,
69984000,P_8_8_15,sw,0,
69984000,P_13_8_15,pressure,19031300,Pa
69984000,P_13_8_15,sg,0,
69984000,P_13_8_15,so,1,
69984000,P_13_8_15,sw,0,
69984000,P_3_13_15,pressure,19055100,Pa
69984000,P_3_13_15,sg,0,
69984000,P_3_13_15,so,1,
69984000,P_3_13_15,sw,0,
69984000,P_8_13_15,pressure,19044800,Pa
69984000,P_8_13_15,sg,0,
69984000,P_8_13_15,so,1,
69984000,P_8_13_15,sw,0,
69984000,P_13_13_15,pressure,19003200,Pa
69984000,P_13_13_15,sg,0,
69984000,P_13_13_15,so,1,
69984000,P_13_13_15,sw,0,
69984000,P_3_3_14,pressure,19003400,Pa
69984000,P_3_3_14,sg,0,
69984000,P_3_3_14,so,1,
69984000,P_3_3_14,sw,0,
69984000,P_8_3_14,pressure,19035100,Pa
69984000,P_8_3_14,sg,0,
69984000,P_8_3_14,so,1,
69984000,P_8_3_14,sw,0,
69984000,P_13_3_14,pressure,19002500,Pa
69984000,P_13_3_14,sg,0,
69984000,P_13_3_14,so,1,
69984000,P_13_3_14,sw,0,
69984000,P_3_8_14,pressure,19048700,Pa
69984000,P_3_8_14,sg,0,
69984000,P_3_8_14,so,1,
69984000,P_3_8_14,sw,0,
69984000,P_8_8_14,pressure,19048400,Pa
69984000,P_8_8_14,sg,0,
69984000,P_8_8_14,so,1,
69984000,P_8_8_14,sw,0,
69984000,P_13_8_14,pressure,19035100,Pa
69984000,P_13_8_14,sg,0,
69984000,P_13_8_14,so,1,
69984000,P_13_8_14,sw,0,
69984000,P_3_13_14,pressure,19058700,Pa
69984000,P_3_13_14,sg,0,
69984000,P_3_13_14,so,1,
69984000,P_3_13_14,sw,0,
69984000,P_8_13_14,pressure,19048700,Pa
69984000,P_8_13_14,sg,0,
69984000,P_8_13_14,so,1,
69984000,P_8_13_14,sw,0,
69984000,P_13_13_14,pressure,19003400,Pa
69984000,P_13_13_14,sg,0,
69984000,P_13_13_14,so,1,
69984000,P_13_13_14,sw,0,
69984000,P_3_3_13,pressure,19003800,Pa
69984000,P_3_3_13,sg,0,
69984000,P_3_3_13,so,1,
69984000,P_3_3_13,sw,0,
69984000,P_8_3_13,pressure,19043200,Pa
69984000,P_8_3_13,sg,0,
69984000,P_8_3_13,so,1,
69984000,P_8_3_13,sw,0,
69984000,P_13_3_13,pressure,19003000,Pa
69984000,P_13_3_13,sg,0,
69984000,P_13_3_13,so,1,
69984000,P_13_3_13,sw,0,
69984000,P_3_8_13,pressure,19056800,Pa
69984000,P_3_8_13,sg,0,
69984000,P_3_8_13,so,1,
69984000,P_3_8_13,sw,0,
69984000,P_8_8_13,pressure,19062800,Pa
69984000,P_8_8_13,sg,0,
69984000,P_8_8_13,so,1,
69984000,P_8_8_13,sw,0,
69984000,P_13_8_13,pressure,19043200,Pa
69984000,P_13_8_13,sg,0,
69984000,P_13_8_13,so,1,
69984000,P_13_8_13,sw,0,
69984000,P_3_13_13,pressure,19065800,Pa
69984000,P_3_13_13,sg,0,
69984000,P_3_13_13,so,1,
69984000,P_3_13_13,sw,0,
69984000,P_8_13_13,pressure,19056800,Pa
69984000,P_8_13_13,sg,0,
69984000,P_8_13_13,so,1,
69984000,P_8_13_13,sw,0,
69984000,P_13_13_13,pressure,19003800,Pa
69984000,P_13_13_13,sg,0,
69984000,P_13_13_13,so,1,
69984000,P_13_13_13,sw,0,
72576000,P_3_3_15,pressure,19003200,Pa
72576000,P_3_3_15,sg,0,
72576000,P_3_3_15,so,1,
72576000,P_3_3_15,sw,0,
72576000,P_8_3_15,pressure,19031300,Pa
72576000,P_8_3_15,sg,0,
72576000,P_8_3_15,so,1,
72576000,P_8_3_15,sw,0,
72576000,P_13_3_15,pressure,19002300,Pa
72576000,P_13_3_15,sg,0,
72576000,P_13_3_15,so,1,
72576000,P_13_3_15,sw,0,
72576000,P_3_8_15,pressure,19044800,Pa
72576000,P_3_8_15,sg,0,
72576000,P_3_8_15,so,1,
72576000,P_3_8_15,sw,0,
72576000,P_8_8_15,pressure,19042700,Pa
72576000,P_8_8_15,sg,0,
72576000,P_8_8_15,so,1,
72576000,P_8_8_15,sw,0,
72576000,P_13_8_15,pressure,19031300,Pa
72576000,P_13_8_15,sg,0,
72576000,P_13_8_15,so,1,
72576000,P_13_8_15,sw,0,
72576000,P_3_13_15,pressure,19055100,Pa
72576000,P_3_13_15,sg,0,
72576000,P_3_13_15,so,1,
72576000,P_3_13_15,sw,0,
72576000,P_8_13_15,pressure,19044800,Pa
72576000,P_8_13_15,sg,0,
72576000,P_8_13_15,so,1,
72576000,P_8_13_15,sw,0,
72576000,P_13_13_15,pressure,19003200,Pa
72576000,P_13_13_15,sg,0,
72576000,P_13_13_15,so,1,
72576000,P_13_13_15,sw,0,
72576000,P_3_3_14,pressure,19003400,Pa
72576000,P_3_3_14,sg,0,
72576000,P_3_3_14,so,1,
72576000,P_3_3_14,sw,0,
72576000,P_8_3_14,pressure,19035100,Pa
72576000,P_8_3_14,sg,0,
72576000,P_8_3_14,so,1,
72576000,P_8_3_14,sw,0,
72576000,P_13_3_14,pressure,19002500,Pa
72576000,P_13_3_14,sg,0,
72576000,P_13_3_14,so,1,
72576000,P_13_3_14,sw,0,
72576000,P_3_8_14,pressure,19048700,Pa
72576000,P_3_8_14,sg,0,
72576000,P_3_8_14,so,1,
72576000,P_3_8_14,sw,0,
72576000,P_8_8_14,pressure,19048400,Pa
72576000,P_8_8_14,sg,0,
72576000,P_8_8_14,so,1,
72576000,P_8_8_14,sw,0,
72576000,P_13_8_14,pressure,19035100,Pa
72576000,P_13_8_14,sg,0,
72576000,P_13_8_14,so,1,
72576000,P_13_8_14,sw,0,
72576000,P_3_13_14,pressure,19058700,Pa
72576000,P_3_13_14,sg,0,
72576000,P_3_13_14,so,1,
72576000,P_3_13_14,sw,0,
72576000,P_8_13_14,pressure,19048700,Pa
72576000,P_8_13_14,sg,0,
72576000,P_8_13_14,so,1,
72576000,P_8_13_14,sw,0,
72576000,P_13_13_14,pressure,19003400,Pa
72576000,P_13_13_14,sg,0,
72576000,P_13_13_14,so,1,
72576000,P_13_13_14,sw,0,
72576000,P_3_3_13,pressure,19003800,Pa
72576000,P_3_3_13,sg,0,
72576000,P_3_3_13,so,1,
72576000,P_3_3_13,sw,0,
72576000,P_8_3_13,pressure,19043200,Pa
72576000,P_8_3_13,sg,0,
72576000,P_8_3_13,so,1,
72576000,P_8_3_13,sw,0,
72576000,P_13_3_13,pressure,19003000,Pa
72576000,P_13_3_13,sg,0,
72576000,P_13_3_13,so,1,
72576000,P_13_3_13,sw,0,
72576000,P_3_8_13,pressure,19056800,Pa
72576000,P_3_8_13,sg,0,
72576000,P_3_8_13,so,1,
72576000,P_3_8_13,sw,0,
72576000,P_8_8_13,pressure,19062800,Pa
72576000,P_8_8_13,sg,0,
72576000,P_8_8_13,so,1,
72576000,P_8_8_13,sw,0,
72576000,P_13_8_13,pressure,19043200,Pa
72576000,P_13_8_13,sg,0,
72576000,P_13_8_13,so,1,
72576000,P_13_8_13,sw,0,
72576000,P_3_13_13,pressure,19065800,Pa
72576000,P_3_13_13,sg,0,
72576000,P_3_13_13,so,1,
72576000,P_3_13_13,sw,0,
72576000,P_8_13_13,pressure,19056800,Pa
72576000,P_8_13_13,sg,0,
72576000,P_8_13_13,so,1,
72576000,P_8_13_13,sw,0,
72576000,P_13_13_13,pressure,19003800,Pa
72576000,P_13_13_13,sg,0,
72576000,P_13_13_13,so,1,
72576000,P_13_13_13,sw,0,
75168000,P_3_3_15,pressure,19003200,Pa
75168000,P_3_3_15,sg,0,
75168000,P_3_3_15,so,1,
75168000,P_3_3_15,sw,0,
75168000,P_8_3_15,pressure,19031300,Pa
75168000,P_8_3_15,sg,0,
75168000,P_8_3_15,so,1,
75168000,P_8_3_15,sw,0,
75168000,P_13_3_15,pressure,19002300,Pa
75168000,P_13_3_15,sg,0,
75168000,P_13_3_15,so,1,
75168000,P_13_3_15,sw,0,
75168000,P_3_8_15,pressure,19044800,Pa
75168000,P_3_8_15,sg,0,
75168000,P_3_8_15,so,1,
75168000,P_3_8_15,sw,0,
75168000,P_8_8_15,pressure,19042700,Pa
75168000,P_8_8_15,sg,0,
75168000,P_8_8_15,so,1,
75168000,P_8_8_15,sw,0,
75168000,P_13_8_15,pressure,19031300,Pa
75168000,P_13_8_15,sg,0,
75168000,P_13_8_15,so,1,
75168000,P_13_8_15,sw,0,
75168000,P_3_13_15,pressure,19055100,Pa
75168000,P_3_13_15,sg,0,
75168000,P_3_13_15,so,1,
75168000,P_3_13_15,sw,0,
75168000,P_8_13_15,pressure,19044800,Pa
75168000,P_8_13_15,sg,0,
75168000,P_8_13_15,so,1,
75168000,P_8_13_15,sw,0,
75168000,P_13_13_15,pressure,19003200,Pa
75168000,P_13_13_15,sg,0,
75168000,P_13_13_15,so,1,
75168000,P_13_13_15,sw,0,
75168000,P_3_3_14,pressure,19003400,Pa
75168000,P_3_3_14,sg,0,
75168000,P_3_3_14,so,1,
75168000,P_3_3_14,sw,0,
75168000,P_8_3_14,pressure,19035100,Pa
75168000,P_8_3_14,sg,0,
75168000,P_8_3_14,so,1,
75168000,P_8_3_14,sw,0,
75168000,P_13_3_14,pressure,19002500,Pa
75168000,P_13_3_14,sg,0,
75168000,P_13_3_14,so,1,
75168000,P_13_3_14,sw,0,
75168000,P_3_8_14,pressure,19048700,Pa
75168000,P_3_8_14,sg,0,
75168000,P_3_8_14,so,1,
75168000,P_3_8_14,sw,0,
75168000,P_8_8_14,pressure,19048400,Pa
75168000,P_8_8_14,sg,0,
75168000,P_8_8_14,so,1,
75168000,P_8_8_14,sw,0,
75168000,P_13_8_14,pressure,19035100,Pa
75168000,P_13_8_14,sg,0,
75168000,P_13_8_14,so,1,
75168000,P_13_8_14,sw,0,
75168000,P_3_13_14,pressure,19058700,Pa
75168000,P_3_13_14,sg,0,
75168000,P_3_13_14,so,1,
75168000,P_3_13_14,sw,0,
75168000,P_8_13_14,pressure,19048700,Pa
75168000,P_8_13_14,sg,0,
75168000,P_8_13_14,so,1,
75168000,P_8_13_14,sw,0,
75168000,P_13_13_14,pressure,19003400,Pa
75168000,P_13_13_14,sg,0,
75168000,P_13_13_14,so,1,
75168000,P_13_13_14,sw,0,
75168000,P_3_3_13,pressure,19003800,Pa
75168000,P_3_3_13,sg,0,
75168000,P_3_3_13,so,1,
75168000,P_3_3_13,sw,0,
75168000,P_8_3_13,pressure,19043200,Pa
75168000,P_8_3_13,sg,0,
75168000,P_8_3_13,so,1,
75168000,P_8_3_13,sw,0,
75168000,P_13_3_13,pressure,19003000,Pa
75168000,P_13_3_13,sg,0,
75168000,P_13_3_13,so,1,
75168000,P_13_3_13,sw,0,
75168000,P_3_8_13,pressure,19056800,Pa
75168000,P_3_8_13,sg,0,
75168000,P_3_8_13,so,1,
75168000,P_3_8_13,sw,0,
75168000,P_8_8_13,pressure,19062800,Pa
75168000,P_8_8_13,sg,0,
75168000,P_8_8_13,so,1,
75168000,P_8_8_13,sw,0,
75168000,P_13_8_13,pressure,19043200,Pa
75168000,P_13_8_13,sg,0,
75168000,P_13_8_13,so,1,
75168000,P_13_8_13,sw,0,
75168000,P_3_13_13,pressure,19065800,Pa
75168000,P_3_13_13,sg,0,
75168000,P_3_13_13,so,1,
75168000,P_3_13_13,sw,0,
75168000,P_8_13_13,pressure,19056800,Pa
75168000,P_8_13_13,sg,0,
75168000,P_8_13_13,so,1,
75168000,P_8_13_13,sw,0,
75168000,P_13_13_13,pressure,19003800,Pa
75168000,P_13_13_13,sg,0,
75168000,P_13_13_13,so,1,
75168000,P_13_13_13,sw,0,
77760000,P_3_3_15,pressure,19003200,Pa
77760000,P_3_3_15,sg,0,
77760000,P_3_3_15,so,1,
77760000,P_3_3_15,sw,0,
77760000,P_8_3_15,pressure,19031300,Pa
77760000,P_8_3_15,sg,0,
77760000,P_8_3_15,so,1,
77760000,P_8_3_15,sw,0,
77760000,P_13_3_15,pressure,19002300,Pa
77760000,P_13_3_15,sg,0,
77760000,P_13_3_15,so,1,
77760000,P_13_3_15,sw,0,
77760000,P_3_8_15,pressure,19044800,Pa
77760000,P_3_8_15,sg,0,
77760000,P_3_8_15,so,1,
77760000,P_3_8_15,sw,0,
77760000,P_8_8_15,pressure,19042700,Pa
77760000,P_8_8_15,sg,0,
77760000,P_8_8_15,so,1,
77760000,P_8_8_15,sw,0,
77760000,P_13_8_15,pressure,19031300,Pa
77760000,P_13_8_15,sg,0,
77760000,P_13_8_15,so,1,
77760000,P_13_8_15,sw,0,
77760000,P_3_13_15,pressure,19055100,Pa
77760000,P_3_13_15,sg,0,
77760000,P_3_13_15,so,1,
77760000,P_3_13_15,sw,0,
77760000,P_8_13_15,pressure,19044800,Pa
77760000,P_8_13_15,sg,0,
77760000,P_8_13_15,so,1,
77760000,P_8_13_15,sw,0,
77760000,P_13_13_15,pressure,19003200,Pa
77760000,P_13_13_15,sg,0,
77760000,P_13_13_15,so,1,
77760000,P_13_13_15,sw,0,
77760000,P_3_3_14,pressure,19003400,Pa
77760000,P_3_3_14,sg,0,
77760000,P_3_3_14,so,1,
77760000,P_3_3_14,sw,0,
77760000,P_8_3_14,pressure,19035100,Pa
77760000,P_8_3_14,sg,0,
77760000,P_8_3_14,so,1,
77760000,P_8_3_14,sw,0,
77760000,P_13_3_14,pressure,19002500,Pa
77760000,P_13_3_14,sg,0,
77760000,P_13_3_14,so,1,
77760000,P_13_3_14,sw,0,
77760000,P_3_8_14,pressure,19048700,Pa
77760000,P_3_8_14,sg,0,
77760000,P_3_8_14,so,1,
77760000,P_3_8_14,sw,0,
77760000,P_8_8_14,pressure,19048400,Pa
77760000,P_8_8_14,sg,0,
77760000,P_8_8_14,so,1,
77760000,P_8_8_14,sw,0,
77760000,P_13_8_14,pressure,19035100,Pa
77760000,P_13_8_14,sg,0,
77760000,P_13_8_14,so,1,
77760000,P_13_8_14,sw,0,
77760000,P_3_13_14,pressure,19058700,Pa
77760000,P_3_13_14,sg,0,
77760000,P_3_13_14,so,1,
77760000,P_3_13_14,sw,0,
77760000,P_8_13_14,pressure,19048700,Pa
77760000,P_8_13_14,sg,0,
77760000,P_8_13_14,so,1,
77760000,P_8_13_14,sw,0,
77760000,P_13_13_14,pressure,19003400,Pa
77760000,P_13_13_14,sg,0,
77760000,P_13_13_14,so,1,
77760000,P_13_13_14,sw,0,
77760000,P_3_3_13,pressure,19003800,Pa
77760000,P_3_3_13,sg,0,
77760000,P_3_3_13,so,1,
77760000,P_3_3_13,sw,0,
77760000,P_8_3_13,pressure,19043200,Pa
77760000,P_8_3_13,sg,0,
77760000,P_8_3_13,so,1,
77760000,P_8_3_13,sw,0,
77760000,P_13_3_13,pressure,19003000,Pa
77760000,P_13_3_13,sg,0,
77760000,P_13_3_13,so,1,
77760000,P_13_3_13,sw,0,
77760000,P_3_8_13,pressure,19056800,Pa
77760000,P_3_8_13,sg,0,
77760000,P_3_8_13,so,1,
77760000,P_3_8_13,sw,0,
77760000,P_8_8_13,pressure,19062800,Pa
77760000,P_8_8_13,sg,0,
77760000,P_8_8_13,so,1,
77760000,P_8_8_13,sw,0,
77760000,P_13_8_13,pressure,19043200,Pa
77760000,P_13_8_13,sg,0,
77760000,P_13_8_13,so,1,
77760000,P_13_8_13,sw,0,
77760000,P_3_13_13,pressure,19065800,Pa
77760000,P_3_13_13,sg,0,
77760000,P_3_13_13,so,1,
77760000,P_3_13_13,sw,0,
77760000,P_8_13_13,pressure,19056800,Pa
77760000,P_8_13_13,sg,0,
77760000,P_8_13_13,so,1,
77760000,P_8_13_13,sw,0,
77760000,P_13_13_13,pressure,19003800,Pa
77760000,P_13_13_13,sg,0,
77760000,P_13_13_13,so,1,
77760000,P_13_13_13,sw,0,
80352000,P_3_3_15,pressure,19003200,Pa
80352000,P_3_3_15,sg,0,
80352000,P_3_3_15,so,1,
80352000,P_3_3_15,sw,0,
80352000,P_8_3_15,pressure,19031300,Pa
80352000,P_8_3_15,sg,0,
80352000,P_8_3_15,so,1,
80352000,P_8_3_15,sw,0,
80352000,P_13_3_15,pressure,19002300,Pa
80352000,P_13_3_15,sg,0,
80352000,P_13_3_15,so,1,
80352000,P_13_3_15,sw,0,
80352000,P_3_8_15,pressure,19044800,Pa
80352000,P_3_8_15,sg,0,
80352000,P_3_8_15,so,1,
80352000,P_3_8_15,sw,0,
80352000,P_8_8_15,pressure,19042700,Pa
80352000,P_8_8_15,sg,0,
80352000,P_8_8_15,so,1,
80352000,P_8_8_15,sw,0,
80352000,P_13_8_15,pressure,19031300,Pa
80352000,P_13_8_15,sg,0,
80352000,P_13_8_15,so,1,
80352000,P_13_8_15,sw,0,
80352000,P_3_13_15,pressure,19055100,Pa
80352000,P_3_13_15,sg,0,
80352000,P_3_13_15,so,1,
80352000,P_3_13_15,sw,0,
80352000,P_8_13_15,pressure,19044800,Pa
80352000,P_8_13_15,sg,0,
80352000,P_8_13_15,so,1,
80352000,P_8_13_15,sw,0,
80352000,P_13_13_15,pressure,19003200,Pa
80352000,P_13_13_15,sg,0,
80352000,P_13_13_15,so,1,
80352000,P_13_13_15,sw,0,
80352000,P_3_3_14,pressure,19003400,Pa
80352000,P_3_3_14,sg,0,
80352000,P_3_3_14,so,1,
80352000,P_3_3_14,sw,0,
80352000,P_8_3_14,pressure,19035100,Pa
80352000,P_8_3_14,sg,0,
80352000,P_8_3_14,so,1,
80352000,P_8_3_14,sw,0,
80352000,P_13_3_14,pressure,19002500,Pa
80352000,P_13_3_14,sg,0,
80352000,P_13_3_14,so,1,
80352000,P_13_3_14,sw,0,
80352000,P_3_8_14,pressure,19048700,Pa
80352000,P_3_8_14,sg,0,
80352000,P_3_8_14,so,1,
80352000,P_3_8_14,sw,0,
80352000,P_8_8_14,pressure,19048400,Pa
80352000,P_8_8_14,sg,0,
80352000,P_8_8_14,so,1,
80352000,P_8_8_14,sw,0,
80352000,P_13_8_14,pressure,19035100,Pa
80352000,P_13_8_14,sg,0,
80352000,P_13_8_14,so,1,
80352000,P_13_8_14,sw,0,
80352000,P_3_13_14,pressure,19058700,Pa
80352000,P_3_13_14,sg,0,
80352000,P_3_13_14,so,1,
80352000,P_3_13_14,sw,0,
80352000,P_8_13_14,pressure,19048700,Pa
80352000,P_8_13_14,sg,0,
80352000,P_8_13_14,so,1,
80352000,P_8_13_14,sw,0,
80352000,P_13_13_14,pressure,19003400,Pa
80352000,P_13_13_14,sg,0,
80352000,P_13_13_14,so,1,
80352000,P_13_13_14,sw,0,
80352000,P_3_3_13,pressure,19003800,Pa
80352000,P_3_3_13,sg,0,
80352000,P_3_3_13,so,1,
80352000,P_3_3_13,sw,0,
80352000,P_8_3_13,pressure,19043200,Pa
80352000,P_8_3_13,sg,0,
80352000,P_8_3_13,so,1,
80352000,P_8_3_13,sw,0,
80352000,P_13_3_13,pressure,19003000,Pa
80352000,P_13_3_13,sg,0,
80352000,P_13_3_13,so,1,
80352000,P_13_3_13,sw,0,
80352000,P_3_8_13,pressure,19056800,Pa
80352000,P_3_8_13,sg,0,
80352000,P_3_8_13,so,1,
80352000,P_3_8_13,sw,0,
80352000,P_8_8_13,pressure,19062800,Pa
80352000,P_8_8_13,sg,0,
80352000,P_8_8_13,so,1,
80352000,P_8_8_13,sw,0,
80352000,P_13_8_13,pressure,19043200,Pa
80352000,P_13_8_13,sg,0,
80352000,P_13_8_13,so,1,
80352000,P_13_8_13,sw,0,
80352000,P_3_13_13,pressure,19065800,Pa
80352000,P_3_13_13,sg,0,
80352000,P_3_13_13,so,1,
80352000,P_3_13_13,sw,0,
80352000,P_8_13_13,pressure,19056800,Pa
80352000,P_8_13_13,sg,0,
80352000,P_8_13_13,so,1,
80352000,P_8_13_13,sw,0,
80352000,P_13_13_13,pressure,19003800,Pa
80352000,P_13_13_13,sg,0,
80352000,P_13_13_13,so,1,
80352000,P_13_13_13,sw,0,
82944000,P_3_3_15,pressure,19003200,Pa
82944000,P_3_3_15,sg,0,
82944000,P_3_3_15,so,1,
82944000,P_3_3_15,sw,0,
82944000,P_8_3_15,pressure,19031300,Pa
82944000,P_8_3_15,sg,0,
82944000,P_8_3_15,so,1,
82944000,P_8_3_15,sw,0,
82944000,P_13_3_15,pressure,19002300,Pa
82944000,P_13_3_15,sg,0,
82944000,P_13_3_15,so,1,
82944000,P_13_3_15,sw,0,
82944000,P_3_8_15,pressure,19044800,Pa
82944000,P_3_8_15,sg,0,
82944000,P_3_8_15,so,1,
82944000,P_3_8_15,sw,0,
82944000,P_8_8_15,pressure,19042700,Pa
82944000,P_8_8_15,sg,0,
82944000,P_8_8_15,so,1,
82944000,P_8_8_15,sw,0,
82944000,P_13_8_15,pressure,19031300,Pa
82944000,P_13_8_15,sg,0,
82944000,P_13_8_15,so,1,
82944000,P_13_8_15,sw,0,
82944000,P_3_13_15,pressure,19055100,Pa
82944000,P_3_13_15,sg,0,
82944000,P_3_13_15,so,1,
82944000,P_3_13_15,sw,0,
82944000,P_8_13_15,pressure,19044800,Pa
82944000,P_8_13_15,sg,0,
82944000,P_8_13_15,so,1,
82944000,P_8_13_15,sw,0,
82944000,P_13_13_15,pressure,19003200,Pa
82944000,P_13_13_15,sg,0,
82944000,P_13_13_15,so,1,
82944000,P_13_13_15,sw,0,
82944000,P_3_3_14,pressure,19003400,Pa
82944000,P_3_3_14,sg,0,
82944000,P_3_3_14,so,1,
82944000,P_3_3_14,sw,0,
82944000,P_8_3_14,pressure,19035100,Pa
82944000,P_8_3_14,sg,0,
82944000,P_8_3_14,so,1,
82944000,P_8_3_14,sw,0,
82944000,P_13_3_14,pressure,19002500,Pa
82944000,P_13_3_14,sg,0,
82944000,P_13_3_14,so,1,
82944000,P_13_3_14,sw,0,
82944000,P_3_8_14,pressure,19048700,Pa
82944000,P_3_8_14,sg,0,
82944000,P_3_8_14,so,1,
82944000,P_3_8_14,sw,0,
82944000,P_8_8_14,pressure,19048400,Pa
82944000,P_8_8_14,sg,0,
82944000,P_8_8_14,so,1,
82944000,P_8_8_14,sw,0,
82944000,P_13_8_14,pressure,19035100,Pa
82944000,P_13_8_14,sg,0,
82944000,P_13_8_14,so,1,
82944000,P_13_8_14,sw,0,
82944000,P_3_13_14,pressure,19058700,Pa
82944000,P_3_13_14,sg,0,
82944000,P_3_13_14,so,1,
82944000,P_3_13_14,sw,0,
82944000,P_8_13_14,pressure,19048700,Pa
82944000,P_8_13_14,sg,0,
82944000,P_8_13_14,so,1,
82944000,P_8_13_14,sw,0,
82944000,P_13_13_14,pressure,19003400,Pa
82944000,P_13_13_14,sg,0,
82944000,P_13_13_14,so,1,
82944000,P_13_13_14,sw,0,
82944000,P_3_3_13,pressure,19003800,Pa
82944000,P_3_3_13,sg,0,
82944000,P_3_3_13,so,1,
82944000,P_3_3_13,sw,0,
82944000,P_8_3_13,pressure,19043200,Pa
82944000,P_8_3_13,sg,0,
82944000,P_8_3_13,so,1,
82944000,P_8_3_13,sw,0,
82944000,P_13_3_13,pressure,19003000,Pa
82944000,P_13_3_13,sg,0,
82944000,P_13_3_13,so,1,
82944000,P_13_3_13,sw,0,
82944000,P_3_8_13,pressure,19056800,Pa
82944000,P_3_8_13,sg,0,
82944000,P_3_8_13,so,1,
82944000,P_3_8_13,sw,0,
82944000,P_8_8_13,pressure,19062800,Pa
82944000,P_8_8_13,sg,0,
82944000,P_8_8_13,so,1,
82944000,P_8_8_13,sw,0,
82944000,P_13_8_13,pressure,19043200,Pa
82944000,P_13_8_13,sg,0,
82944000,P_13_8_13,so,1,
82944000,P_13_8_13,sw,0,
82944000,P_3_13_13,pressure,19065800,Pa
82944000,P_3_13_13,sg,0,
82944000,P_3_13_13,so,1,
82944000,P_3_13_13,sw,0,
82944000,P_8_13_13,pressure,19056800,Pa
82944000,P_8_13_13,sg,0,
82944000,P_8_13_13,so,1,
82944000,P_8_13_13,sw,0,
82944000,P_13_13_13,pressure,19003800,Pa
82944000,P_13_13_13,sg,0,
82944000,P_13_13_13,so,1,
82944000,P_13_13_13,sw,0,
85536000,P_3_3_15,pressure,19003200,Pa
85536000,P_3_3_15,sg,0,
85536000,P_3_3_15,so,1,
85536000,P_3_3_15,sw,0,
85536000,P_8_3_15,pressure,19031300,Pa
85536000,P_8_3_15,sg,0,
85536000,P_8_3_15,so,1,
85536000,P_8_3_15,sw,0,
85536000,P_13_3_15,pressure,19002300,Pa
85536000,P_13_3_15,sg,0,
85536000,P_13_3_15,so,1,
85536000,P_13_3_15,sw,0,
85536000,P_3_8_15,pressure,19044800,Pa
85536000,P_3_8_15,sg,0,
85536000,P_3_8_15,so,1,
85536000,P_3_8_15,sw,0,
85536000,P_8_8_15,pressure,19042700,Pa
85536000,P_8_8_15,sg,0,
85536000,P_8_8_15,so,1,
85536000,P_8_8_15,sw,0,
85536000,P_13_8_15,pressure,19031300,Pa
85536000,P_13_8_15,sg,0,
85536000,P_13_8_15,so,1,
85536000,P_13_8_15,sw,0,
85536000,P_3_13_15,pressure,19055100,Pa
85536000,P_3_13_15,sg,0,
85536000,P_3_13_15,so,1,
85536000,P_3_13_15,sw,0,
85536000,P_8_13_15,pressure,19044800,Pa
85536000,P_8_13_15,sg,0,
85536000,P_8_13_15,so,1,
85536000,P_8_13_15,sw,0,
85536000,P_13_13_15,pressure,19003200,Pa
85536000,P_13_13_15,sg,0,
85536000,P_13_13_15,so,1,
85536000,P_13_13_15,sw,0,
85536000,P_3_3_14,pressure,19003400,Pa
85536000,P_3_3_14,sg,0,
85536000,P_3_3_14,so,1,
85536000,P_3_3_14,sw,0,
85536000,P_8_3_14,pressure,19035100,Pa
85536000,P_8_3_14,sg,0,
85536000,P_8_3_14,so,1,
85536000,P_8_3_14,sw,0,
85536000,P_13_3_14,pressure,19002500,Pa
85536000,P_13_3_14,sg,0,
85536000,P_13_3_14,so,1,
85536000,P_13_3_14,sw,0,
85536000,P_3_8_14,pressure,19048700,Pa
85536000,P_3_8_14,sg,0,
85536000,P_3_8_14,so,1,
85536000,P_3_8_14,sw,0,
85536000,P_8_8_14,pressure,19048400,Pa
85536000,P_8_8_14,sg,0,
85536000,P_8_8_14,so,1,
85536000,P_8_8_14,sw,0,
85536000,P_13_8_14,pressure,19035100,Pa
85536000,P_13_8_14,sg,0,
85536000,P_13_8_14,so,1,
85536000,P_13_8_14,sw,0,
85536000,P_3_13_14,pressure,19058700,Pa
85536000,P_3_13_14,sg,0,
85536000,P_3_13_14,so,1,
85536000,P_3_13_14,sw,0,
85536000,P_8_13_14,pressure,19048700,Pa
85536000,P_8_13_14,sg,0,
85536000,P_8_13_14,so,1,
85536000,P_8_13_14,sw,0,
85536000,P_13_13_14,pressure,19003400,Pa
85536000,P_13_13_14,sg,0,
85536000,P_13_13_14,so,1,
85536000,P_13_13_14,sw,0,
85536000,P_3_3_13,pressure,19003800,Pa
85536000,P_3_3_13,sg,0,
85536000,P_3_3_13,so,1,
85536000,P_3_3_13,sw,0,
85536000,P_8_3_13,pressure,19043200,Pa
85536000,P_8_3_13,sg,0,
85536000,P_8_3_13,so,1,
85536000,P_8_3_13,sw,0,
85536000,P_13_3_13,pressure,19003000,Pa
85536000,P_13_3_13,sg,0,
85536000,P_13_3_13,so,1,
85536000,P_13_3_13,sw,0,
85536000,P_3_8_13,pressure,19056800,Pa
85536000,P_3_8_13,sg,0,
85536000,P_3_8_13,so,1,
85536000,P_3_8_13,sw,0,
85536000,P_8_8_13,pressure,19062800,Pa
85536000,P_8_8_13,sg,0,
85536000,P_8_8_13,so,1,
85536000,P_8_8_13,sw,0,
85536000,P_13_8_13,pressure,19043200,Pa
85536000,P_13_8_13,sg,0,
85536000,P_13_8_13,so,1,
85536000,P_13_8_13,sw,0,
85536000,P_3_13_13,pressure,19065800,Pa
85536000,P_3_13_13,sg,0,
85536000,P_3_13_13,so,1,
85536000,P_3_13_13,sw,0,
85536000,P_8_13_13,pressure,19056800,Pa
85536000,P_8_13_13,sg,0,
85536000,P_8_13_13,so,1,
85536000,P_8_13_13,sw,0,
85536000,P_13_13_13,pressure,19003800,Pa
85536000,P_13_13_13,sg,0,
85536000,P_13_13_13,so,1,
85536000,P_13_13_13,sw,0,
88128000,P_3_3_15,pressure,19003200,Pa
88128000,P_3_3_15,sg,0,
88128000,P_3_3_15,so,1,
88128000,P_3_3_15,sw,0,
88128000,P_8_3_15,pressure,19031300,Pa
88128000,P_8_3_15,sg,0,
88128000,P_8_3_15,so,1,
88128000,P_8_3_15,sw,0,
88128000,P_13_3_15,pressure,19002300,Pa
88128000,P_13_3_15,sg,0,
88128000,P_13_3_15,so,1,
88128000,P_13_3_15,sw,0,
88128000,P_3_8_15,pressure,19044800,Pa
88128000,P_3_8_15,sg,0,
88128000,P_3_8_15,so,1,
88128000,P_3_8_15,sw,0,
88128000,P_8_8_15,pressure,19042700,Pa
88128000,P_8_8_15,sg,0,
88128000,P_8_8_15,so,1,
88128000,P_8_8_15,sw,0,
88128000,P_13_8_15,pressure,19031300,Pa
88128000,P_13_8_15,sg,0,
88128000,P_13_8_15,so,1,
88128000,P_13_8_15,sw,0,
88128000,P_3_13_15,pressure,19055100,Pa
88128000,P_3_13_15,sg,0,
88128000,P_3_13_15,so,1,
88128000,P_3_13_15,sw,0,
88128000,P_8_13_15,pressure,19044800,Pa
88128000,P_8_13_15,sg,0,
88128000,P_8_13_15,so,1,
88128000,P_8_13_15,sw,0,
88128000,P_13_13_15,pressure,19003200,Pa
88128000,P_13_13_15,sg,0,
88128000,P_13_13_15,so,1,
88128000,P_13_13_15,sw,0,
88128000,P_3_3_14,pressure,19003400,Pa
88128000,P_3_3_14,sg,0,
88128000,P_3_3_14,so,1,
88128000,P_3_3_14,sw,0,
88128000,P_8_3_14,pressure,19035100,Pa
88128000,P_8_3_14,sg,0,
88128000,P_8_3_14,so,1,
88128000,P_8_3_14,sw,0,
88128000,P_13_3_14,pressure,19002500,Pa
88128000,P_13_3_14,sg,0,
88128000,P_13_3_14,so,1,
88128000,P_13_3_14,sw,0,
88128000,P_3_8_14,pressure,19048700,Pa
88128000,P_3_8_14,sg,0,
88128000,P_3_8_14,so,1,
88128000,P_3_8_14,sw,0,
88128000,P_8_8_14,pressure,19048400,Pa
88128000,P_8_8_14,sg,0,
88128000,P_8_8_14,so,1,
88128000,P_8_8_14,sw,0,
88128000,P_13_8_14,pressure,19035100,Pa
88128000,P_13_8_14,sg,0,
88128000,P_13_8_14,so,1,
88128000,P_13_8_14,sw,0,
88128000,P_3_13_14,pressure,19058700,Pa
88128000,P_3_13_14,sg,0,
88128000,P_3_13_14,so,1,
88128000,P_3_13_14,sw,0,
88128000,P_8_13_14,pressure,19048700,Pa
88128000,P_8_13_14,sg,0,
88128000,P_8_13_14,so,1,
88128000,P_8_13_14,sw,0,
88128000,P_13_13_14,pressure,19003400,Pa
88128000,P_13_13_14,sg,0,
88128000,P_13_13_14,so,1,
88128000,P_13_13_14,sw,0,
88128000,P_3_3_13,pressure,19003800,Pa
88128000,P_3_3_13,sg,0,
88128000,P_3_3_13,so,1,
88128000,P_3_3_13,sw,0,
88128000,P_8_3_13,pressure,19043200,Pa
88128000,P_8_3_13,sg,0,
88128000,P_8_3_13,so,1,
88128000,P_8_3_13,sw,0,
88128000,P_13_3_13,pressure,19003000,Pa
88128000,P_13_3_13,sg,0,
88128000,P_13_3_13,so,1,
88128000,P_13_3_13,sw,0,
88128000,P_3_8_13,pressure,19056800,Pa
88128000,P_3_8_13,sg,0,
88128000,P_3_8_13,so,1,
88128000,P_3_8_13,sw,0,
88128000,P_8_8_13,pressure,19062800,Pa
88128000,P_8_8_13,sg,0,
88128000,P_8_8_13,so,1,
88128000,P_8_8_13,sw,0,
88128000,P_13_8_13,pressure,19043200,Pa
88128000,P_13_8_13,sg,0,
88128000,P_13_8_13,so,1,
88128000,P_13_8_13,sw,0,
88128000,P_3_13_13,pressure,19065800,Pa
88128000,P_3_13_13,sg,0,
88128000,P_3_13_13,so,1,
88128000,P_3_13_13,sw,0,
88128000,P_8_13_13,pressure,19056800,Pa
88128000,P_8_13_13,sg,0,
88128000,P_8_13_13,so,1,
88128000,P_8_13_13,sw,0,
88128000,P_13_13_13,pressure,19003800,Pa
88128000,P_13_13_13,sg,0,
88128000,P_13_13_13,so,1,
88128000,P_13_13_13,sw,0,
90720000,P_3_3_15,pressure,19003200,Pa
90720000,P_3_3_15,sg,0,
90720000,P_3_3_15,so,1,
90720000,P_3_3_15,sw,0,
90720000,P_8_3_15,pressure,19031300,Pa
90720000,P_8_3_15,sg,0,
90720000,P_8_3_15,so,1,
90720000,P_8_3_15,sw,0,
90720000,P_13_3_15,pressure,19002300,Pa
90720000,P_13_3_15,sg,0,
90720000,P_13_3_15,so,1,
90720000,P_13_3_15,sw,0,
90720000,P_3_8_15,pressure,19044800,Pa
90720000,P_3_8_15,sg,0,
90720000,P_3_8_15,so,1,
90720000,P_3_8_15,sw,0,
90720000,P_8_8_15,pressure,19042700,Pa
90720000,P_8_8_15,sg,0,
90720000,P_8_8_15,so,1,
90720000,P_8_8_15,sw,0,
90720000,P_13_8_15,pressure,19031300,Pa
90720000,P_13_8_15,sg,0,
90720000,P_13_8_15,so,1,
90720000,P_13_8_15,sw,0,
90720000,P_3_13_15,pressure,19055100,Pa
90720000,P_3_13_15,sg,0,
90720000,P_3_13_15,so,1,
90720000,P_3_13_15,sw,0,
90720000,P_8_13_15,pressure,19044800,Pa
90720000,P_8_13_15,sg,0,
90720000,P_8_13_15,so,1,
90720000,P_8_13_15,sw,0,
90720000,P_13_13_15,pressure,19003200,Pa
90720000,P_13_13_15,sg,0,
90720000,P_13_13_15,so,1,
90720000,P_13_13_15,sw,0,
90720000,P_3_3_14,pressure,19003400,Pa
90720000,P_3_3_14,sg,0,
90720000,P_3_3_14,so,1,
90720000,P_3_3_14,sw,0,
90720000,P_8_3_14,pressure,19035100,Pa
90720000,P_8_3_14,sg,0,
90720000,P_8_3_14,so,1,
90720000,P_8_3_14,sw,0,
90720000,P_13_3_14,pressure,19002500,Pa
90720000,P_13_3_14,sg,0,
90720000,P_13_3_14,so,1,
90720000,P_13_3_14,sw,0,
90720000,P_3_8_14,pressure,19048700,Pa
90720000,P_3_8_14,sg,0,
90720000,P_3_8_14,so,1,
90720000,P_3_8_14,sw,0,
90720000,P_8_8_14,pressure,19048400,Pa
90720000,P_8_8_14,sg,0,
90720000,P_8_8_14,so,1,
90720000,P_8_8_14,sw,0,
90720000,P_13_8_14,pressure,19035100,Pa
90720000,P_13_8_14,sg,0,
90720000,P_13_8_14,so,1,
90720000,P_13_8_14,sw,0,
90720000,P_3_13_14,pressure,19058700,Pa
90720000,P_3_13_14,sg,0,
90720000,P_3_13_14,so,1,
90720000,P_3_13_14,sw,0,
90720000,P_8_13_14,pressure,19048700,Pa
90720000,P_8_13_14,sg,0,
90720000,P_8_13_14,so,1,
90720000,P_8_13_14,sw,0,
90720000,P_13_13_14,pressure,19003400,Pa
90720000,P_13_13_14,sg,0,
90720000,P_13_13_14,so,1,
90720000,P_13_13_14,sw,0,
90720000,P_3_3_13,pressure,19003800,Pa
90720000,P_3_3_13,sg,0,
90720000,P_3_3_13,so,1,
90720000,P_3_3_13,sw,0,
90720000,P_8_3_13,pressure,19043200,Pa
90720000,P_8_3_13,sg,0,
90720000,P_8_3_13,so,1,
90720000,P_8_3_13,sw,0,
90720000,P_13_3_13,pressure,19003000,Pa
90720000,P_13_3_13,sg,0,
90720000,P_13_3_13,so,1,
90720000,P_13_3_13,sw,0,
90720000,P_3_8_13,pressure,19056800,Pa
90720000,P_3_8_13,sg,0,
90720000,P_3_8_13,so,1,
90720000,P_3_8_13,sw,0,
90720000,P_8_8_13,pressure,19062800,Pa
90720000,P_8_8_13,sg,0,
90720000,P_8_8_13,so,1,
90720000,P_8_8_13,sw,0,
90720000,P_13_8_13,pressure,19043200,Pa
90720000,P_13_8_13,sg,0,
90720000,P_13_8_13,so,1,
90720000,P_13_8_13,sw,0,
90720000,P_3_13_13,pressure,19065800,Pa
90720000,P_3_13_13,sg,0,
90720000,P_3_13_13,so,1,
90720000,P_3_13_13,sw,0,
90720000,P_8_13_13,pressure,19056800,Pa
90720000,P_8_13_13,sg,0,
90720000,P_8_13_13,so,1,
90720000,P_8_13_13,sw,0,
90720000,P_13_13_13,pressure,19003800,Pa
90720000,P_13_13_13,sg,0,
90720000,P_13_13_13,so,1,
90720000,P_13_13_13,sw,0,
93312000,P_3_3_15,pressure,19003200,Pa
93312000,P_3_3_15,sg,0,
93312000,P_3_3_15,so,1,
93312000,P_3_3_15,sw,0,
93312000,P_8_3_15,pressure,19031300,Pa
93312000,P_8_3_15,sg,0,
93312000,P_8_3_15,so,1,
93312000,P_8_3_15,sw,0,
93312000,P_13_3_15,pressure,19002300,Pa
93312000,P_13_3_15,sg,0,
93312000,P_13_3_15,so,1,
93312000,P_13_3_15,sw,0,
93312000,P_3_8_15,pressure,19044800,Pa
93312000,P_3_8_15,sg,0,
93312000,P_3_8_15,so,1,
93312000,P_3_8_15,sw,0,
93312000,P_8_8_15,pressure,19042700,Pa
93312000,P_8_8_15,sg,0,
93312000,P_8_8_15,so,1,
93312000,P_8_8_15,sw,0,
93312000,P_13_8_15,pressure,19031300,Pa
93312000,P_13_8_15,sg,0,
93312000,P_13_8_15,so,1,
93312000,P_13_8_15,sw,0,
93312000,P_3_13_15,pressure,19055100,Pa
93312000,P_3_13_15,sg,0,
93312000,P_3_13_15,so,1,
93312000,P_3_13_15,sw,0,
93312000,P_8_13_15,pressure,19044800,Pa
93312000,P_8_13_15,sg,0,
93312000,P_8_13_15,so,1,
93312000,P_8_13_15,sw,0,
93312000,P_13_13_15,pressure,19003200,Pa
93312000,P_13_13_15,sg,0,
93312000,P_13_13_15,so,1,
93312000,P_13_13_15,sw,0,
93312000,P_3_3_14,pressure,19003400,Pa
93312000,P_3_3_14,sg,0,
93312000,P_3_3_14,so,1,
93312000,P_3_3_14,sw,0,
93312000,P_8_3_14,pressure,19035100,Pa
93312000,P_8_3_14,sg,0,
93312000,P_8_3_14,so,1,
93312000,P_8_3_14,sw,0,
93312000,P_13_3_14,pressure,19002500,Pa
93312000,P_13_3_14,sg,0,
93312000,P_13_3_14,so,1,
93312000,P_13_3_14,sw,0,
93312000,P_3_8_14,pressure,19048700,Pa
93312000,P_3_8_14,sg,0,
93312000,P_3_8_14,so,1,
93312000,P_3_8_14,sw,0,
93312000,P_8_8_14,pressure,19048400,Pa
93312000,P_8_8_14,sg,0,
93312000,P_8_8_14,so,1,
93312000,P_8_8_14,sw,0,
93312000,P_13_8_14,pressure,19035100,Pa
93312000,P_13_8_14,sg,0,
93312000,P_13_8_14,so,1,
93312000,P_13_8_14,sw,0,
93312000,P_3_13_14,pressure,19058700,Pa
93312000,P_3_13_14,sg,0,
93312000,P_3_13_14,so,1,
93312000,P_3_13_14,sw,0,
93312000,P_8_13_14,pressure,19048700,Pa
93312000,P_8_13_14,sg,0,
93312000,P_8_13_14,so,1,
93312000,P_8_13_14,sw,0,
93312000,P_13_13_14,pressure,19003400,Pa
93312000,P_13_13_14,sg,0,
93312000,P_13_13_14,so,1,
93312000,P_13_13_14,sw,0,
93312000,P_3_3_13,pressure,19003800,Pa
93312000,P_3_3_13,sg,0,
93312000,P_3_3_13,so,1,
93312000,P_3_3_13,sw,0,
93312000,P_8_3_13,pressure,19043200,Pa
93312000,P_8_3_13,sg,0,
93312000,P_8_3_13,so,1,
93312000,P_8_3_13,sw,0,
93312000,P_13_3_13,pressure,19003000,Pa
93312000,P_13_3_13,sg,0,
93312000,P_13_3_13,so,1,
93312000,P_13_3_13,sw,0,
93312000,P_3_8_13,pressure,19056800,Pa
93312000,P_3_8_13,sg,0,
93312000,P_3_8_13,so,1,
93312000,P_3_8_13,sw,0,
93312000,P_8_8_13,pressure,19062800,Pa
93312000,P_8_8_13,sg,0,
93312000,P_8_8_13,so,1,
93312000,P_8_8_13,sw,0,
93312000,P_13_8_13,pressure,19043200,Pa
93312000,P_13_8_13,sg,0,
93312000,P_13_8_13,so,1,
93312000,P_13_8_13,sw,0,
93312000,P_3_13_13,pressure,19065800,Pa
93312000,P_3_13_13,sg,0,
93312000,P_3_13_13,so,1,
93312000,P_3_13_13,sw,0,
93312000,P_8_13_13,pressure,19056800,Pa
93312000,P_8_13_13,sg,0,
93312000,P_8_13_13,so,1,
93312000,P_8_13_13,sw,0,
93312000,P_13_13_13,pressure,19003800,Pa
93312000,P_13_13_13,sg,0,
93312000,P_13_13_13,so,1,
93312000,P_13_13_13,sw,0,
95904000,P_3_3_15,pressure,19003200,Pa
95904000,P_3_3_15,sg,0,
95904000,P_3_3_15,so,1,
95904000,P_3_3_15,sw,0,
95904000,P_8_3_15,pressure,19031300,Pa
95904000,P_8_3_15,sg,0,
95904000,P_8_3_15,so,1,
95904000,P_8_3_15,sw,0,
95904000,P_13_3_15,pressure,19002300,Pa
95904000,P_13_3_15,sg,0,
95904000,P_13_3_15,so,1,
95904000,P_13_3_15,sw,0,
95904000,P_3_8_15,pressure,19044800,Pa
95904000,P_3_8_15,sg,0,
95904000,P_3_8_15,so,1,
95904000,P_3_8_15,sw,0,
95904000,P_8_8_15,pressure,19042700,Pa
95904000,P_8_8_15,sg,0,
95904000,P_8_8_15,so,1,
95904000,P_8_8_15,sw,0,
95904000,P_13_8_15,pressure,19031300,Pa
95904000,P_13_8_15,sg,0,
95904000,P_13_8_15,so,1,
95904000,P_13_8_15,sw,0,
95904000,P_3_13_15,pressure,19055100,Pa
95904000,P_3_13_15,sg,0,
95904000,P_3_13_15,so,1,
95904000,P_3_13_15,sw,0,
95904000,P_8_13_15,pressure,19044800,Pa
95904000,P_8_13_15,sg,0,
95904000,P_8_13_15,so,1,
95904000,P_8_13_15,sw,0,
95904000,P_13_13_15,pressure,19003200,Pa
95904000,P_13_13_15,sg,0,
95904000,P_13_13_15,so,1,
95904000,P_13_13_15,sw,0,
95904000,P_3_3_14,pressure,19003400,Pa
95904000,P_3_3_14,sg,0,
95904000,P_3_3_14,so,1,
95904000,P_3_3_14,sw,0,
95904000,P_8_3_14,pressure,19035100,Pa
95904000,P_8_3_14,sg,0,
95904000,P_8_3_14,so,1,
95904000,P_8_3_14,sw,0,
95904000,P_13_3_14,pressure,19002500,Pa
95904000,P_13_3_14,sg,0,
95904000,P_13_3_14,so,1,
95904000,P_13_3_14,sw,0,
95904000,P_3_8_14,pressure,19048700,Pa
95904000,P_3_8_14,sg,0,
95904000,P_3_8_14,so,1,
95904000,P_3_8_14,sw,0,
95904000,P_8_8_14,pressure,19048400,Pa
95904000,P_8_8_14,sg,0,
95904000,P_8_8_14,so,1,
95904000,P_8_8_14,sw,0,
95904000,P_13_8_14,pressure,19035100,Pa
95904000,P_13_8_14,sg,0,
95904000,P_13_8_14,so,1,
95904000,P_13_8_14,sw,0,
95904000,P_3_13_14,pressure,19058700,Pa
95904000,P_3_13_14,sg,0,
95904000,P_3_13_14,so,1,
95904000,P_3_13_14,sw,0,
95904000,P_8_13_14,pressure,19048700,Pa
95904000,P_8_13_14,sg,0,
95904000,P_8_13_14,so,1,
95904000,P_8_13_14,sw,0,
95904000,P_13_13_14,pressure,19003400,Pa
95904000,P_13_13_14,sg,0,
95904000,P_13_13_14,so,1,
95904000,P_13_13_14,sw,0,
95904000,P_3_3_13,pressure,19003800,Pa
95904000,P_3_3_13,sg,0,
95904000,P_3_3_13,so,1,
95904000,P_3_3_13,sw,0,
95904000,P_8_3_13,pressure,19043200,Pa
95904000,P_8_3_13,sg,0,
95904000,P_8_3_13,so,1,
95904000,P_8_3_13,sw,0,
95904000,P_13_3_13,pressure,19003000,Pa
95904000,P_13_3_13,sg,0,
95904000,P_13_3_13,so,1,
95904000,P_13_3_13,sw,0,
95904000,P_3_8_13,pressure,19056800,Pa
95904000,P_3_8_13,sg,0,
95904000,P_3_8_13,so,1,
95904000,P_3_8_13,sw,0,
95904000,P_8_8_13,pressure,19062800,Pa
95904000,P_8_8_13,sg,0,
95904000,P_8_8_13,so,1,
95904000,P_8_8_13,sw,0,
95904000,P_13_8_13,pressure,19043200,Pa
95904000,P_13_8_13,sg,0,
95904000,P_13_8_13,so,1,
95904000,P_13_8_13,sw,0,
95904000,P_3_13_13,pressure,19065800,Pa
95904000,P_3_13_13,sg,0,
95904000,P_3_13_13,so,1,
95904000,P_3_13_13,sw,0,
95904000,P_8_13_13,pressure,19056800,Pa
95904000,P_8_13_13,sg,0,
95904000,P_8_13_13,so,1,
95904000,P_8_13_13,sw,0,
95904000,P_13_13_13,pressure,19003800,Pa
95904000,P_13_13_13,sg,0,
95904000,P_13_13_13,so,1,
95904000,P_13_13_13,sw,0,
98496000,P_3_3_15,pressure,19003200,Pa
98496000,P_3_3_15,sg,0,
98496000,P_3_3_15,so,1,
98496000,P_3_3_15,sw,0,
98496000,P_8_3_15,pressure,19031300,Pa
98496000,P_8_3_15,sg,0,
98496000,P_8_3_15,so,1,
98496000,P_8_3_15,sw,0,
98496000,P_13_3_15,pressure,19002300,Pa
98496000,P_13_3_15,sg,0,
98496000,P_13_3_15,so,1,
98496000,P_13_3_15,sw,0,
98496000,P_3_8_15,pressure,19044800,Pa
98496000,P_3_8_15,sg,0,
98496000,P_3_8_15,so,1,
98496000,P_3_8_15,sw,0,
98496000,P_8_8_15,pressure,19042700,Pa
98496000,P_8_8_15,sg,0,
98496000,P_8_8_15,so,1,
98496000,P_8_8_15,sw,0,
98496000,P_13_8_15,pressure,19031300,Pa
98496000,P_13_8_15,sg,0,
98496000,P_13_8_15,so,1,
98496000,P_13_8_15,sw,0,
98496000,P_3_13_15,pressure,19055100,Pa
98496000,P_3_13_15,sg,0,
98496000,P_3_13_15,so,1,
98496000,P_3_13_15,sw,0,
98496000,P_8_13_15,pressure,19044800,Pa
98496000,P_8_13_15,sg,0,
98496000,P_8_13_15,so,1,
98496000,P_8_13_15,sw,0,
98496000,P_13_13_15,pressure,19003200,Pa
98496000,P_13_13_15,sg,0,
98496000,P_13_13_15,so,1,
98496000,P_13_13_15,sw,0,
98496000,P_3_3_14,pressure,19003400,Pa
98496000,P_3_3_14,sg,0,
98496000,P_3_3_14,so,1,
98496000,P_3_3_14,sw,0,
98496000,P_8_3_14,pressure,19035100,Pa
98496000,P_8_3_14,sg,0,
98496000,P_8_3_14,so,1,
98496000,P_8_3_14,sw,0,
98496000,P_13_3_14,pressure,19002500,Pa
98496000,P_13_3_14,sg,0,
98496000,P_13_3_14,so,1,
98496000,P_13_3_14,sw,0,
98496000,P_3_8_14,pressure,19048700,Pa
98496000,P_3_8_14,sg,0,
98496000,P_3_8_14,so,1,
98496000,P_3_8_14,sw,0,
98496000,P_8_8_14,pressure,19048400,Pa
98496000,P_8_8_14,sg,0,
98496000,P_8_8_14,so,1,
98496000,P_8_8_14,sw,0,
98496000,P_13_8_14,pressure,19035100,Pa
98496000,P_13_8_14,sg,0,
98496000,P_13_8_14,so,1,
98496000,P_13_8_14,sw,0,
98496000,P_3_13_14,pressure,19058700,Pa
98496000,P_3_13_14,sg,0,
98496000,P_3_13_14,so,1,
98496000,P_3_13_14,sw,0,
98496000,P_8_13_14,pressure,19048700,Pa
98496000,P_8_13_14,sg,0,
98496000,P_8_13_14,so,1,
98496000,P_8_13_14,sw,0,
98496000,P_13_13_14,pressure,19003400,Pa
98496000,P_13_13_14,sg,0,
98496000,P_13_13_14,so,1,
98496000,P_13_13_14,sw,0,
98496000,P_3_3_13,pressure,19003800,Pa
98496000,P_3_3_13,sg,0,
98496000,P_3_3_13,so,1,
98496000,P_3_3_13,sw,0,
98496000,P_8_3_13,pressure,19043200,Pa
98496000,P_8_3_13,sg,0,
98496000,P_8_3_13,so,1,
98496000,P_8_3_13,sw,0,
98496000,P_13_3_13,pressure,19003000,Pa
98496000,P_13_3_13,sg,0,
98496000,P_13_3_13,so,1,
98496000,P_13_3_13,sw,0,
98496000,P_3_8_13,pressure,19056800,Pa
98496000,P_3_8_13,sg,0,
98496000,P_3_8_13,so,1,
98496000,P_3_8_13,sw,0,
98496000,P_8_8_13,pressure,19062800,Pa
98496000,P_8_8_13,sg,0,
98496000,P_8_8_13,so,1,
98496000,P_8_8_13,sw,0,
98496000,P_13_8_13,pressure,19043200,Pa
98496000,P_13_8_13,sg,0,
98496000,P_13_8_13,so,1,
98496000,P_13_8_13,sw,0,
98496000,P_3_13_13,pressure,19065800,Pa
98496000,P_3_13_13,sg,0,
98496000,P_3_13_13,so,1,
98496000,P_3_13_13,sw,0,
98496000,P_8_13_13,pressure,19056800,Pa
98496000,P_8_13_13,sg,0,
98496000,P_8_13_13,so,1,
98496000,P_8_13_13,sw,0,
98496000,P_13_13_13,pressure,19003800,Pa
98496000,P_13_13_13,sg,0,
98496000,P_13_13_13,so,1,
98496000,P_13_13_13,sw,0,
101088000,P_3_3_15,pressure,19003200,Pa
101088000,P_3_3_15,sg,0,
101088000,P_3_3_15,so,1,
101088000,P_3_3_15,sw,0,
101088000,P_8_3_15,pressure,19031300,Pa
101088000,P_8_3_15,sg,0,
101088000,P_8_3_15,so,1,
101088000,P_8_3_15,sw,0,
101088000,P_13_3_15,pressure,19002300,Pa
101088000,P_13_3_15,sg,0,
101088000,P_13_3_15,so,1,
101088000,P_13_3_15,sw,0,
101088000,P_3_8_15,pressure,19044800,Pa
101088000,P_3_8_15,sg,0,
101088000,P_3_8_15,so,1,
101088000,P_3_8_15,sw,0,
101088000,P_8_8_15,pressure,19042700,Pa
101088000,P_8_8_15,sg,0,
101088000,P_8_8_15,so,1,
101088000,P_8_8_15,sw,0,
101088000,P_13_8_15,pressure,19031300,Pa
101088000,P_13_8_15,sg,0,
101088000,P_13_8_15,so,1,
101088000,P_13_8_15,sw,0,
101088000,P_3_13_15,pressure,19055100,Pa
101088000,P_3_13_15,sg,0,
101088000,P_3_13_15,so,1,
101088000,P_3_13_15,sw,0,
101088000,P_8_13_15,pressure,19044800,Pa
101088000,P_8_13_15,sg,0,
101088000,P_8_13_15,so,1,
101088000,P_8_13_15,sw,0,
101088000,P_13_13_15,pressure,19003200,Pa
101088000,P_13_13_15,sg,0,
101088000,P_13_13_15,so,1,
101088000,P_13_13_15,sw,0,
101088000,P_3_3_14,pressure,19003400,Pa
101088000,P_3_3_14,sg,0,
101088000,P_3_3_14,so,1,
101088000,P_3_3_14,sw,0,
101088000,P_8_3_14,pressure,19035100,Pa
101088000,P_8_3_14,sg,0,
101088000,P_8_3_14,so,1,
101088000,P_8_3_14,sw,0,
101088000,P_13_3_14,pressure,19002500,Pa
101088000,P_13_3_14,sg,0,
101088000,P_13_3_14,so,1,
101088000,P_13_3_14,sw,0,
101088000,P_3_8_14,pressure,19048700,Pa
101088000,P_3_8_14,sg,0,
101088000,P_3_8_14,so,1,
101088000,P_3_8_14,sw,0,
101088000,P_8_8_14,pressure,19048400,Pa
101088000,P_8_8_14,sg,0,
101088000,P_8_8_14,so,1,
101088000,P_8_8_14,sw,0,
101088000,P_13_8_14,pressure,19035100,Pa
101088000,P_13_8_14,sg,0,
101088000,P_13_8_14,so,1,
101088000,P_13_8_14,sw,0,
101088000,P_3_13_14,pressure,19058700,Pa
101088000,P_3_13_14,sg,0,
101088000,P_3_13_14,so,1,
101088000,P_3_13_14,sw,0,
101088000,P_8_13_14,pressure,19048700,Pa
101088000,P_8_13_14,sg,0,
101088000,P_8_13_14,so,1,
101088000,P_8_13_14,sw,0,
101088000,P_13_13_14,pressure,19003400,Pa
101088000,P_13_13_14,sg,0,
101088000,P_13_13_14,so,1,
101088000,P_13_13_14,sw,0,
101088000,P_3_3_13,pressure,19003800,Pa
101088000,P_3_3_13,sg,0,
101088000,P_3_3_13,so,1,
101088000,P_3_3_13,sw,0,
101088000,P_8_3_13,pressure,19043200,Pa
101088000,P_8_3_13,sg,0,
101088000,P_8_3_13,so,1,
101088000,P_8_3_13,sw,0,
101088000,P_13_3_13,pressure,19003000,Pa
101088000,P_13_3_13,sg,0,
101088000,P_13_3_13,so,1,
101088000,P_13_3_13,sw,0,
101088000,P_3_8_13,pressure,19056800,Pa
101088000,P_3_8_13,sg,0,
101088000,P_3_8_13,so,1,
101088000,P_3_8_13,sw,0,
101088000,P_8_8_13,pressure,19062800,Pa
101088000,P_8_8_13,sg,0,
101088000,P_8_8_13,so,1,
101088000,P_8_8_13,sw,0,
101088000,P_13_8_13,pressure,19043200,Pa
101088000,P_13_8_13,sg,0,
101088000,P_13_8_13,so,1,
101088000,P_13_8_13,sw,0,
101088000,P_3_13_13,pressure,19065800,Pa
101088000,P_3_13_13,sg,0,
101088000,P_3_13_13,so,1,
101088000,P_3_13_13,sw,0,
101088000,P_8_13_13,pressure,19056800,Pa
101088000,P_8_13_13,sg,0,
101088000,P_8_13_13,so,1,
101088000,P_8_13_13,sw,0,
101088000,P_13_13_13,pressure,19003800,Pa
101088000,P_13_13_13,sg,0,
101088000,P_13_13_13,so,1,
101088000,P_13_13_13,sw,0,
103680000,P_3_3_15,pressure,19003200,Pa
103680000,P_3_3_15,sg,0,
103680000,P_3_3_15,so,1,
103680000,P_3_3_15,sw,0,
103680000,P_8_3_15,pressure,19031300,Pa
103680000,P_8_3_15,sg,0,
103680000,P_8_3_15,so,1,
103680000,P_8_3_15,sw,0,
103680000,P_13_3_15,pressure,19002300,Pa
103680000,P_13_3_15,sg,0,
103680000,P_13_3_15,so,1,
103680000,P_13_3_15,sw,0,
103680000,P_3_8_15,pressure,19044800,Pa
103680000,P_3_8_15,sg,0,
103680000,P_3_8_15,so,1,
103680000,P_3_8_15,sw,0,
103680000,P_8_8_15,pressure,19042700,Pa
103680000,P_8_8_15,sg,0,
103680000,P_8_8_15,so,1,
103680000,P_8_8_15,sw,0,
103680000,P_13_8_15,pressure,19031300,Pa
103680000,P_13_8_15,sg,0,
103680000,P_13_8_15,so,1,
103680000,P_13_8_15,sw,0,
103680000,P_3_13_15,pressure,19055100,Pa
103680000,P_3_13_15,sg,0,
103680000,P_3_13_15,so,1,
103680000,P_3_13_15,sw,0,
103680000,P_8_13_15,pressure,19044800,Pa
103680000,P_8_13_15,sg,0,
103680000,P_8_13_15,so,1,
103680000,P_8_13_15,sw,0,
103680000,P_13_13_15,pressure,19003200,Pa
103680000,P_13_13_15,sg,0,
103680000,P_13_13_15,so,1,
103680000,P_13_13_15,sw,0,
103680000,P_3_3_14,pressure,19003400,Pa
103680000,P_3_3_14,sg,0,
103680000,P_3_3_14,so,1,
103680000,P_3_3_14,sw,0,
103680000,P_8_3_14,pressure,19035100,Pa
103680000,P_8_3_14,sg,0,
103680000,P_8_3_14,so,1,
103680000,P_8_3_14,sw,0,
103680000,P_13_3_14,pressure,19002500,Pa
103680000,P_13_3_14,sg,0,
103680000,P_13_3_14,so,1,
103680000,P_13_3_14,sw,0,
103680000,P_3_8_14,pressure,19048700,Pa
103680000,P_3_8_14,sg,0,
103680000,P_3_8_14,so,1,
103680000,P_3_8_14,sw,0,
103680000,P_8_8_14,pressure,19048400,Pa
103680000,P_8_8_14,sg,0,
103680000,P_8_8_14,so,1,
103680000,P_8_8_14,sw,0,
103680000,P_13_8_14,pressure,19035100,Pa
103680000,P_13_8_14,sg,0,
103680000,P_13_8_14,so,1,
103680000,P_13_8_14,sw,0,
103680000,P_3_13_14,pressure,19058700,Pa
103680000,P_3_13_14,sg,0,
103680000,P_3_13_14,so,1,
103680000,P_3_13_14,sw,0,
103680000,P_8_13_14,pressure,19048700,Pa
103680000,P_8_13_14,sg,0,
103680000,P_8_13_14,so,1,
103680000,P_8_13_14,sw,0,
103680000,P_13_13_14,pressure,19003400,Pa
103680000,P_13_13_14,sg,0,
103680000,P_13_13_14,so,1,
103680000,P_13_13_14,sw,0,
103680000,P_3_3_13,pressure,19003800,Pa
103680000,P_3_3_13,sg,0,
103680000,P_3_3_13,so,1,
103680000,P_3_3_13,sw,0,
103680000,P_8_3_13,pressure,19043200,Pa
103680000,P_8_3_13,sg,0,
103680000,P_8_3_13,so,1,
103680000,P_8_3_13,sw,0,
103680000,P_13_3_13,pressure,19003000,Pa
103680000,P_13_3_13,sg,0,
103680000,P_13_3_13,so,1,
103680000,P_13_3_13,sw,0,
103680000,P_3_8_13,pressure,19056800,Pa
103680000,P_3_8_13,sg,0,
103680000,P_3_8_13,so,1,
103680000,P_3_8_13,sw,0,
103680000,P_8_8_13,pressure,19062800,Pa
103680000,P_8_8_13,sg,0,
103680000,P_8_8_13,so,1,
103680000,P_8_8_13,sw,0,
103680000,P_13_8_13,pressure,19043200,Pa
103680000,P_13_8_13,sg,0,
103680000,P_13_8_13,so,1,
103680000,P_13_8_13,sw,0,
103680000,P_3_13_13,pressure,19065800,Pa
103680000,P_3_13_13,sg,0,
103680000,P_3_13_13,so,1,
103680000,P_3_13_13,sw,0,
103680000,P_8_13_13,pressure,19056800,Pa
103680000,P_8_13_13,sg,0,
103680000,P_8_13_13,so,1,
103680000,P_8_13_13,sw,0,
103680000,P_13_13_13,pressure,19003800,Pa
103680000,P_13_13_13,sg,0,
103680000,P_13_13_13,so,1,
103680000,P_13_13_13,sw,0,
106272000,P_3_3_15,pressure,19003200,Pa
106272000,P_3_3_15,sg,0,
106272000,P_3_3_15,so,1,
106272000,P_3_3_15,sw,0,
106272000,P_8_3_15,pressure,19031300,Pa
106272000,P_8_3_15,sg,0,
106272000,P_8_3_15,so,1,
106272000,P_8_3_15,sw,0,
106272000,P_13_3_15,pressure,19002300,Pa
106272000,P_13_3_15,sg,0,
106272000,P_13_3_15,so,1,
106272000,P_13_3_15,sw,0,
106272000,P_3_8_15,pressure,19044800,Pa
106272000,P_3_8_15,sg,0,
106272000,P_3_8_15,so,1,
106272000,P_3_8_15,sw,0,
106272000,P_8_8_15,pressure,19042700,Pa
106272000,P_8_8_15,sg,0,
106272000,P_8_8_15,so,1,
106272000,P_8_8_15,sw,0,
106272000,P_13_8_15,pressure,19031300,Pa
106272000,P_13_8_15,sg,0,
106272000,P_13_8_15,so,1,
106272000,P_13_8_15,sw,0,
106272000,P_3_13_15,pressure,19055100,Pa
106272000,P_3_13_15,sg,0,
106272000,P_3_13_15,so,1,
106272000,P_3_13_15,sw,0,
106272000,P_8_13_15,pressure,19044800,Pa
106272000,P_8_13_15,sg,0,
106272000,P_8_13_15,so,1,
106272000,P_8_13_15,sw,0,
106272000,P_13_13_15,pressure,19003200,Pa
106272000,P_13_13_15,sg,0,
106272000,P_13_13_15,so,1,
106272000,P_13_13_15,sw,0,
106272000,P_3_3_14,pressure,19003400,Pa
106272000,P_3_3_14,sg,0,
106272000,P_3_3_14,so,1,
106272000,P_3_3_14,sw,0,
106272000,P_8_3_14,pressure,19035100,Pa
106272000,P_8_3_14,sg,0,
106272000,P_8_3_14,so,1,
106272000,P_8_3_14,sw,0,
106272000,P_13_3_14,pressure,19002500,Pa
106272000,P_13_3_14,sg,0,
106272000,P_13_3_14,so,1,
106272000,P_13_3_14,sw,0,
106272000,P_3_8_14,pressure,19048700,Pa
106272000,P_3_8_14,sg,0,
106272000,P_3_8_14,so,1,
106272000,P_3_8_14,sw,0,
106272000,P_8_8_14,pressure,19048400,Pa
106272000,P_8_8_14,sg,0,
106272000,P_8_8_14,so,1,
106272000,P_8_8_14,sw,0,
106272000,P_13_8_14,pressure,19035100,Pa
106272000,P_13_8_14,sg,0,
106272000,P_13_8_14,so,1,
106272000,P_13_8_14,sw,0,
106272000,P_3_13_14,pressure,19058700,Pa
106272000,P_3_13_14,sg,0,
106272000,P_3_13_14,so,1,
106272000,P_3_13_14,sw,0,
106272000,P_8_13_14,pressure,19048700,Pa
106272000,P_8_13_14,sg,0,
106272000,P_8_13_14,so,1,
106272000,P_8_13_14,sw,0,
106272000,P_13_13_14,pressure,19003400,Pa
106272000,P_13_13_14,sg,0,
106272000,P_13_13_14,so,1,
106272000,P_13_13_14,sw,0,
106272000,P_3_3_13,pressure,19003800,Pa
106272000,P_3_3_13,sg,0,
106272000,P_3_3_13,so,1,
106272000,P_3_3_13,sw,0,
106272000,P_8_3_13,pressure,19043200,Pa
106272000,P_8_3_13,sg,0,
106272000,P_8_3_13,so,1,
106272000,P_8_3_13,sw,0,
106272000,P_13_3_13,pressure,19003000,Pa
106272000,P_13_3_13,sg,0,
106272000,P_13_3_13,so,1,
106272000,P_13_3_13,sw,0,
106272000,P_3_8_13,pressure,19056800,Pa
106272000,P_3_8_13,sg,0,
106272000,P_3_8_13,so,1,
106272000,P_3_8_13,sw,0,
106272000,P_8_8_13,pressure,19062800,Pa
106272000,P_8_8_13,sg,0,
106272000,P_8_8_13,so,1,
106272000,P_8_8_13,sw,0,
106272000,P_13_8_13,pressure,19043200,Pa
106272000,P_13_8_13,sg,0,
106272000,P_13_8_13,so,1,
106272000,P_13_8_13,sw,0,
106272000,P_3_13_13,pressure,19065800,Pa
106272000,P_3_13_13,sg,0,
106272000,P_3_13_13,so,1,
106272000,P_3_13_13,sw,0,
106272000,P_8_13_13,pressure,19056800,Pa
106272000,P_8_13_13,sg,0,
106272000,P_8_13_13,so,1,
106272000,P_8_13_13,sw,0,
106272000,P_13_13_13,pressure,19003800,Pa
106272000,P_13_13_13,sg,0,
106272000,P_13_13_13,so,1,
106272000,P_13_13_13,sw,0,
108864000,P_3_3_15,pressure,19003200,Pa
108864000,P_3_3_15,sg,0,
108864000,P_3_3_15,so,1,
108864000,P_3_3_15,sw,0,
108864000,P_8_3_15,pressure,19031300,Pa
108864000,P_8_3_15,sg,0,
108864000,P_8_3_15,so,1,
108864000,P_8_3_15,sw,0,
108864000,P_13_3_15,pressure,19002300,Pa
108864000,P_13_3_15,sg,0,
108864000,P_13_3_15,so,1,
108864000,P_13_3_15,sw,0,
108864000,P_3_8_15,pressure,19044800,Pa
108864000,P_3_8_15,sg,0,
108864000,P_3_8_15,so,1,
108864000,P_3_8_15,sw,0,
108864000,P_8_8_15,pressure,19042700,Pa
108864000,P_8_8_15,sg,0,
108864000,P_8_8_15,so,1,
108864000,P_8_8_15,sw,0,
108864000,P_13_8_15,pressure,19031300,Pa
108864000,P_13_8_15,sg,0,
108864000,P_13_8_15,so,1,
108864000,P_13_8_15,sw,0,
108864000,P_3_13_15,pressure,19055100,Pa
108864000,P_3_13_15,sg,0,
108864000,P_3_13_15,so,1,
108864000,P_3_13_15,sw,0,
108864000,P_8_13_15,pressure,19044800,Pa
108864000,P_8_13_15,sg,0,
108864000,P_8_13_15,so,1,
108864000,P_8_13_15,sw,0,
108864000,P_13_13_15,pressure,19003200,Pa
108864000,P_13_13_15,sg,0,
108864000,P_13_13_15,so,1,
108864000,P_13_13_15,sw,0,
108864000,P_3_3_14,pressure,19003400,Pa
108864000,P_3_3_14,sg,0,
108864000,P_3_3_14,so,1,
108864000,P_3_3_14,sw,0,
108864000,P_8_3_14,pressure,19035100,Pa
108864000,P_8_3_14,sg,0,
108864000,P_8_3_14,so,1,
108864000,P_8_3_14,sw,0,
108864000,P_13_3_14,pressure,19002500,Pa
108864000,P_13_3_14,sg,0,
108864000,P_13_3_14,so,1,
108864000,P_13_3_14,sw,0,
108864000,P_3_8_14,pressure,19048700,Pa
108864000,P_3_8_14,sg,0,
108864000,P_3_8_14,so,1,
108864000,P_3_8_14,sw,0,
108864000,P_8_8_14,pressure,19048400,Pa
108864000,P_8_8_14,sg,0,
108864000,P_8_8_14,so,1,
108864000,P_8_8_14,sw,0,
108864000,P_13_8_14,pressure,19035100,Pa
108864000,P_13_8_14,sg,0,
108864000,P_13_8_14,so,1,
108864000,P_13_8_14,sw,0,
108864000,P_3_13_14,pressure,19058700,Pa
108864000,P_3_13_14,sg,0,
108864000,P_3_13_14,so,1,
108864000,P_3_13_14,sw,0,
108864000,P_8_13_14,pressure,19048700,Pa
108864000,P_8_13_14,sg,0,
108864000,P_8_13_14,so,1,
108864000,P_8_13_14,sw,0,
108864000,P_13_13_14,pressure,19003400,Pa
108864000,P_13_13_14,sg,0,
108864000,P_13_13_14,so,1,
108864000,P_13_13_14,sw,0,
108864000,P_3_3_13,pressure,19003800,Pa
108864000,P_3_3_13,sg,0,
108864000,P_3_3_13,so,1,
108864000,P_3_3_13,sw,0,
108864000,P_8_3_13,pressure,19043200,Pa
108864000,P_8_3_13,sg,0,
108864000,P_8_3_13,so,1,
108864000,P_8_3_13,sw,0,
108864000,P_13_3_13,pressure,19003000,Pa
108864000,P_13_3_13,sg,0,
108864000,P_13_3_13,so,1,
108864000,P_13_3_13,sw,0,
108864000,P_3_8_13,pressure,19056800,Pa
108864000,P_3_8_13,sg,0,
108864000,P_3_8_13,so,1,
108864000,P_3_8_13,sw,0,
108864000,P_8_8_13,pressure,19062800,Pa
108864000,P_8_8_13,sg,0,
108864000,P_8_8_13,so,1,
108864000,P_8_8_13,sw,0,
108864000,P_13_8_13,pressure,19043200,Pa
108864000,P_13_8_13,sg,0,
108864000,P_13_8_13,so,1,
108864000,P_13_8_13,sw,0,
108864000,P_3_13_13,pressure,19065800,Pa
108864000,P_3_13_13,sg,0,
108864000,P_3_13_13,so,1,
108864000,P_3_13_13,sw,0,
108864000,P_8_13_13,pressure,19056800,Pa
108864000,P_8_13_13,sg,0,
108864000,P_8_13_13,so,1,
108864000,P_8_13_13,sw,0,
108864000,P_13_13_13,pressure,19003800,Pa
108864000,P_13_13_13,sg,0,
108864000,P_13_13_13,so,1,
108864000,P_13_13_13,sw,0,
111456000,P_3_3_15,pressure,19003200,Pa
111456000,P_3_3_15,sg,0,
111456000,P_3_3_15,so,1,
111456000,P_3_3_15,sw,0,
111456000,P_8_3_15,pressure,19031300,Pa
111456000,P_8_3_15,sg,0,
111456000,P_8_3_15,so,1,
111456000,P_8_3_15,sw,0,
111456000,P_13_3_15,pressure,19002300,Pa
111456000,P_13_3_15,sg,0,
111456000,P_13_3_15,so,1,
111456000,P_13_3_15,sw,0,
111456000,P_3_8_15,pressure,19044800,Pa
111456000,P_3_8_15,sg,0,
111456000,P_3_8_15,so,1,
111456000,P_3_8_15,sw,0,
111456000,P_8_8_15,pressure,19042700,Pa
111456000,P_8_8_15,sg,0,
111456000,P_8_8_15,so,1,
111456000,P_8_8_15,sw,0,
111456000,P_13_8_15,pressure,19031300,Pa
111456000,P_13_8_15,sg,0,
111456000,P_13_8_15,so,1,
111456000,P_13_8_15,sw,0,
111456000,P_3_13_15,pressure,19055100,Pa
111456000,P_3_13_15,sg,0,
111456000,P_3_13_15,so,1,
111456000,P_3_13_15,sw,0,
111456000,P_8_13_15,pressure,19044800,Pa
111456000,P_8_13_15,sg,0,
111456000,P_8_13_15,so,1,
111456000,P_8_13_15,sw,0,
111456000,P_13_13_15,pressure,19003200,Pa
111456000,P_13_13_15,sg,0,
111456000,P_13_13_15,so,1,
111456000,P_13_13_15,sw,0,
111456000,P_3_3_14,pressure,19003400,Pa
111456000,P_3_3_14,sg,0,
111456000,P_3_3_14,so,1,
111456000,P_3_3_14,sw,0,
111456000,P_8_3_14,pressure,19035100,Pa
111456000,P_8_3_14,sg,0,
111456000,P_8_3_14,so,1,
111456000,P_8_3_14,sw,0,
111456000,P_13_3_14,pressure,19002500,Pa
111456000,P_13_3_14,sg,0,
111456000,P_13_3_14,so,1,
111456000,P_13_3_14,sw,0,
111456000,P_3_8_14,pressure,19048700,Pa
111456000,P_3_8_14,sg,0,
111456000,P_3_8_14,so,1,
111456000,P_3_8_14,sw,0,
111456000,P_8_8_14,pressure,19048400,Pa
111456000,P_8_8_14,sg,0,
111456000,P_8_8_14,so,1,
111456000,P_8_8_14,sw,0,
111456000,P_13_8_14,pressure,19035100,Pa
111456000,P_13_8_14,sg,0,
111456000,P_13_8_14,so,1,
111456000,P_13_8_14,sw,0,
111456000,P_3_13_14,pressure,19058700,Pa
111456000,P_3_13_14,sg,0,
111456000,P_3_13_14,so,1,
111456000,P_3_13_14,sw,0,
111456000,P_8_13_14,pressure,19048700,Pa
111456000,P_8_13_14,sg,0,
111456000,P_8_13_14,so,1,
111456000,P_8_13_14,sw,0,
111456000,P_13_13_14,pressure,19003400,Pa
111456000,P_13_13_14,sg,0,
111456000,P_13_13_14,so,1,
111456000,P_13_13_14,sw,0,
111456000,P_3_3_13,pressure,19003800,Pa
111456000,P_3_3_13,sg,0,
111456000,P_3_3_13,so,1,
111456000,P_3_3_13,sw,0,
111456000,P_8_3_13,pressure,19043200,Pa
111456000,P_8_3_13,sg,0,
111456000,P_8_3_13,so,1,
111456000,P_8_3_13,sw,0,
111456000,P_13_3_13,pressure,19003000,Pa
111456000,P_13_3_13,sg,0,
111456000,P_13_3_13,so,1,
111456000,P_13_3_13,sw,0,
111456000,P_3_8_13,pressure,19056800,Pa
111456000,P_3_8_13,sg,0,
111456000,P_3_8_13,so,1,
111456000,P_3_8_13,sw,0,
111456000,P_8_8_13,pressure,19062800,Pa
111456000,P_8_8_13,sg,0,
111456000,P_8_8_13,so,1,
111456000,P_8_8_13,sw,0,
111456000,P_13_8_13,pressure,19043200,Pa
111456000,P_13_8_13,sg,0,
111456000,P_13_8_13,so,1,
111456000,P_13_8_13,sw,0,
111456000,P_3_13_13,pressure,19065800,Pa
111456000,P_3_13_13,sg,0,
111456000,P_3_13_13,so,1,
111456000,P_3_13_13,sw,0,
111456000,P_8_13_13,pressure,19056800,Pa
111456000,P_8_13_13,sg,0,
111456000,P_8_13_13,so,1,
111456000,P_8_13_13,sw,0,
111456000,P_13_13_13,pressure,19003800,Pa
111456000,P_13_13_13,sg,0,
111456000,P_13_13_13,so,1,
111456000,P_13_13_13,sw,0,
114048000,P_3_3_15,pressure,19003200,Pa
114048000,P_3_3_15,sg,0,
114048000,P_3_3_15,so,1,
114048000,P_3_3_15,sw,0,
114048000,P_8_3_15,pressure,19031300,Pa
114048000,P_8_3_15,sg,0,
114048000,P_8_3_15,so,1,
114048000,P_8_3_15,sw,0,
114048000,P_13_3_15,pressure,19002300,Pa
114048000,P_13_3_15,sg,0,
114048000,P_13_3_15,so,1,
114048000,P_13_3_15,sw,0,
114048000,P_3_8_15,pressure,19044800,Pa
114048000,P_3_8_15,sg,0,
114048000,P_3_8_15,so,1,
114048000,P_3_8_15,sw,0,
114048000,P_8_8_15,pressure,19042700,Pa
114048000,P_8_8_15,sg,0,
114048000,P_8_8_15,so,1,
114048000,P_8_8_15,sw,0,
114048000,P_13_8_15,pressure,19031300,Pa
114048000,P_13_8_15,sg,0,
114048000,P_13_8_15,so,1,
114048000,P_13_8_15,sw,0,
114048000,P_3_13_15,pressure,19055100,Pa
114048000,P_3_13_15,sg,0,
114048000,P_3_13_15,so,1,
114048000,P_3_13_15,sw,0,
114048000,P_8_13_15,pressure,19044800,Pa
114048000,P_8_13_15,sg,0,
114048000,P_8_13_15,so,1,
114048000,P_8_13_15,sw,0,
114048000,P_13_13_15,pressure,19003200,Pa
114048000,P_13_13_15,sg,0,
114048000,P_13_13_15,so,1,
114048000,P_13_13_15,sw,0,
114048000,P_3_3_14,pressure,19003400,Pa
114048000,P_3_3_14,sg,0,
114048000,P_3_3_14,so,1,
114048000,P_3_3_14,sw,0,
114048000,P_8_3_14,pressure,19035100,Pa
114048000,P_8_3_14,sg,0,
114048000,P_8_3_14,so,1,
114048000,P_8_3_14,sw,0,
114048000,P_13_3_14,pressure,19002500,Pa
114048000,P_13_3_14,sg,0,
114048000,P_13_3_14,so,1,
114048000,P_13_3_14,sw,0,
114048000,P_3_8_14,pressure,19048700,Pa
114048000,P_3_8_14,sg,0,
114048000,P_3_8_14,so,1,
114048000,P_3_8_14,sw,0,
114048000,P_8_8_14,pressure,19048400,Pa
114048000,P_8_8_14,sg,0,
114048000,P_8_8_14,so,1,
114048000,P_8_8_14,sw,0,
114048000,P_13_8_14,pressure,19035100,Pa
114048000,P_13_8_14,sg,0,
114048000,P_13_8_14,so,1,
114048000,P_13_8_14,sw,0,
114048000,P_3_13_14,pressure,19058700,Pa
114048000,P_3_13_14,sg,0,
114048000,P_3_13_14,so,1,
114048000,P_3_13_14,sw,0,
114048000,P_8_13_14,pressure,19048700,Pa
114048000,P_8_13_14,sg,0,
114048000,P_8_13_14,so,1,
114048000,P_8_13_14,sw,0,
114048000,P_13_13_14,pressure,19003400,Pa
114048000,P_13_13_14,sg,0,
114048000,P_13_13_14,so,1,
114048000,P_13_13_14,sw,0,
114048000,P_3_3_13,pressure,19003800,Pa
114048000,P_3_3_13,sg,0,
114048000,P_3_3_13,so,1,
114048000,P_3_3_13,sw,0,
114048000,P_8_3_13,pressure,19043200,Pa
114048000,P_8_3_13,sg,0,
114048000,P_8_3_13,so,1,
114048000,P_8_3_13,sw,0,
114048000,P_13_3_13,pressure,19003000,Pa
114048000,P_13_3_13,sg,0,
114048000,P_13_3_13,so,1,
114048000,P_13_3_13,sw,0,
114048000,P_3_8_13,pressure,19056800,Pa
114048000,P_3_8_13,sg,0,
114048000,P_3_8_13,so,1,
114048000,P_3_8_13,sw,0,
114048000,P_8_8_13,pressure,19062800,Pa
114048000,P_8_8_13,sg,0,
114048000,P_8_8_13,so,1,
114048000,P_8_8_13,sw,0,
114048000,P_13_8_13,pressure,19043200,Pa
114048000,P_13_8_13,sg,0,
114048000,P_13_8_13,so,1,
114048000,P_13_8_13,sw,0,
114048000,P_3_13_13,pressure,19065800,Pa
114048000,P_3_13_13,sg,0,
114048000,P_3_13_13,so,1,
114048000,P_3_13_13,sw,0,
114048000,P_8_13_13,pressure,19056800,Pa
114048000,P_8_13_13,sg,0,
114048000,P_8_13_13,so,1,
114048000,P_8_13_13,sw,0,
114048000,P_13_13_13,pressure,19003800,Pa
114048000,P_13_13_13,sg,0,
114048000,P_13_13_13,so,1,
114048000,P_13_13_13,sw,0,
116640000,P_3_3_15,pressure,19003200,Pa
116640000,P_3_3_15,sg,0,
116640000,P_3_3_15,so,1,
116640000,P_3_3_15,sw,0,
116640000,P_8_3_15,pressure,19031300,Pa
116640000,P_8_3_15,sg,0,
116640000,P_8_3_15,so,1,
116640000,P_8_3_15,sw,0,
116640000,P_13_3_15,pressure,19002300,Pa
116640000,P_13_3_15,sg,0,
116640000,P_13_3_15,so,1,
116640000,P_13_3_15,sw,0,
116640000,P_3_8_15,pressure,19044800,Pa
116640000,P_3_8_15,sg,0,
116640000,P_3_8_15,so,1,
116640000,P_3_8_15,sw,0,
116640000,P_8_8_15,pressure,19042700,Pa
116640000,P_8_8_15,sg,0,
116640000,P_8_8_15,so,1,
116640000,P_8_8_15,sw,0,
116640000,P_13_8_15,pressure,19031300,Pa
116640000,P_13_8_15,sg,0,
116640000,P_13_8_15,so,1,
116640000,P_13_8_15,sw,0,
116640000,P_3_13_15,pressure,19055100,Pa
116640000,P_3_13_15,sg,0,
116640000,P_3_13_15,so,1,
116640000,P_3_13_15,sw,0,
116640000,P_8_13_15,pressure,19044800,Pa
116640000,P_8_13_15,sg,0,
116640000,P_8_13_15,so,1,
116640000,P_8_13_15,sw,0,
116640000,P_13_13_15,pressure,19003200,Pa
116640000,P_13_13_15,sg,0,
116640000,P_13_13_15,so,1,
116640000,P_13_13_15,sw,0,
116640000,P_3_3_14,pressure,19003400,Pa
116640000,P_3_3_14,sg,0,
116640000,P_3_3_14,so,1,
116640000,P_3_3_14,sw,0,
116640000,P_8_3_14,pressure,19035100,Pa
116640000,P_8_3_14,sg,0,
116640000,P_8_3_14,so,1,
116640000,P_8_3_14,sw,0,
116640000,P_13_3_14,pressure,19002500,Pa
116640000,P_13_3_14,sg,0,
116640000,P_13_3_14,so,1,
116640000,P_13_3_14,sw,0,
116640000,P_3_8_14,pressure,19048700,Pa
116640000,P_3_8_14,sg,0,
116640000,P_3_8_14,so,1,
116640000,P_3_8_14,sw,0,
116640000,P_8_8_14,pressure,19048400,Pa
116640000,P_8_8_14,sg,0,
116640000,P_8_8_14,so,1,
116640000,P_8_8_14,sw,0,
116640000,P_13_8_14,pressure,19035100,Pa
116640000,P_13_8_14,sg,0,
116640000,P_13_8_14,so,1,
116640000,P_13_8_14,sw,0,
116640000,P_3_13_14,pressure,19058700,Pa
116640000,P_3_13_14,sg,0,
116640000,P_3_13_14,so,1,
116640000,P_3_13_14,sw,0,
116640000,P_8_13_14,pressure,19048700,Pa
116640000,P_8_13_14,sg,0,
116640000,P_8_13_14,so,1,
116640000,P_8_13_14,sw,0,
116640000,P_13_13_14,pressure,19003400,Pa
116640000,P_13_13_14,sg,0,
116640000,P_13_13_14,so,1,
116640000,P_13_13_14,sw,0,
116640000,P_3_3_13,pressure,19003800,Pa
116640000,P_3_3_13,sg,0,
116640000,P_3_3_13,so,1,
116640000,P_3_3_13,sw,0,
116640000,P_8_3_13,pressure,19043200,Pa
116640000,P_8_3_13,sg,0,
116640000,P_8_3_13,so,1,
116640000,P_8_3_13,sw,0,
116640000,P_13_3_13,pressure,19003000,Pa
116640000,P_13_3_13,sg,0,
116640000,P_13_3_13,so,1,
116640000,P_13_3_13,sw,0,
116640000,P_3_8_13,pressure,19056800,Pa
116640000,P_3_8_13,sg,0,
116640000,P_3_8_13,so,1,
116640000,P_3_8_13,sw,0,
116640000,P_8_8_13,pressure,19062800,Pa
116640000,P_8_8_13,sg,0,
116640000,P_8_8_13,so,1,
116640000,P_8_8_13,sw,0,
116640000,P_13_8_13,pressure,19043200,Pa
116640000,P_13_8_13,sg,0,
116640000,P_13_8_13,so,1,
116640000,P_13_8_13,sw,0,
116640000,P_3_13_13,pressure,19065800,Pa
116640000,P_3_13_13,sg,0,
116640000,P_3_13_13,so,1,
116640000,P_3_13_13,sw,0,
116640000,P_8_13_13,pressure,19056800,Pa
116640000,P_8_13_13,sg,0,
116640000,P_8_13_13,so,1,
116640000,P_8_13_13,sw,0,
116640000,P_13_13_13,pressure,19003800,Pa
116640000,P_13_13_13,sg,0,
116640000,P_13_13_13,so,1,
116640000,P_13_13_13,sw,0,
119232000,P_3_3_15,pressure,19003200,Pa
119232000,P_3_3_15,sg,0,
119232000,P_3_3_15,so,1,
119232000,P_3_3_15,sw,0,
119232000,P_8_3_15,pressure,19031300,Pa
119232000,P_8_3_15,sg,0,
119232000,P_8_3_15,so,1,
119232000,P_8_3_15,sw,0,
119232000,P_13_3_15,pressure,19002300,Pa
119232000,P_13_3_15,sg,0,
119232000,P_13_3_15,so,1,
119232000,P_13_3_15,sw,0,
119232000,P_3_8_15,pressure,19044800,Pa
119232000,P_3_8_15,sg,0,
119232000,P_3_8_15,so,1,
119232000,P_3_8_15,sw,0,
119232000,P_8_8_15,pressure,19042700,Pa
119232000,P_8_8_15,sg,0,
119232000,P_8_8_15,so,1,
119232000,P_8_8_15,sw,0,
119232000,P_13_8_15,pressure,19031300,Pa
119232000,P_13_8_15,sg,0,
119232000,P_13_8_15,so,1,
119232000,P_13_8_15,sw,0,
119232000,P_3_13_15,pressure,19055100,Pa
119232000,P_3_13_15,sg,0,
119232000,P_3_13_15,so,1,
119232000,P_3_13_15,sw,0,
119232000,P_8_13_15,pressure,19044800,Pa
119232000,P_8_13_15,sg,0,
119232000,P_8_13_15,so,1,
119232000,P_8_13_15,sw,0,
119232000,P_13_13_15,pressure,19003200,Pa
119232000,P_13_13_15,sg,0,
119232000,P_13_13_15,so,1,
119232000,P_13_13_15,sw,0,
119232000,P_3_3_14,pressure,19003400,Pa
119232000,P_3_3_14,sg,0,
119232000,P_3_3_14,so,1,
119232000,P_3_3_14,sw,0,
119232000,P_8_3_14,pressure,19035100,Pa
119232000,P_8_3_14,sg,0,
119232000,P_8_3_14,so,1,
119232000,P_8_3_14,sw,0,
119232000,P_13_3_14,pressure,19002500,Pa
119232000,P_13_3_14,sg,0,
119232000,P_13_3_14,so,1,
119232000,P_13_3_14,sw,0,
119232000,P_3_8_14,pressure,19048700,Pa
119232000,P_3_8_14,sg,0,
119232000,P_3_8_14,so,1,
119232000,P_3_8_14,sw,0,
119232000,P_8_8_14,pressure,19048400,Pa
119232000,P_8_8_14,sg,0,
119232000,P_8_8_14,so,1,
119232000,P_8_8_14,sw,0,
119232000,P_13_8_14,pressure,19035100,Pa
119232000,P_13_8_14,sg,0,
119232000,P_13_8_14,so,1,
119232000,P_13_8_14,sw,0,
119232000,P_3_13_14,pressure,19058700,Pa
119232000,P_3_13_14,sg,0,
119232000,P_3_13_14,so,1,
119232000,P_3_13_14,sw,0,
119232000,P_8_13_14,pressure,19048700,Pa
119232000,P_8_13_14,sg,0,
119232000,P_8_13_14,so,1,
119232000,P_8_13_14,sw,0,
119232000,P_13_13_14,pressure,19003400,Pa
119232000,P_13_13_14,sg,0,
119232000,P_13_13_14,so,1,
119232000,P_13_13_14,sw,0,
119232000,P_3_3_13,pressure,19003800,Pa
119232000,P_3_3_13,sg,0,
119232000,P_3_3_13,so,1,
119232000,P_3_3_13,sw,0,
119232000,P_8_3_13,pressure,19043200,Pa
119232000,P_8_3_13,sg,0,
119232000,P_8_3_13,so,1,
119232000,P_8_3_13,sw,0,
119232000,P_13_3_13,pressure,19003000,Pa
119232000,P_13_3_13,sg,0,
119232000,P_13_3_13,so,1,
119232000,P_13_3_13,sw,0,
119232000,P_3_8_13,pressure,19056800,Pa
119232000,P_3_8_13,sg,0,
119232000,P_3_8_13,so,1,
119232000,P_3_8_13,sw,0,
119232000,P_8_8_13,pressure,19062800,Pa
119232000,P_8_8_13,sg,0,
119232000,P_8_8_13,so,1,
119232000,P_8_8_13,sw,0,
119232000,P_13_8_13,pressure,19043200,Pa
119232000,P_13_8_13,sg,0,
119232000,P_13_8_13,so,1,
119232000,P_13_8_13,sw,0,
119232000,P_3_13_13,pressure,19065800,Pa
119232000,P_3_13_13,sg,0,
119232000,P_3_13_13,so,1,
119232000,P_3_13_13,sw,0,
119232000,P_8_13_13,pressure,19056800,Pa
119232000,P_8_13_13,sg,0,
119232000,P_8_13_13,so,1,
119232000,P_8_13_13,sw,0,
119232000,P_13_13_13,pressure,19003800,Pa
119232000,P_13_13_13,sg,0,
119232000,P_13_13_13,so,1,
119232000,P_13_13_13,sw,0,
121824000,P_3_3_15,pressure,19003200,Pa
121824000,P_3_3_15,sg,0,
121824000,P_3_3_15,so,1,
121824000,P_3_3_15,sw,0,
121824000,P_8_3_15,pressure,19031300,Pa
121824000,P_8_3_15,sg,0,
121824000,P_8_3_15,so,1,
121824000,P_8_3_15,sw,0,
121824000,P_13_3_15,pressure,19002300,Pa
121824000,P_13_3_15,sg,0,
121824000,P_13_3_15,so,1,
121824000,P_13_3_15,sw,0,
121824000,P_3_8_15,pressure,19044800,Pa
121824000,P_3_8_15,sg,0,
121824000,P_3_8_15,so,1,
121824000,P_3_8_15,sw,0,
121824000,P_8_8_15,pressure,19042700,Pa
121824000,P_8_8_15,sg,0,
121824000,P_8_8_15,so,1,
121824000,P_8_8_15,sw,0,
121824000,P_13_8_15,pressure,19031300,Pa
121824000,P_13_8_15,sg,0,
121824000,P_13_8_15,so,1,
121824000,P_13_8_15,sw,0,
121824000,P_3_13_15,pressure,19055100,Pa
121824000,P_3_13_15,sg,0,
121824000,P_3_13_15,so,1,
121824000,P_3_13_15,sw,0,
121824000,P_8_13_15,pressure,19044800,Pa
121824000,P_8_13_15,sg,0,
121824000,P_8_13_15,so,1,
121824000,P_8_13_15,sw,0,
121824000,P_13_13_15,pressure,19003200,Pa
121824000,P_13_13_15,sg,0,
121824000,P_13_13_15,so,1,
121824000,P_13_13_15,sw,0,
121824000,P_3_3_14,pressure,19003400,Pa
121824000,P_3_3_14,sg,0,
121824000,P_3_3_14,so,1,
121824000,P_3_3_14,sw,0,
121824000,P_8_3_14,pressure,19035100,Pa
121824000,P_8_3_14,sg,0,
121824000,P_8_3_14,so,1,
121824000,P_8_3_14,sw,0,
121824000,P_13_3_14,pressure,19002500,Pa
121824000,P_13_3_14,sg,0,
121824000,P_13_3_14,so,1,
121824000,P_13_3_14,sw,0,
121824000,P_3_8_14,pressure,19048700,Pa
121824000,P_3_8_14,sg,0,
121824000,P_3_8_14,so,1,
121824000,P_3_8_14,sw,0,
121824000,P_8_8_14,pressure,19048400,Pa
121824000,P_8_8_14,sg,0,
121824000,P_8_8_14,so,1,
121824000,P_8_8_14,sw,0,
121824000,P_13_8_14,pressure,19035100,Pa
121824000,P_13_8_14,sg,0,
121824000,P_13_8_14,so,1,
121824000,P_13_8_14,sw,0,
121824000,P_3_13_14,pressure,19058700,Pa
121824000,P_3_13_14,sg,0,
121824000,P_3_13_14,so,1,
121824000,P_3_13_14,sw,0,
121824000,P_8_13_14,pressure,19048700,Pa
121824000,P_8_13_14,sg,0,
121824000,P_8_13_14,so,1,
121824000,P_8_13_14,sw,0,
121824000,P_13_13_14,pressure,19003400,Pa
121824000,P_13_13_14,sg,0,
121824000,P_13_13_14,so,1,
121824000,P_13_13_14,sw,0,
121824000,P_3_3_13,pressure,19003800,Pa
121824000,P_3_3_13,sg,0,
121824000,P_3_3_13,so,1,
121824000,P_3_3_13,sw,0,
121824000,P_8_3_13,pressure,19043200,Pa
121824000,P_8_3_13,sg,0,
121824000,P_8_3_13,so,1,
121824000,P_8_3_13,sw,0,
121824000,P_13_3_13,pressure,19003000,Pa
121824000,P_13_3_13,sg,0,
121824000,P_13_3_13,so,1,
121824000,P_13_3_13,sw,0,
121824000,P_3_8_13,pressure,19056800,Pa
121824000,P_3_8_13,sg,0,
121824000,P_3_8_13,so,1,
121824000,P_3_8_13,sw,0,
121824000,P_8_8_13,pressure,19062800,Pa
121824000,P_8_8_13,sg,0,
121824000,P_8_8_13,so,1,
121824000,P_8_8_13,sw,0,
121824000,P_13_8_13,pressure,19043200,Pa
121824000,P_13_8_13,sg,0,
121824000,P_13_8_13,so,1,
121824000,P_13_8_13,sw,0,
121824000,P_3_13_13,pressure,19065800,Pa
121824000,P_3_13_13,sg,0,
121824000,P_3_13_13,so,1,
121824000,P_3_13_13,sw,0,
121824000,P_8_13_13,pressure,19056800,Pa
121824000,P_8_13_13,sg,0,
121824000,P_8_13_13,so,1,
121824000,P_8_13_13,sw,0,
121824000,P_13_13_13,pressure,19003800,Pa
121824000,P_13_13_13,sg,0,
121824000,P_13_13_13,so,1,
121824000,P_13_13_13,sw,0,
124416000,P_3_3_15,pressure,19003200,Pa
124416000,P_3_3_15,sg,0,
124416000,P_3_3_15,so,1,
124416000,P_3_3_15,sw,0,
124416000,P_8_3_15,pressure,19031300,Pa
124416000,P_8_3_15,sg,0,
124416000,P_8_3_15,so,1,
124416000,P_8_3_15,sw,0,
124416000,P_13_3_15,pressure,19002300,Pa
124416000,P_13_3_15,sg,0,
124416000,P_13_3_15,so,1,
124416000,P_13_3_15,sw,0,
124416000,P_3_8_15,pressure,19044800,Pa
124416000,P_3_8_15,sg,0,
124416000,P_3_8_15,so,1,
124416000,P_3_8_15,sw,0,
124416000,P_8_8_15,pressure,19042700,Pa
124416000,P_8_8_15,sg,0,
124416000,P_8_8_15,so,1,
124416000,P_8_8_15,sw,0,
124416000,P_13_8_15,pressure,19031300,Pa
124416000,P_13_8_15,sg,0,
124416000,P_13_8_15,so,1,
124416000,P_13_8_15,sw,0,
124416000,P_3_13_15,pressure,19055100,Pa
124416000,P_3_13_15,sg,0,
124416000,P_3_13_15,so,1,
124416000,P_3_13_15,sw,0,
124416000,P_8_13_15,pressure,19044800,Pa
124416000,P_8_13_15,sg,0,
124416000,P_8_13_15,so,1,
124416000,P_8_13_15,sw,0,
124416000,P_13_13_15,pressure,19003200,Pa
124416000,P_13_13_15,sg,0,
124416000,P_13_13_15,so,1,
124416000,P_13_13_15,sw,0,
124416000,P_3_3_14,pressure,19003400,Pa
124416000,P_3_3_14,sg,0,
124416000,P_3_3_14,so,1,
124416000,P_3_3_14,sw,0,
124416000,P_8_3_14,pressure,19035100,Pa
124416000,P_8_3_14,sg,0,
124416000,P_8_3_14,so,1,
124416000,P_8_3_14,sw,0,
124416000,P_13_3_14,pressure,19002500,Pa
124416000,P_13_3_14,sg,0,
124416000,P_13_3_14,so,1,
124416000,P_13_3_14,sw,0,
124416000,P_3_8_14,pressure,19048700,Pa
124416000,P_3_8_14,sg,0,
124416000,P_3_8_14,so,1,
124416000,P_3_8_14,sw,0,
124416000,P_8_8_14,pressure,19048400,Pa
124416000,P_8_8_14,sg,0,
124416000,P_8_8_14,so,1,
124416000,P_8_8_14,sw,0,
124416000,P_13_8_14,pressure,19035100,Pa
124416000,P_13_8_14,sg,0,
124416000,P_13_8_14,so,1,
124416000,P_13_8_14,sw,0,
124416000,P_3_13_14,pressure,19058700,Pa
124416000,P_3_13_14,sg,0,
124416000,P_3_13_14,so,1,
124416000,P_3_13_14,sw,0,
124416000,P_8_13_14,pressure,19048700,Pa
124416000,P_8_13_14,sg,0,
124416000,P_8_13_14,so,1,
124416000,P_8_13_14,sw,0,
124416000,P_13_13_14,pressure,19003400,Pa
124416000,P_13_13_14,sg,0,
124416000,P_13_13_14,so,1,
124416000,P_13_13_14,sw,0,
124416000,P_3_3_13,pressure,19003800,Pa
124416000,P_3_3_13,sg,0,
124416000,P_3_3_13,so,1,
124416000,P_3_3_13,sw,0,
124416000,P_8_3_13,pressure,19043200,Pa
124416000,P_8_3_13,sg,0,
124416000,P_8_3_13,so,1,
124416000,P_8_3_13,sw,0,
124416000,P_13_3_13,pressure,19003000,Pa
124416000,P_13_3_13,sg,0,
124416000,P_13_3_13,so,1,
124416000,P_13_3_13,sw,0,
124416000,P_3_8_13,pressure,19056800,Pa
124416000,P_3_8_13,sg,0,
124416000,P_3_8_13,so,1,
124416000,P_3_8_13,sw,0,
124416000,P_8_8_13,pressure,19062800,Pa
124416000,P_8_8_13,sg,0,
124416000,P_8_8_13,so,1,
124416000,P_8_8_13,sw,0,
124416000,P_13_8_13,pressure,19043200,Pa
124416000,P_13_8_13,sg,0,
124416000,P_13_8_13,so,1,
124416000,P_13_8_13,sw,0,
124416000,P_3_13_13,pressure,19065800,Pa
124416000,P_3_13_13,sg,0,
124416000,P_3_13_13,so,1,
124416000,P_3_13_13,sw,0,
124416000,P_8_13_13,pressure,19056800,Pa
124416000,P_8_13_13,sg,0,
124416000,P_8_13_13,so,1,
124416000,P_8_13_13,sw,0,
124416000,P_13_13_13,pressure,19003800,Pa
124416000,P_13_13_13,sg,0,
124416000,P_13_13_13,so,1,
124416000,P_13_13_13,sw,0,
127008000,P_3_3_15,pressure,19003200,Pa
127008000,P_3_3_15,sg,0,
127008000,P_3_3_15,so,1,
127008000,P_3_3_15,sw,0,
127008000,P_8_3_15,pressure,19031300,Pa
127008000,P_8_3_15,sg,0,
127008000,P_8_3_15,so,1,
127008000,P_8_3_15,sw,0,
127008000,P_13_3_15,pressure,19002300,Pa
127008000,P_13_3_15,sg,0,
127008000,P_13_3_15,so,1,
127008000,P_13_3_15,sw,0,
127008000,P_3_8_15,pressure,19044800,Pa
127008000,P_3_8_15,sg,0,
127008000,P_3_8_15,so,1,
127008000,P_3_8_15,sw,0,
127008000,P_8_8_15,pressure,19042700,Pa
127008000,P_8_8_15,sg,0,
127008000,P_8_8_15,so,1,
127008000,P_8_8_15,sw,0,
127008000,P_13_8_15,pressure,19031300,Pa
127008000,P_13_8_15,sg,0,
127008000,P_13_8_15,so,1,
127008000,P_13_8_15,sw,0,
127008000,P_3_13_15,pressure,19055100,Pa
127008000,P_3_13_15,sg,0,
127008000,P_3_13_15,so,1,
127008000,P_3_13_15,sw,0,
127008000,P_8_13_15,pressure,19044800,Pa
127008000,P_8_13_15,sg,0,
127008000,P_8_13_15,so,1,
127008000,P_8_13_15,sw,0,
127008000,P_13_13_15,pressure,19003200,Pa
127008000,P_13_13_15,sg,0,
127008000,P_13_13_15,so,1,
127008000,P_13_13_15,sw,0,
127008000,P_3_3_14,pressure,19003400,Pa
127008000,P_3_3_14,sg,0,
127008000,P_3_3_14,so,1,
127008000,P_3_3_14,sw,0,
127008000,P_8_3_14,pressure,19035100,Pa
127008000,P_8_3_14,sg,0,
127008000,P_8_3_14,so,1,
127008000,P_8_3_14,sw,0,
127008000,P_13_3_14,pressure,19002500,Pa
127008000,P_13_3_14,sg,0,
127008000,P_13_3_14,so,1,
127008000,P_13_3_14,sw,0,
127008000,P_3_8_14,pressure,19048700,Pa
127008000,P_3_8_14,sg,0,
127008000,P_3_8_14,so,1,
127008000,P_3_8_14,sw,0,
127008000,P_8_8_14,pressure,19048400,Pa
127008000,P_8_8_14,sg,0,
127008000,P_8_8_14,so,1,
127008000,P_8_8_14,sw,0,
127008000,P_13_8_14,pressure,19035100,Pa
127008000,P_13_8_14,sg,0,
127008000,P_13_8_14,so,1,
127008000,P_13_8_14,sw,0,
127008000,P_3_13_14,pressure,19058700,Pa
127008000,P_3_13_14,sg,0,
127008000,P_3_13_14,so,1,
127008000,P_3_13_14,sw,0,
127008000,P_8_13_14,pressure,19048700,Pa
127008000,P_8_13_14,sg,0,
127008000,P_8_13_14,so,1,
127008000,P_8_13_14,sw,0,
127008000,P_13_13_14,pressure,19003400,Pa
127008000,P_13_13_14,sg,0,
127008000,P_13_13_14,so,1,
127008000,P_13_13_14,sw,0,
127008000,P_3_3_13,pressure,19003800,Pa
127008000,P_3_3_13,sg,0,
127008000,P_3_3_13,so,1,
127008000,P_3_3_13,sw,0,
127008000,P_8_3_13,pressure,19043200,Pa
127008000,P_8_3_13,sg,0,
127008000,P_8_3_13,so,1,
127008000,P_8_3_13,sw,0,
127008000,P_13_3_13,pressure,19003000,Pa
127008000,P_13_3_13,sg,0,
127008000,P_13_3_13,so,1,
127008000,P_13_3_13,sw,0,
127008000,P_3_8_13,pressure,19056800,Pa
127008000,P_3_8_13,sg,0,
127008000,P_3_8_13,so,1,
127008000,P_3_8_13,sw,0,
127008000,P_8_8_13,pressure,19062800,Pa
127008000,P_8_8_13,sg,0,
127008000,P_8_8_13,so,1,
127008000,P_8_8_13,sw,0,
127008000,P_13_8_13,pressure,19043200,Pa
127008000,P_13_8_13,sg,0,
127008000,P_13_8_13,so,1,
127008000,P_13_8_13,sw,0,
127008000,P_3_13_13,pressure,19065800,Pa
127008000,P_3_13_13,sg,0,
127008000,P_3_13_13,so,1,
127008000,P_3_13_13,sw,0,
127008000,P_8_13_13,pressure,19056800,Pa
127008000,P_8_13_13,sg,0,
127008000,P_8_13_13,so,1,
127008000,P_8_13_13,sw,0,
127008000,P_13_13_13,pressure,19003800,Pa
127008000,P_13_13_13,sg,0,
127008000,P_13_13_13,so,1,
127008000,P_13_13_13,sw,0,
129600000,P_3_3_15,pressure,19003200,Pa
129600000,P_3_3_15,sg,0,
129600000,P_3_3_15,so,1,
129600000,P_3_3_15,sw,0,
129600000,P_8_3_15,pressure,19031300,Pa
129600000,P_8_3_15,sg,0,
129600000,P_8_3_15,so,1,
129600000,P_8_3_15,sw,0,
129600000,P_13_3_15,pressure,19002300,Pa
129600000,P_13_3_15,sg,0,
129600000,P_13_3_15,so,1,
129600000,P_13_3_15,sw,0,
129600000,P_3_8_15,pressure,19044800,Pa
129600000,P_3_8_15,sg,0,
129600000,P_3_8_15,so,1,
129600000,P_3_8_15,sw,0,
129600000,P_8_8_15,pressure,19042700,Pa
129600000,P_8_8_15,sg,0,
129600000,P_8_8_15,so,1,
129600000,P_8_8_15,sw,0,
129600000,P_13_8_15,pressure,19031300,Pa
129600000,P_13_8_15,sg,0,
129600000,P_13_8_15,so,1,
129600000,P_13_8_15,sw,0,
129600000,P_3_13_15,pressure,19055100,Pa
129600000,P_3_13_15,sg,0,
129600000,P_3_13_15,so,1,
129600000,P_3_13_15,sw,0,
129600000,P_8_13_15,pressure,19044800,Pa
129600000,P_8_13_15,sg,0,
129600000,P_8_13_15,so,1,
129600000,P_8_13_15,sw,0,
129600000,P_13_13_15,pressure,19003200,Pa
129600000,P_13_13_15,sg,0,
129600000,P_13_13_15,so,1,
129600000,P_13_13_15,sw,0,
129600000,P_3_3_14,pressure,19003400,Pa
129600000,P_3_3_14,sg,0,
129600000,P_3_3_14,so,1,
129600000,P_3_3_14,sw,0,
129600000,P_8_3_14,pressure,19035100,Pa
129600000,P_8_3_14,sg,0,
129600000,P_8_3_14,so,1,
129600000,P_8_3_14,sw,0,
129600000,P_13_3_14,pressure,19002500,Pa
129600000,P_13_3_14,sg,0,
129600000,P_13_3_14,so,1,
129600000,P_13_3_14,sw,0,
129600000,P_3_8_14,pressure,19048700,Pa
129600000,P_3_8_14,sg,0,
129600000,P_3_8_14,so,1,
129600000,P_3_8_14,sw,0,
129600000,P_8_8_14,pressure,19048400,Pa
129600000,P_8_8_14,sg,0,
129600000,P_8_8_14,so,1,
129600000,P_8_8_14,sw,0,
129600000,P_13_8_14,pressure,19035100,Pa
129600000,P_13_8_14,sg,0,
129600000,P_13_8_14,so,1,
129600000,P_13_8_14,sw,0,
129600000,P_3_13_14,pressure,19058700,Pa
129600000,P_3_13_14,sg,0,
129600000,P_3_13_14,so,1,
129600000,P_3_13_14,sw,0,
129600000,P_8_13_14,pressure,19048700,Pa
129600000,P_8_13_14,sg,0,
129600000,P_8_13_14,so,1,
129600000,P_8_13_14,sw,0,
129600000,P_13_13_14,pressure,19003400,Pa
129600000,P_13_13_14,sg,0,
129600000,P_13_13_14,so,1,
129600000,P_13_13_14,sw,0,
129600000,P_3_3_13,pressure,19003800,Pa
129600000,P_3_3_13,sg,0,
129600000,P_3_3_13,so,1,
129600000,P_3_3_13,sw,0,
129600000,P_8_3_13,pressure,19043200,Pa
129600000,P_8_3_13,sg,0,
129600000,P_8_3_13,so,1,
129600000,P_8_3_13,sw,0,
129600000,P_13_3_13,pressure,19003000,Pa
129600000,P_13_3_13,sg,0,
129600000,P_13_3_13,so,1,
129600000,P_13_3_13,sw,0,
129600000,P_3_8_13,pressure,19056800,Pa
129600000,P_3_8_13,sg,0,
129600000,P_3_8_13,so,1,
129600000,P_3_8_13,sw,0,
129600000,P_8_8_13,pressure,19062800,Pa
129600000,P_8_8_13,sg,0,
129600000,P_8_8_13,so,1,
129600000,P_8_8_13,sw,0,
129600000,P_13_8_13,pressure,19043200,Pa
129600000,P_13_8_13,sg,0,
129600000,P_13_8_13,so,1,
129600000,P_13_8_13,sw,0,
129600000,P_3_13_13,pressure,19065800,Pa
129600000,P_3_13_13,sg,0,
129600000,P_3_13_13,so,1,
129600000,P_3_13_13,sw,0,
129600000,P_8_13_13,pressure,19056800,Pa
129600000,P_8_13_13,sg,0,
129600000,P_8_13_13,so,1,
129600000,P_8_13_13,sw,0,
129600000,P_13_13_13,pressure,19003800,Pa
129600000,P_13_13_13,sg,0,
129600000,P_13_13_13,so,1,
129600000,P_13_13_13,sw,0,
132192000,P_3_3_15,pressure,19003200,Pa
132192000,P_3_3_15,sg,0,
132192000,P_3_3_15,so,1,
132192000,P_3_3_15,sw,0,
132192000,P_8_3_15,pressure,19031300,Pa
132192000,P_8_3_15,sg,0,
132192000,P_8_3_15,so,1,
132192000,P_8_3_15,sw,0,
132192000,P_13_3_15,pressure,19002300,Pa
132192000,P_13_3_15,sg,0,
132192000,P_13_3_15,so,1,
132192000,P_13_3_15,sw,0,
132192000,P_3_8_15,pressure,19044800,Pa
132192000,P_3_8_15,sg,0,
132192000,P_3_8_15,so,1,
132192000,P_3_8_15,sw,0,
132192000,P_8_8_15,pressure,19042700,Pa
132192000,P_8_8_15,sg,0,
132192000,P_8_8_15,so,1,
132192000,P_8_8_15,sw,0,
132192000,P_13_8_15,pressure,19031300,Pa
132192000,P_13_8_15,sg,0,
132192000,P_13_8_15,so,1,
132192000,P_13_8_15,sw,0,
132192000,P_3_13_15,pressure,19055100,Pa
132192000,P_3_13_15,sg,0,
132192000,P_3_13_15,so,1,
132192000,P_3_13_15,sw,0,
132192000,P_8_13_15,pressure,19044800,Pa
132192000,P_8_13_15,sg,0,
132192000,P_8_13_15,so,1,
132192000,P_8_13_15,sw,0,
132192000,P_13_13_15,pressure,19003200,Pa
132192000,P_13_13_15,sg,0,
132192000,P_13_13_15,so,1,
132192000,P_13_13_15,sw,0,
132192000,P_3_3_14,pressure,19003400,Pa
132192000,P_3_3_14,sg,0,
132192000,P_3_3_14,so,1,
132192000,P_3_3_14,sw,0,
132192000,P_8_3_14,pressure,19035100,Pa
132192000,P_8_3_14,sg,0,
132192000,P_8_3_14,so,1,
132192000,P_8_3_14,sw,0,
132192000,P_13_3_14,pressure,19002500,Pa
132192000,P_13_3_14,sg,0,
132192000,P_13_3_14,so,1,
132192000,P_13_3_14,sw,0,
132192000,P_3_8_14,pressure,19048700,Pa
132192000,P_3_8_14,sg,0,
132192000,P_3_8_14,so,1,
132192000,P_3_8_14,sw,0,
132192000,P_8_8_14,pressure,19048400,Pa
132192000,P_8_8_14,sg,0,
132192000,P_8_8_14,so,1,
132192000,P_8_8_14,sw,0,
132192000,P_13_8_14,pressure,19035100,Pa
132192000,P_13_8_14,sg,0,
132192000,P_13_8_14,so,1,
132192000,P_13_8_14,sw,0,
132192000,P_3_13_14,pressure,19058700,Pa
132192000,P_3_13_14,sg,0,
132192000,P_3_13_14,so,1,
132192000,P_3_13_14,sw,0,
132192000,P_8_13_14,pressure,19048700,Pa
132192000,P_8_13_14,sg,0,
132192000,P_8_13_14,so,1,
132192000,P_8_13_14,sw,0,
132192000,P_13_13_14,pressure,19003400,Pa
132192000,P_13_13_14,sg,0,
132192000,P_13_13_14,so,1,
132192000,P_13_13_14,sw,0,
132192000,P_3_3_13,pressure,19003800,Pa
132192000,P_3_3_13,sg,0,
132192000,P_3_3_13,so,1,
132192000,P_3_3_13,sw,0,
132192000,P_8_3_13,pressure,19043200,Pa
132192000,P_8_3_13,sg,0,
132192000,P_8_3_13,so,1,
132192000,P_8_3_13,sw,0,
132192000,P_13_3_13,pressure,19003000,Pa
132192000,P_13_3_13,sg,0,
132192000,P_13_3_13,so,1,
132192000,P_13_3_13,sw,0,
132192000,P_3_8_13,pressure,19056800,Pa
132192000,P_3_8_13,sg,0,
132192000,P_3_8_13,so,1,
132192000,P_3_8_13,sw,0,
132192000,P_8_8_13,pressure,19062800,Pa
132192000,P_8_8_13,sg,0,
132192000,P_8_8_13,so,1,
132192000,P_8_8_13,sw,0,
132192000,P_13_8_13,pressure,19043200,Pa
132192000,P_13_8_13,sg,0,
132192000,P_13_8_13,so,1,
132192000,P_13_8_13,sw,0,
132192000,P_3_13_13,pressure,19065800,Pa
132192000,P_3_13_13,sg,0,
132192000,P_3_13_13,so,1,
132192000,P_3_13_13,sw,0,
132192000,P_8_13_13,pressure,19056800,Pa
132192000,P_8_13_13,sg,0,
132192000,P_8_13_13,so,1,
132192000,P_8_13_13,sw,0,
132192000,P_13_13_13,pressure,19003800,Pa
132192000,P_13_13_13,sg,0,
132192000,P_13_13_13,so,1,
132192000,P_13_13_13,sw,0,
134784000,P_3_3_15,pressure,19003200,Pa
134784000,P_3_3_15,sg,0,
134784000,P_3_3_15,so,1,
134784000,P_3_3_15,sw,0,
134784000,P_8_3_15,pressure,19031300,Pa
134784000,P_8_3_15,sg,0,
134784000,P_8_3_15,so,1,
134784000,P_8_3_15,sw,0,
134784000,P_13_3_15,pressure,19002300,Pa
134784000,P_13_3_15,sg,0,
134784000,P_13_3_15,so,1,
134784000,P_13_3_15,sw,0,
134784000,P_3_8_15,pressure,19044800,Pa
134784000,P_3_8_15,sg,0,
134784000,P_3_8_15,so,1,
134784000,P_3_8_15,sw,0,
134784000,P_8_8_15,pressure,19042700,Pa
134784000,P_8_8_15,sg,0,
134784000,P_8_8_15,so,1,
134784000,P_8_8_15,sw,0,
134784000,P_13_8_15,pressure,19031300,Pa
134784000,P_13_8_15,sg,0,
134784000,P_13_8_15,so,1,
134784000,P_13_8_15,sw,0,
134784000,P_3_13_15,pressure,19055100,Pa
134784000,P_3_13_15,sg,0,
134784000,P_3_13_15,so,1,
134784000,P_3_13_15,sw,0,
134784000,P_8_13_15,pressure,19044800,Pa
134784000,P_8_13_15,sg,0,
134784000,P_8_13_15,so,1,
134784000,P_8_13_15,sw,0,
134784000,P_13_13_15,pressure,19003200,Pa
134784000,P_13_13_15,sg,0,
134784000,P_13_13_15,so,1,
134784000,P_13_13_15,sw,0,
134784000,P_3_3_14,pressure,19003400,Pa
134784000,P_3_3_14,sg,0,
134784000,P_3_3_14,so,1,
134784000,P_3_3_14,sw,0,
134784000,P_8_3_14,pressure,19035100,Pa
134784000,P_8_3_14,sg,0,
134784000,P_8_3_14,so,1,
134784000,P_8_3_14,sw,0,
134784000,P_13_3_14,pressure,19002500,Pa
134784000,P_13_3_14,sg,0,
134784000,P_13_3_14,so,1,
134784000,P_13_3_14,sw,0,
134784000,P_3_8_14,pressure,19048700,Pa
134784000,P_3_8_14,sg,0,
134784000,P_3_8_14,so,1,
134784000,P_3_8_14,sw,0,
134784000,P_8_8_14,pressure,19048400,Pa
134784000,P_8_8_14,sg,0,
134784000,P_8_8_14,so,1,
134784000,P_8_8_14,sw,0,
134784000,P_13_8_14,pressure,19035100,Pa
134784000,P_13_8_14,sg,0,
134784000,P_13_8_14,so,1,
134784000,P_13_8_14,sw,0,
134784000,P_3_13_14,pressure,19058700,Pa
134784000,P_3_13_14,sg,0,
134784000,P_3_13_14,so,1,
134784000,P_3_13_14,sw,0,
134784000,P_8_13_14,pressure,19048700,Pa
134784000,P_8_13_14,sg,0,
134784000,P_8_13_14,so,1,
134784000,P_8_13_14,sw,0,
134784000,P_13_13_14,pressure,19003400,Pa
134784000,P_13_13_14,sg,0,
134784000,P_13_13_14,so,1,
134784000,P_13_13_14,sw,0,
134784000,P_3_3_13,pressure,19003800,Pa
134784000,P_3_3_13,sg,0,
134784000,P_3_3_13,so,1,
134784000,P_3_3_13,sw,0,
134784000,P_8_3_13,pressure,19043200,Pa
134784000,P_8_3_13,sg,0,
134784000,P_8_3_13,so,1,
134784000,P_8_3_13,sw,0,
134784000,P_13_3_13,pressure,19003000,Pa
134784000,P_13_3_13,sg,0,
134784000,P_13_3_13,so,1,
134784000,P_13_3_13,sw,0,
134784000,P_3_8_13,pressure,19056800,Pa
134784000,P_3_8_13,sg,0,
134784000,P_3_8_13,so,1,
134784000,P_3_8_13,sw,0,
134784000,P_8_8_13,pressure,19062800,Pa
134784000,P_8_8_13,sg,0,
134784000,P_8_8_13,so,1,
134784000,P_8_8_13,sw,0,
134784000,P_13_8_13,pressure,19043200,Pa
134784000,P_13_8_13,sg,0,
134784000,P_13_8_13,so,1,
134784000,P_13_8_13,sw,0,
134784000,P_3_13_13,pressure,19065800,Pa
134784000,P_3_13_13,sg,0,
134784000,P_3_13_13,so,1,
134784000,P_3_13_13,sw,0,
134784000,P_8_13_13,pressure,19056800,Pa
134784000,P_8_13_13,sg,0,
134784000,P_8_13_13,so,1,
134784000,P_8_13_13,sw,0,
134784000,P_13_13_13,pressure,19003800,Pa
134784000,P_13_13_13,sg,0,
134784000,P_13_13_13,so,1,
134784000,P_13_13_13,sw,0,
137376000,P_3_3_15,pressure,19003200,Pa
137376000,P_3_3_15,sg,0,
137376000,P_3_3_15,so,1,
137376000,P_3_3_15,sw,0,
137376000,P_8_3_15,pressure,19031300,Pa
137376000,P_8_3_15,sg,0,
137376000,P_8_3_15,so,1,
137376000,P_8_3_15,sw,0,
137376000,P_13_3_15,pressure,19002300,Pa
137376000,P_13_3_15,sg,0,
137376000,P_13_3_15,so,1,
137376000,P_13_3_15,sw,0,
137376000,P_3_8_15,pressure,19044800,Pa
137376000,P_3_8_15,sg,0,
137376000,P_3_8_15,so,1,
137376000,P_3_8_15,sw,0,
137376000,P_8_8_15,pressure,19042700,Pa
137376000,P_8_8_15,sg,0,
137376000,P_8_8_15,so,1,
137376000,P_8_8_15,sw,0,
137376000,P_13_8_15,pressure,19031300,Pa
137376000,P_13_8_15,sg,0,
137376000,P_13_8_15,so,1,
137376000,P_13_8_15,sw,0,
137376000,P_3_13_15,pressure,19055100,Pa
137376000,P_3_13_15,sg,0,
137376000,P_3_13_15,so,1,
137376000,P_3_13_15,sw,0,
137376000,P_8_13_15,pressure,19044800,Pa
137376000,P_8_13_15,sg,0,
137376000,P_8_13_15,so,1,
137376000,P_8_13_15,sw,0,
137376000,P_13_13_15,pressure,19003200,Pa
137376000,P_13_13_15,sg,0,
137376000,P_13_13_15,so,1,
137376000,P_13_13_15,sw,0,
137376000,P_3_3_14,pressure,19003400,Pa
137376000,P_3_3_14,sg,0,
137376000,P_3_3_14,so,1,
137376000,P_3_3_14,sw,0,
137376000,P_8_3_14,pressure,19035100,Pa
137376000,P_8_3_14,sg,0,
137376000,P_8_3_14,so,1,
137376000,P_8_3_14,sw,0,
137376000,P_13_3_14,pressure,19002500,Pa
137376000,P_13_3_14,sg,0,
137376000,P_13_3_14,so,1,
137376000,P_13_3_14,sw,0,
137376000,P_3_8_14,pressure,19048700,Pa
137376000,P_3_8_14,sg,0,
137376000,P_3_8_14,so,1,
137376000,P_3_8_14,sw,0,
137376000,P_8_8_14,pressure,19048400,Pa
137376000,P_8_8_14,sg,0,
137376000,P_8_8_14,so,1,
137376000,P_8_8_14,sw,0,
137376000,P_13_8_14,pressure,19035100,Pa
137376000,P_13_8_14,sg,0,
137376000,P_13_8_14,so,1,
137376000,P_13_8_14,sw,0,
137376000,P_3_13_14,pressure,19058700,Pa
137376000,P_3_13_14,sg,0,
137376000,P_3_13_14,so,1,
137376000,P_3_13_14,sw,0,
137376000,P_8_13_14,pressure,19048700,Pa
137376000,P_8_13_14,sg,0,
137376000,P_8_13_14,so,1,
137376000,P_8_13_14,sw,0,
137376000,P_13_13_14,pressure,19003400,Pa
137376000,P_13_13_14,sg,0,
137376000,P_13_13_14,so,1,
137376000,P_13_13_14,sw,0,
137376000,P_3_3_13,pressure,19003800,Pa
137376000,P_3_3_13,sg,0,
137376000,P_3_3_13,so,1,
137376000,P_3_3_13,sw,0,
137376000,P_8_3_13,pressure,19043200,Pa
137376000,P_8_3_13,sg,0,
137376000,P_8_3_13,so,1,
137376000,P_8_3_13,sw,0,
137376000,P_13_3_13,pressure,19003000,Pa
137376000,P_13_3_13,sg,0,
137376000,P_13_3_13,so,1,
137376000,P_13_3_13,sw,0,
137376000,P_3_8_13,pressure,19056800,Pa
137376000,P_3_8_13,sg,0,
137376000,P_3_8_13,so,1,
137376000,P_3_8_13,sw,0,
137376000,P_8_8_13,pressure,19062800,Pa
137376000,P_8_8_13,sg,0,
137376000,P_8_8_13,so,1,
137376000,P_8_8_13,sw,0,
137376000,P_13_8_13,pressure,19043200,Pa
137376000,P_13_8_13,sg,0,
137376000,P_13_8_13,so,1,
137376000,P_13_8_13,sw,0,
137376000,P_3_13_13,pressure,19065800,Pa
137376000,P_3_13_13,sg,0,
137376000,P_3_13_13,so,1,
137376000,P_3_13_13,sw,0,
137376000,P_8_13_13,pressure,19056800,Pa
137376000,P_8_13_13,sg,0,
137376000,P_8_13_13,so,1,
137376000,P_8_13_13,sw,0,
137376000,P_13_13_13,pressure,19003800,Pa
137376000,P_13_13_13,sg,0,
137376000,P_13_13_13,so,1,
137376000,P_13_13_13,sw,0,
139968000,P_3_3_15,pressure,19003200,Pa
139968000,P_3_3_15,sg,0,
139968000,P_3_3_15,so,1,
139968000,P_3_3_15,sw,0,
139968000,P_8_3_15,pressure,19031300,Pa
139968000,P_8_3_15,sg,0,
139968000,P_8_3_15,so,1,
139968000,P_8_3_15,sw,0,
139968000,P_13_3_15,pressure,19002300,Pa
139968000,P_13_3_15,sg,0,
139968000,P_13_3_15,so,1,
139968000,P_13_3_15,sw,0,
139968000,P_3_8_15,pressure,19044800,Pa
139968000,P_3_8_15,sg,0,
139968000,P_3_8_15,so,1,
139968000,P_3_8_15,sw,0,
139968000,P_8_8_15,pressure,19042700,Pa
139968000,P_8_8_15,sg,0,
139968000,P_8_8_15,so,1,
139968000,P_8_8_15,sw,0,
139968000,P_13_8_15,pressure,19031300,Pa
139968000,P_13_8_15,sg,0,
139968000,P_13_8_15,so,1,
139968000,P_13_8_15,sw,0,
139968000,P_3_13_15,pressure,19055100,Pa
139968000,P_3_13_15,sg,0,
139968000,P_3_13_15,so,1,
139968000,P_3_13_15,sw,0,
139968000,P_8_13_15,pressure,19044800,Pa
139968000,P_8_13_15,sg,0,
139968000,P_8_13_15,so,1,
139968000,P_8_13_15,sw,0,
139968000,P_13_13_15,pressure,19003200,Pa
139968000,P_13_13_15,sg,0,
139968000,P_13_13_15,so,1,
139968000,P_13_13_15,sw,0,
139968000,P_3_3_14,pressure,19003400,Pa
139968000,P_3_3_14,sg,0,
139968000,P_3_3_14,so,1,
139968000,P_3_3_14,sw,0,
139968000,P_8_3_14,pressure,19035100,Pa
139968000,P_8_3_14,sg,0,
139968000,P_8_3_14,so,1,
139968000,P_8_3_14,sw,0,
139968000,P_13_3_14,pressure,19002500,Pa
139968000,P_13_3_14,sg,0,
139968000,P_13_3_14,so,1,
139968000,P_13_3_14,sw,0,
139968000,P_3_8_14,pressure,19048700,Pa
139968000,P_3_8_14,sg,0,
139968000,P_3_8_14,so,1,
139968000,P_3_8_14,sw,0,
139968000,P_8_8_14,pressure,19048400,Pa
139968000,P_8_8_14,sg,0,
139968000,P_8_8_14,so,1,
139968000,P_8_8_14,sw,0,
139968000,P_13_8_14,pressure,19035100,Pa
139968000,P_13_8_14,sg,0,
139968000,P_13_8_14,so,1,
139968000,P_13_8_14,sw,0,
139968000,P_3_13_14,pressure,19058700,Pa
139968000,P_3_13_14,sg,0,
139968000,P_3_13_14,so,1,
139968000,P_3_13_14,sw,0,
139968000,P_8_13_14,pressure,19048700,Pa
139968000,P_8_13_14,sg,0,
139968000,P_8_13_14,so,1,
139968000,P_8_13_14,sw,0,
139968000,P_13_13_14,pressure,19003400,Pa
139968000,P_13_13_14,sg,0,
139968000,P_13_13_14,so,1,
139968000,P_13_13_14,sw,0,
139968000,P_3_3_13,pressure,19003800,Pa
139968000,P_3_3_13,sg,0,
139968000,P_3_3_13,so,1,
139968000,P_3_3_13,sw,0,
139968000,P_8_3_13,pressure,19043200,Pa
139968000,P_8_3_13,sg,0,
139968000,P_8_3_13,so,1,
139968000,P_8_3_13,sw,0,
139968000,P_13_3_13,pressure,19003000,Pa
139968000,P_13_3_13,sg,0,
139968000,P_13_3_13,so,1,
139968000,P_13_3_13,sw,0,
139968000,P_3_8_13,pressure,19056800,Pa
139968000,P_3_8_13,sg,0,
139968000,P_3_8_13,so,1,
139968000,P_3_8_13,sw,0,
139968000,P_8_8_13,pressure,19062800,Pa
139968000,P_8_8_13,sg,0,
139968000,P_8_8_13,so,1,
139968000,P_8_8_13,sw,0,
139968000,P_13_8_13,pressure,19043200,Pa
139968000,P_13_8_13,sg,0,
139968000,P_13_8_13,so,1,
139968000,P_13_8_13,sw,0,
139968000,P_3_13_13,pressure,19065800,Pa
139968000,P_3_13_13,sg,0,
139968000,P_3_13_13,so,1,
139968000,P_3_13_13,sw,0,
139968000,P_8_13_13,pressure,19056800,Pa
139968000,P_8_13_13,sg,0,
139968000,P_8_13_13,so,1,
139968000,P_8_13_13,sw,0,
139968000,P_13_13_13,pressure,19003800,Pa
139968000,P_13_13_13,sg,0,
139968000,P_13_13_13,so,1,
139968000,P_13_13_13,sw,0,
142560000,P_3_3_15,pressure,19003200,Pa
142560000,P_3_3_15,sg,0,
142560000,P_3_3_15,so,1,
142560000,P_3_3_15,sw,0,
142560000,P_8_3_15,pressure,19031300,Pa
142560000,P_8_3_15,sg,0,
142560000,P_8_3_15,so,1,
142560000,P_8_3_15,sw,0,
142560000,P_13_3_15,pressure,19002300,Pa
142560000,P_13_3_15,sg,0,
142560000,P_13_3_15,so,1,
142560000,P_13_3_15,sw,0,
142560000,P_3_8_15,pressure,19044800,Pa
142560000,P_3_8_15,sg,0,
142560000,P_3_8_15,so,1,
142560000,P_3_8_15,sw,0,
142560000,P_8_8_15,pressure,19042700,Pa
142560000,P_8_8_15,sg,0,
142560000,P_8_8_15,so,1,
142560000,P_8_8_15,sw,0,
142560000,P_13_8_15,pressure,19031300,Pa
142560000,P_13_8_15,sg,0,
142560000,P_13_8_15,so,1,
142560000,P_13_8_15,sw,0,
142560000,P_3_13_15,pressure,19055100,Pa
142560000,P_3_13_15,sg,0,
142560000,P_3_13_15,so,1,
142560000,P_3_13_15,sw,0,
142560000,P_8_13_15,pressure,19044800,Pa
142560000,P_8_13_15,sg,0,
142560000,P_8_13_15,so,1,
142560000,P_8_13_15,sw,0,
142560000,P_13_13_15,pressure,19003200,Pa
142560000,P_13_13_15,sg,0,
142560000,P_13_13_15,so,1,
142560000,P_13_13_15,sw,0,
142560000,P_3_3_14,pressure,19003400,Pa
142560000,P_3_3_14,sg,0,
142560000,P_3_3_14,so,1,
142560000,P_3_3_14,sw,0,
142560000,P_8_3_14,pressure,19035100,Pa
142560000,P_8_3_14,sg,0,
142560000,P_8_3_14,so,1,
142560000,P_8_3_14,sw,0,
142560000,P_13_3_14,pressure,19002500,Pa
142560000,P_13_3_14,sg,0,
142560000,P_13_3_14,so,1,
142560000,P_13_3_14,sw,0,
142560000,P_3_8_14,pressure,19048700,Pa
142560000,P_3_8_14,sg,0,
142560000,P_3_8_14,so,1,
142560000,P_3_8_14,sw,0,
142560000,P_8_8_14,pressure,19048400,Pa
142560000,P_8_8_14,sg,0,
142560000,P_8_8_14,so,1,
142560000,P_8_8_14,sw,0,
142560000,P_13_8_14,pressure,19035100,Pa
142560000,P_13_8_14,sg,0,
142560000,P_13_8_14,so,1,
142560000,P_13_8_14,sw,0,
142560000,P_3_13_14,pressure,19058700,Pa
142560000,P_3_13_14,sg,0,
142560000,P_3_13_14,so,1,
142560000,P_3_13_14,sw,0,
142560000,P_8_13_14,pressure,19048700,Pa
142560000,P_8_13_14,sg,0,
142560000,P_8_13_14,so,1,
142560000,P_8_13_14,sw,0,
142560000,P_13_13_14,pressure,19003400,Pa
142560000,P_13_13_14,sg,0,
142560000,P_13_13_14,so,1,
142560000,P_13_13_14,sw,0,
142560000,P_3_3_13,pressure,19003800,Pa
142560000,P_3_3_13,sg,0,
142560000,P_3_3_13,so,1,
142560000,P_3_3_13,sw,0,
142560000,P_8_3_13,pressure,19043200,Pa
142560000,P_8_3_13,sg,0,
142560000,P_8_3_13,so,1,
142560000,P_8_3_13,sw,0,
142560000,P_13_3_13,pressure,19003000,Pa
142560000,P_13_3_13,sg,0,
142560000,P_13_3_13,so,1,
142560000,P_13_3_13,sw,0,
142560000,P_3_8_13,pressure,19056800,Pa
142560000,P_3_8_13,sg,0,
142560000,P_3_8_13,so,1,
142560000,P_3_8_13,sw,0,
142560000,P_8_8_13,pressure,19062800,Pa
142560000,P_8_8_13,sg,0,
142560000,P_8_8_13,so,1,
142560000,P_8_8_13,sw,0,
142560000,P_13_8_13,pressure,19043200,Pa
142560000,P_13_8_13,sg,0,
142560000,P_13_8_13,so,1,
142560000,P_13_8_13,sw,0,
142560000,P_3_13_13,pressure,19065800,Pa
142560000,P_3_13_13,sg,0,
142560000,P_3_13_13,so,1,
142560000,P_3_13_13,sw,0,
142560000,P_8_13_13,pressure,19056800,Pa
142560000,P_8_13_13,sg,0,
142560000,P_8_13_13,so,1,
142560000,P_8_13_13,sw,0,
142560000,P_13_13_13,pressure,19003800,Pa
142560000,P_13_13_13,sg,0,
142560000,P_13_13_13,so,1,
142560000,P_13_13_13,sw,0,
145152000,P_3_3_15,pressure,19003200,Pa
145152000,P_3_3_15,sg,0,
145152000,P_3_3_15,so,1,
145152000,P_3_3_15,sw,0,
145152000,P_8_3_15,pressure,19031300,Pa
145152000,P_8_3_15,sg,0,
145152000,P_8_3_15,so,1,
145152000,P_8_3_15,sw,0,
145152000,P_13_3_15,pressure,19002300,Pa
145152000,P_13_3_15,sg,0,
145152000,P_13_3_15,so,1,
145152000,P_13_3_15,sw,0,
145152000,P_3_8_15,pressure,19044800,Pa
145152000,P_3_8_15,sg,0,
145152000,P_3_8_15,so,1,
145152000,P_3_8_15,sw,0,
145152000,P_8_8_15,pressure,19042700,Pa
145152000,P_8_8_15,sg,0,
145152000,P_8_8_15,so,1,
145152000,P_8_8_15,sw,0,
145152000,P_13_8_15,pressure,19031300,Pa
145152000,P_13_8_15,sg,0,
145152000,P_13_8_15,so,1,
145152000,P_13_8_15,sw,0,
145152000,P_3_13_15,pressure,19055100,Pa
145152000,P_3_13_15,sg,0,
145152000,P_3_13_15,so,1,
145152000,P_3_13_15,sw,0,
145152000,P_8_13_15,pressure,19044800,Pa
145152000,P_8_13_15,sg,0,
145152000,P_8_13_15,so,1,
145152000,P_8_13_15,sw,0,
145152000,P_13_13_15,pressure,19003200,Pa
145152000,P_13_13_15,sg,0,
145152000,P_13_13_15,so,1,
145152000,P_13_13_15,sw,0,
145152000,P_3_3_14,pressure,19003400,Pa
145152000,P_3_3_14,sg,0,
145152000,P_3_3_14,so,1,
145152000,P_3_3_14,sw,0,
145152000,P_8_3_14,pressure,19035100,Pa
145152000,P_8_3_14,sg,0,
145152000,P_8_3_14,so,1,
145152000,P_8_3_14,sw,0,
145152000,P_13_3_14,pressure,19002500,Pa
145152000,P_13_3_14,sg,0,
145152000,P_13_3_14,so,1,
145152000,P_13_3_14,sw,0,
145152000,P_3_8_14,pressure,19048700,Pa
145152000,P_3_8_14,sg,0,
145152000,P_3_8_14,so,1,
145152000,P_3_8_14,sw,0,
145152000,P_8_8_14,pressure,19048400,Pa
145152000,P_8_8_14,sg,0,
145152000,P_8_8_14,so,1,
145152000,P_8_8_14,sw,0,
145152000,P_13_8_14,pressure,19035100,Pa
145152000,P_13_8_14,sg,0,
145152000,P_13_8_14,so,1,
145152000,P_13_8_14,sw,0,
145152000,P_3_13_14,pressure,19058700,Pa
145152000,P_3_13_14,sg,0,
145152000,P_3_13_14,so,1,
145152000,P_3_13_14,sw,0,
145152000,P_8_13_14,pressure,19048700,Pa
145152000,P_8_13_14,sg,0,
145152000,P_8_13_14,so,1,
145152000,P_8_13_14,sw,0,
145152000,P_13_13_14,pressure,19003400,Pa
145152000,P_13_13_14,sg,0,
145152000,P_13_13_14,so,1,
145152000,P_13_13_14,sw,0,
145152000,P_3_3_13,pressure,19003800,Pa
145152000,P_3_3_13,sg,0,
145152000,P_3_3_13,so,1,
145152000,P_3_3_13,sw,0,
145152000,P_8_3_13,pressure,19043200,Pa
145152000,P_8_3_13,sg,0,
145152000,P_8_3_13,so,1,
145152000,P_8_3_13,sw,0,
145152000,P_13_3_13,pressure,19003000,Pa
145152000,P_13_3_13,sg,0,
145152000,P_13_3_13,so,1,
145152000,P_13_3_13,sw,0,
145152000,P_3_8_13,pressure,19056800,Pa
145152000,P_3_8_13,sg,0,
145152000,P_3_8_13,so,1,
145152000,P_3_8_13,sw,0,
145152000,P_8_8_13,pressure,19062800,Pa
145152000,P_8_8_13,sg,0,
145152000,P_8_8_13,so,1,
145152000,P_8_8_13,sw,0,
145152000,P_13_8_13,pressure,19043200,Pa
145152000,P_13_8_13,sg,0,
145152000,P_13_8_13,so,1,
145152000,P_13_8_13,sw,0,
145152000,P_3_13_13,pressure,19065800,Pa
145152000,P_3_13_13,sg,0,
145152000,P_3_13_13,so,1,
145152000,P_3_13_13,sw,0,
145152000,P_8_13_13,pressure,19056800,Pa
145152000,P_8_13_13,sg,0,
145152000,P_8_13_13,so,1,
145152000,P_8_13_13,sw,0,
145152000,P_13_13_13,pressure,19003800,Pa
145152000,P_13_13_13,sg,0,
145152000,P_13_13_13,so,1,
145152000,P_13_13_13,sw,0,
147744000,P_3_3_15,pressure,19003200,Pa
147744000,P_3_3_15,sg,0,
147744000,P_3_3_15,so,1,
147744000,P_3_3_15,sw,0,
147744000,P_8_3_15,pressure,19031300,Pa
147744000,P_8_3_15,sg,0,
147744000,P_8_3_15,so,1,
147744000,P_8_3_15,sw,0,
147744000,P_13_3_15,pressure,19002300,Pa
147744000,P_13_3_15,sg,0,
147744000,P_13_3_15,so,1,
147744000,P_13_3_15,sw,0,
147744000,P_3_8_15,pressure,19044800,Pa
147744000,P_3_8_15,sg,0,
147744000,P_3_8_15,so,1,
147744000,P_3_8_15,sw,0,
147744000,P_8_8_15,pressure,19042700,Pa
147744000,P_8_8_15,sg,0,
147744000,P_8_8_15,so,1,
147744000,P_8_8_15,sw,0,
147744000,P_13_8_15,pressure,19031300,Pa
147744000,P_13_8_15,sg,0,
147744000,P_13_8_15,so,1,
147744000,P_13_8_15,sw,0,
147744000,P_3_13_15,pressure,19055100,Pa
147744000,P_3_13_15,sg,0,
147744000,P_3_13_15,so,1,
147744000,P_3_13_15,sw,0,
147744000,P_8_13_15,pressure,19044800,Pa
147744000,P_8_13_15,sg,0,
147744000,P_8_13_15,so,1,
147744000,P_8_13_15,sw,0,
147744000,P_13_13_15,pressure,19003200,Pa
147744000,P_13_13_15,sg,0,
147744000,P_13_13_15,so,1,
147744000,P_13_13_15,sw,0,
147744000,P_3_3_14,pressure,19003400,Pa
147744000,P_3_3_14,sg,0,
147744000,P_3_3_14,so,1,
147744000,P_3_3_14,sw,0,
147744000,P_8_3_14,pressure,19035100,Pa
147744000,P_8_3_14,sg,0,
147744000,P_8_3_14,so,1,
147744000,P_8_3_14,sw,0,
147744000,P_13_3_14,pressure,19002500,Pa
147744000,P_13_3_14,sg,0,
147744000,P_13_3_14,so,1,
147744000,P_13_3_14,sw,0,
147744000,P_3_8_14,pressure,19048700,Pa
147744000,P_3_8_14,sg,0,
147744000,P_3_8_14,so,1,
147744000,P_3_8_14,sw,0,
147744000,P_8_8_14,pressure,19048400,Pa
147744000,P_8_8_14,sg,0,
147744000,P_8_8_14,so,1,
147744000,P_8_8_14,sw,0,
147744000,P_13_8_14,pressure,19035100,Pa
147744000,P_13_8_14,sg,0,
147744000,P_13_8_14,so,1,
147744000,P_13_8_14,sw,0,
147744000,P_3_13_14,pressure,19058700,Pa
147744000,P_3_13_14,sg,0,
147744000,P_3_13_14,so,1,
147744000,P_3_13_14,sw,0,
147744000,P_8_13_14,pressure,19048700,Pa
147744000,P_8_13_14,sg,0,
147744000,P_8_13_14,so,1,
147744000,P_8_13_14,sw,0,
147744000,P_13_13_14,pressure,19003400,Pa
147744000,P_13_13_14,sg,0,
147744000,P_13_13_14,so,1,
147744000,P_13_13_14,sw,0,
147744000,P_3_3_13,pressure,19003800,Pa
147744000,P_3_3_13,sg,0,
147744000,P_3_3_13,so,1,
147744000,P_3_3_13,sw,0,
147744000,P_8_3_13,pressure,19043200,Pa
147744000,P_8_3_13,sg,0,
147744000,P_8_3_13,so,1,
147744000,P_8_3_13,sw,0,
147744000,P_13_3_13,pressure,19003000,Pa
147744000,P_13_3_13,sg,0,
147744000,P_13_3_13,so,1,
147744000,P_13_3_13,sw,0,
147744000,P_3_8_13,pressure,19056800,Pa
147744000,P_3_8_13,sg,0,
147744000,P_3_8_13,so,1,
147744000,P_3_8_13,sw,0,
147744000,P_8_8_13,pressure,19062800,Pa
147744000,P_8_8_13,sg,0,
147744000,P_8_8_13,so,1,
147744000,P_8_8_13,sw,0,
147744000,P_13_8_13,pressure,19043200,Pa
147744000,P_13_8_13,sg,0,
147744000,P_13_8_13,so,1,
147744000,P_13_8_13,sw,0,
147744000,P_3_13_13,pressure,19065800,Pa
147744000,P_3_13_13,sg,0,
147744000,P_3_13_13,so,1,
147744000,P_3_13_13,sw,0,
147744000,P_8_13_13,pressure,19056800,Pa
147744000,P_8_13_13,sg,0,
147744000,P_8_13_13,so,1,
147744000,P_8_13_13,sw,0,
147744000,P_13_13_13,pressure,19003800,Pa
147744000,P_13_13_13,sg,0,
147744000,P_13_13_13,so,1,
147744000,P_13_13_13,sw,0,
150336000,P_3_3_15,pressure,19003200,Pa
150336000,P_3_3_15,sg,0,
150336000,P_3_3_15,so,1,
150336000,P_3_3_15,sw,0,
150336000,P_8_3_15,pressure,19031300,Pa
150336000,P_8_3_15,sg,0,
150336000,P_8_3_15,so,1,
150336000,P_8_3_15,sw,0,
150336000,P_13_3_15,pressure,19002300,Pa
150336000,P_13_3_15,sg,0,
150336000,P_13_3_15,so,1,
150336000,P_13_3_15,sw,0,
150336000,P_3_8_15,pressure,19044800,Pa
150336000,P_3_8_15,sg,0,
150336000,P_3_8_15,so,1,
150336000,P_3_8_15,sw,0,
150336000,P_8_8_15,pressure,19042700,Pa
150336000,P_8_8_15,sg,0,
150336000,P_8_8_15,so,1,
150336000,P_8_8_15,sw,0,
150336000,P_13_8_15,pressure,19031300,Pa
150336000,P_13_8_15,sg,0,
150336000,P_13_8_15,so,1,
150336000,P_13_8_15,sw,0,
150336000,P_3_13_15,pressure,19055100,Pa
150336000,P_3_13_15,sg,0,
150336000,P_3_13_15,so,1,
150336000,P_3_13_15,sw,0,
150336000,P_8_13_15,pressure,19044800,Pa
150336000,P_8_13_15,sg,0,
150336000,P_8_13_15,so,1,
150336000,P_8_13_15,sw,0,
150336000,P_13_13_15,pressure,19003200,Pa
150336000,P_13_13_15,sg,0,
150336000,P_13_13_15,so,1,
150336000,P_13_13_15,sw,0,
150336000,P_3_3_14,pressure,19003400,Pa
150336000,P_3_3_14,sg,0,
150336000,P_3_3_14,so,1,
150336000,P_3_3_14,sw,0,
150336000,P_8_3_14,pressure,19035100,Pa
150336000,P_8_3_14,sg,0,
150336000,P_8_3_14,so,1,
150336000,P_8_3_14,sw,0,
150336000,P_13_3_14,pressure,19002500,Pa
150336000,P_13_3_14,sg,0,
150336000,P_13_3_14,so,1,
150336000,P_13_3_14,sw,0,
150336000,P_3_8_14,pressure,19048700,Pa
150336000,P_3_8_14,sg,0,
150336000,P_3_8_14,so,1,
150336000,P_3_8_14,sw,0,
150336000,P_8_8_14,pressure,19048400,Pa
150336000,P_8_8_14,sg,0,
150336000,P_8_8_14,so,1,
150336000,P_8_8_14,sw,0,
150336000,P_13_8_14,pressure,19035100,Pa
150336000,P_13_8_14,sg,0,
150336000,P_13_8_14,so,1,
150336000,P_13_8_14,sw,0,
150336000,P_3_13_14,pressure,19058700,Pa
150336000,P_3_13_14,sg,0,
150336000,P_3_13_14,so,1,
150336000,P_3_13_14,sw,0,
150336000,P_8_13_14,pressure,19048700,Pa
150336000,P_8_13_14,sg,0,
150336000,P_8_13_14,so,1,
150336000,P_8_13_14,sw,0,
150336000,P_13_13_14,pressure,19003400,Pa
150336000,P_13_13_14,sg,0,
150336000,P_13_13_14,so,1,
150336000,P_13_13_14,sw,0,
150336000,P_3_3_13,pressure,19003800,Pa
150336000,P_3_3_13,sg,0,
150336000,P_3_3_13,so,1,
150336000,P_3_3_13,sw,0,
150336000,P_8_3_13,pressure,19043200,Pa
150336000,P_8_3_13,sg,0,
150336000,P_8_3_13,so,1,
150336000,P_8_3_13,sw,0,
150336000,P_13_3_13,pressure,19003000,Pa
150336000,P_13_3_13,sg,0,
150336000,P_13_3_13,so,1,
150336000,P_13_3_13,sw,0,
150336000,P_3_8_13,pressure,19056800,Pa
150336000,P_3_8_13,sg,0,
150336000,P_3_8_13,so,1,
150336000,P_3_8_13,sw,0,
150336000,P_8_8_13,pressure,19062800,Pa
150336000,P_8_8_13,sg,0,
150336000,P_8_8_13,so,1,
150336000,P_8_8_13,sw,0,
150336000,P_13_8_13,pressure,19043200,Pa
150336000,P_13_8_13,sg,0,
150336000,P_13_8_13,so,1,
150336000,P_13_8_13,sw,0,
150336000,P_3_13_13,pressure,19065800,Pa
150336000,P_3_13_13,sg,0,
150336000,P_3_13_13,so,1,
150336000,P_3_13_13,sw,0,
150336000,P_8_13_13,pressure,19056800,Pa
150336000,P_8_13_13,sg,0,
150336000,P_8_13_13,so,1,
150336000,P_8_13_13,sw,0,
150336000,P_13_13_13,pressure,19003800,Pa
150336000,P_13_13_13,sg,0,
150336000,P_13_13_13,so,1,
150336000,P_13_13_13,sw,0,
152928000,P_3_3_15,pressure,19003200,Pa
152928000,P_3_3_15,sg,0,
152928000,P_3_3_15,so,1,
152928000,P_3_3_15,sw,0,
152928000,P_8_3_15,pressure,19031300,Pa
152928000,P_8_3_15,sg,0,
152928000,P_8_3_15,so,1,
152928000,P_8_3_15,sw,0,
152928000,P_13_3_15,pressure,19002300,Pa
152928000,P_13_3_15,sg,0,
152928000,P_13_3_15,so,1,
152928000,P_13_3_15,sw,0,
152928000,P_3_8_15,pressure,19044800,Pa
152928000,P_3_8_15,sg,0,
152928000,P_3_8_15,so,1,
152928000,P_3_8_15,sw,0,
152928000,P_8_8_15,pressure,19042700,Pa
152928000,P_8_8_15,sg,0,
152928000,P_8_8_15,so,1,
152928000,P_8_8_15,sw,0,
152928000,P_13_8_15,pressure,19031300,Pa
152928000,P_13_8_15,sg,0,
152928000,P_13_8_15,so,1,
152928000,P_13_8_15,sw,0,
152928000,P_3_13_15,pressure,19055100,Pa
152928000,P_3_13_15,sg,0,
152928000,P_3_13_15,so,1,
152928000,P_3_13_15,sw,0,
152928000,P_8_13_15,pressure,19044800,Pa
152928000,P_8_13_15,sg,0,
152928000,P_8_13_15,so,1,
152928000,P_8_13_15,sw,0,
152928000,P_13_13_15,pressure,19003200,Pa
152928000,P_13_13_15,sg,0,
152928000,P_13_13_15,so,1,
152928000,P_13_13_15,sw,0,
152928000,P_3_3_14,pressure,19003400,Pa
152928000,P_3_3_14,sg,0,
152928000,P_3_3_14,so,1,
152928000,P_3_3_14,sw,0,
152928000,P_8_3_14,pressure,19035100,Pa
152928000,P_8_3_14,sg,0,
152928000,P_8_3_14,so,1,
152928000,P_8_3_14,sw,0,
152928000,P_13_3_14,pressure,19002500,Pa
152928000,P_13_3_14,sg,0,
152928000,P_13_3_14,so,1,
152928000,P_13_3_14,sw,0,
152928000,P_3_8_14,pressure,19048700,Pa
152928000,P_3_8_14,sg,0,
152928000,P_3_8_14,so,1,
152928000,P_3_8_14,sw,0,
152928000,P_8_8_14,pressure,19048400,Pa
152928000,P_8_8_14,sg,0,
152928000,P_8_8_14,so,1,
152928000,P_8_8_14,sw,0,
152928000,P_13_8_14,pressure,19035100,Pa
152928000,P_13_8_14,sg,0,
152928000,P_13_8_14,so,1,
152928000,P_13_8_14,sw,0,
152928000,P_3_13_14,pressure,19058700,Pa
152928000,P_3_13_14,sg,0,
152928000,P_3_13_14,so,1,
152928000,P_3_13_14,sw,0,
152928000,P_8_13_14,pressure,19048700,Pa
152928000,P_8_13_14,sg,0,
152928000,P_8_13_14,so,1,
152928000,P_8_13_14,sw,0,
152928000,P_13_13_14,pressure,19003400,Pa
152928000,P_13_13_14,sg,0,
152928000,P_13_13_14,so,1,
152928000,P_13_13_14,sw,0,
152928000,P_3_3_13,pressure,19003800,Pa
152928000,P_3_3_13,sg,0,
152928000,P_3_3_13,so,1,
152928000,P_3_3_13,sw,0,
152928000,P_8_3_13,pressure,19043200,Pa
152928000,P_8_3_13,sg,0,
152928000,P_8_3_13,so,1,
152928000,P_8_3_13,sw,0,
152928000,P_13_3_13,pressure,19003000,Pa
152928000,P_13_3_13,sg,0,
152928000,P_13_3_13,so,1,
152928000,P_13_3_13,sw,0,
152928000,P_3_8_13,pressure,19056800,Pa
152928000,P_3_8_13,sg,0,
152928000,P_3_8_13,so,1,
152928000,P_3_8_13,sw,0,
152928000,P_8_8_13,pressure,19062800,Pa
152928000,P_8_8_13,sg,0,
152928000,P_8_8_13,so,1,
152928000,P_8_8_13,sw,0,
152928000,P_13_8_13,pressure,19043200,Pa
152928000,P_13_8_13,sg,0,
152928000,P_13_8_13,so,1,
152928000,P_13_8_13,sw,0,
152928000,P_3_13_13,pressure,19065800,Pa
152928000,P_3_13_13,sg,0,
152928000,P_3_13_13,so,1,
152928000,P_3_13_13,sw,0,
152928000,P_8_13_13,pressure,19056800,Pa
152928000,P_8_13_13,sg,0,
152928000,P_8_13_13,so,1,
152928000,P_8_13_13,sw,0,
152928000,P_13_13_13,pressure,19003800,Pa
152928000,P_13_13_13,sg,0,
152928000,P_13_13_13,so,1,
152928000,P_13_13_13,sw,0,
155520000,P_3_3_15,pressure,19003200,Pa
155520000,P_3_3_15,sg,0,
155520000,P_3_3_15,so,1,
155520000,P_3_3_15,sw,0,
155520000,P_8_3_15,pressure,19031300,Pa
155520000,P_8_3_15,sg,0,
155520000,P_8_3_15,so,1,
155520000,P_8_3_15,sw,0,
155520000,P_13_3_15,pressure,19002300,Pa
155520000,P_13_3_15,sg,0,
155520000,P_13_3_15,so,1,
155520000,P_13_3_15,sw,0,
155520000,P_3_8_15,pressure,19044800,Pa
155520000,P_3_8_15,sg,0,
155520000,P_3_8_15,so,1,
155520000,P_3_8_15,sw,0,
155520000,P_8_8_15,pressure,19042700,Pa
155520000,P_8_8_15,sg,0,
155520000,P_8_8_15,so,1,
155520000,P_8_8_15,sw,0,
155520000,P_13_8_15,pressure,19031300,Pa
155520000,P_13_8_15,sg,0,
155520000,P_13_8_15,so,1,
155520000,P_13_8_15,sw,0,
155520000,P_3_13_15,pressure,19055100,Pa
155520000,P_3_13_15,sg,0,
155520000,P_3_13_15,so,1,
155520000,P_3_13_15,sw,0,
155520000,P_8_13_15,pressure,19044800,Pa
155520000,P_8_13_15,sg,0,
155520000,P_8_13_15,so,1,
155520000,P_8_13_15,sw,0,
155520000,P_13_13_15,pressure,19003200,Pa
155520000,P_13_13_15,sg,0,
155520000,P_13_13_15,so,1,
155520000,P_13_13_15,sw,0,
155520000,P_3_3_14,pressure,19003400,Pa
155520000,P_3_3_14,sg,0,
155520000,P_3_3_14,so,1,
155520000,P_3_3_14,sw,0,
155520000,P_8_3_14,pressure,19035100,Pa
155520000,P_8_3_14,sg,0,
155520000,P_8_3_14,so,1,
155520000,P_8_3_14,sw,0,
155520000,P_13_3_14,pressure,19002500,Pa
155520000,P_13_3_14,sg,0,
155520000,P_13_3_14,so,1,
155520000,P_13_3_14,sw,0,
155520000,P_3_8_14,pressure,19048700,Pa
155520000,P_3_8_14,sg,0,
155520000,P_3_8_14,so,1,
155520000,P_3_8_14,sw,0,
155520000,P_8_8_14,pressure,19048400,Pa
155520000,P_8_8_14,sg,0,
155520000,P_8_8_14,so,1,
155520000,P_8_8_14,sw,0,
155520000,P_13_8_14,pressure,19035100,Pa
155520000,P_13_8_14,sg,0,
155520000,P_13_8_14,so,1,
155520000,P_13_8_14,sw,0,
155520000,P_3_13_14,pressure,19058700,Pa
155520000,P_3_13_14,sg,0,
155520000,P_3_13_14,so,1,
155520000,P_3_13_14,sw,0,
155520000,P_8_13_14,pressure,19048700,Pa
155520000,P_8_13_14,sg,0,
155520000,P_8_13_14,so,1,
155520000,P_8_13_14,sw,0,
155520000,P_13_13_14,pressure,19003400,Pa
155520000,P_13_13_14,sg,0,
155520000,P_13_13_14,so,1,
155520000,P_13_13_14,sw,0,
155520000,P_3_3_13,pressure,19003800,Pa
155520000,P_3_3_13,sg,0,
155520000,P_3_3_13,so,1,
155520000,P_3_3_13,sw,0,
155520000,P_8_3_13,pressure,19043200,Pa
155520000,P_8_3_13,sg,0,
155520000,P_8_3_13,so,1,
155520000,P_8_3_13,sw,0,
155520000,P_13_3_13,pressure,19003000,Pa
155520000,P_13_3_13,sg,0,
155520000,P_13_3_13,so,1,
155520000,P_13_3_13,sw,0,
155520000,P_3_8_13,pressure,19056800,Pa
155520000,P_3_8_13,sg,0,
155520000,P_3_8_13,so,1,
155520000,P_3_8_13,sw,0,
155520000,P_8_8_13,pressure,19062800,Pa
155520000,P_8_8_13,sg,0,
155520000,P_8_8_13,so,1,
155520000,P_8_8_13,sw,0,
155520000,P_13_8_13,pressure,19043200,Pa
155520000,P_13_8_13,sg,0,
155520000,P_13_8_13,so,1,
155520000,P_13_8_13,sw,0,
155520000,P_3_13_13,pressure,19065800,Pa
155520000,P_3_13_13,sg,0,
155520000,P_3_13_13,so,1,
155520000,P_3_13_13,sw,0,
155520000,P_8_13_13,pressure,19056800,Pa
155520000,P_8_13_13,sg,0,
155520000,P_8_13_13,so,1,
155520000,P_8_13_13,sw,0,
155520000,P_13_13_13,pressure,19003800,Pa
155520000,P_13_13_13,sg,0,
155520000,P_13_13_13,so,1,
155520000,P_13_13_13,sw,0,
158112000,P_3_3_15,pressure,19003200,Pa
158112000,P_3_3_15,sg,0,
158112000,P_3_3_15,so,1,
158112000,P_3_3_15,sw,0,
158112000,P_8_3_15,pressure,19031300,Pa
158112000,P_8_3_15,sg,0,
158112000,P_8_3_15,so,1,
158112000,P_8_3_15,sw,0,
158112000,P_13_3_15,pressure,19002300,Pa
158112000,P_13_3_15,sg,0,
158112000,P_13_3_15,so,1,
158112000,P_13_3_15,sw,0,
158112000,P_3_8_15,pressure,19044800,Pa
158112000,P_3_8_15,sg,0,
158112000,P_3_8_15,so,1,
158112000,P_3_8_15,sw,0,
158112000,P_8_8_15,pressure,19042700,Pa
158112000,P_8_8_15,sg,0,
158112000,P_8_8_15,so,1,
158112000,P_8_8_15,sw,0,
158112000,P_13_8_15,pressure,19031300,Pa
158112000,P_13_8_15,sg,0,
158112000,P_13_8_15,so,1,
158112000,P_13_8_15,sw,0,
158112000,P_3_13_15,pressure,19055100,Pa
158112000,P_3_13_15,sg,0,
158112000,P_3_13_15,so,1,
158112000,P_3_13_15,sw,0,
158112000,P_8_13_15,pressure,19044800,Pa
158112000,P_8_13_15,sg,0,
158112000,P_8_13_15,so,1,
158112000,P_8_13_15,sw,0,
158112000,P_13_13_15,pressure,19003200,Pa
158112000,P_13_13_15,sg,0,
158112000,P_13_13_15,so,1,
158112000,P_13_13_15,sw,0,
158112000,P_3_3_14,pressure,19003400,Pa
158112000,P_3_3_14,sg,0,
158112000,P_3_3_14,so,1,
158112000,P_3_3_14,sw,0,
158112000,P_8_3_14,pressure,19035100,Pa
158112000,P_8_3_14,sg,0,
158112000,P_8_3_14,so,1,
158112000,P_8_3_14,sw,0,
158112000,P_13_3_14,pressure,19002500,Pa
158112000,P_13_3_14,sg,0,
158112000,P_13_3_14,so,1,
158112000,P_13_3_14,sw,0,
158112000,P_3_8_14,pressure,19048700,Pa
158112000,P_3_8_14,sg,0,
158112000,P_3_8_14,so,1,
158112000,P_3_8_14,sw,0,
158112000,P_8_8_14,pressure,19048400,Pa
158112000,P_8_8_14,sg,0,
158112000,P_8_8_14,so,1,
158112000,P_8_8_14,sw,0,
158112000,P_13_8_14,pressure,19035100,Pa
158112000,P_13_8_14,sg,0,
158112000,P_13_8_14,so,1,
158112000,P_13_8_14,sw,0,
158112000,P_3_13_14,pressure,19058700,Pa
158112000,P_3_13_14,sg,0,
158112000,P_3_13_14,so,1,
158112000,P_3_13_14,sw,0,
158112000,P_8_13_14,pressure,19048700,Pa
158112000,P_8_13_14,sg,0,
158112000,P_8_13_14,so,1,
158112000,P_8_13_14,sw,0,
158112000,P_13_13_14,pressure,19003400,Pa
158112000,P_13_13_14,sg,0,
158112000,P_13_13_14,so,1,
158112000,P_13_13_14,sw,0,
158112000,P_3_3_13,pressure,19003800,Pa
158112000,P_3_3_13,sg,0,
158112000,P_3_3_13,so,1,
158112000,P_3_3_13,sw,0,
158112000,P_8_3_13,pressure,19043200,Pa
158112000,P_8_3_13,sg,0,
158112000,P_8_3_13,so,1,
158112000,P_8_3_13,sw,0,
158112000,P_13_3_13,pressure,19003000,Pa
158112000,P_13_3_13,sg,0,
158112000,P_13_3_13,so,1,
158112000,P_13_3_13,sw,0,
158112000,P_3_8_13,pressure,19056800,Pa
158112000,P_3_8_13,sg,0,
158112000,P_3_8_13,so,1,
158112000,P_3_8_13,sw,0,
158112000,P_8_8_13,pressure,19062800,Pa
158112000,P_8_8_13,sg,0,
158112000,P_8_8_13,so,1,
158112000,P_8_8_13,sw,0,
158112000,P_13_8_13,pressure,19043200,Pa
158112000,P_13_8_13,sg,0,
158112000,P_13_8_13,so,1,
158112000,P_13_8_13,sw,0,
158112000,P_3_13_13,pressure,19065800,Pa
158112000,P_3_13_13,sg,0,
158112000,P_3_13_13,so,1,
158112000,P_3_13_13,sw,0,
158112000,P_8_13_13,pressure,19056800,Pa
158112000,P_8_13_13,sg,0,
158112000,P_8_13_13,so,1,
158112000,P_8_13_13,sw,0,
158112000,P_13_13_13,pressure,19003800,Pa
158112000,P_13_13_13,sg,0,
158112000,P_13_13_13,so,1,
158112000,P_13_13_13,sw,0,
160704000,P_3_3_15,pressure,19003200,Pa
160704000,P_3_3_15,sg,0,
160704000,P_3_3_15,so,1,
160704000,P_3_3_15,sw,0,
160704000,P_8_3_15,pressure,19031300,Pa
160704000,P_8_3_15,sg,0,
160704000,P_8_3_15,so,1,
160704000,P_8_3_15,sw,0,
160704000,P_13_3_15,pressure,19002300,Pa
160704000,P_13_3_15,sg,0,
160704000,P_13_3_15,so,1,
160704000,P_13_3_15,sw,0,
160704000,P_3_8_15,pressure,19044800,Pa
160704000,P_3_8_15,sg,0,
160704000,P_3_8_15,so,1,
160704000,P_3_8_15,sw,0,
160704000,P_8_8_15,pressure,19042700,Pa
160704000,P_8_8_15,sg,0,
160704000,P_8_8_15,so,1,
160704000,P_8_8_15,sw,0,
160704000,P_13_8_15,pressure,19031300,Pa
160704000,P_13_8_15,sg,0,
160704000,P_13_8_15,so,1,
160704000,P_13_8_15,sw,0,
160704000,P_3_13_15,pressure,19055100,Pa
160704000,P_3_13_15,sg,0,
160704000,P_3_13_15,so,1,
160704000,P_3_13_15,sw,0,
160704000,P_8_13_15,pressure,19044800,Pa
160704000,P_8_13_15,sg,0,
160704000,P_8_13_15,so,1,
160704000,P_8_13_15,sw,0,
160704000,P_13_13_15,pressure,19003200,Pa
160704000,P_13_13_15,sg,0,
160704000,P_13_13_15,so,1,
160704000,P_13_13_15,sw,0,
160704000,P_3_3_14,pressure,19003400,Pa
160704000,P_3_3_14,sg,0,
160704000,P_3_3_14,so,1,
160704000,P_3_3_14,sw,0,
160704000,P_8_3_14,pressure,19035100,Pa
160704000,P_8_3_14,sg,0,
160704000,P_8_3_14,so,1,
160704000,P_8_3_14,sw,0,
160704000,P_13_3_14,pressure,19002500,Pa
160704000,P_13_3_14,sg,0,
160704000,P_13_3_14,so,1,
160704000,P_13_3_14,sw,0,
160704000,P_3_8_14,pressure,19048700,Pa
160704000,P_3_8_14,sg,0,
160704000,P_3_8_14,so,1,
160704000,P_3_8_14,sw,0,
160704000,P_8_8_14,pressure,19048400,Pa
160704000,P_8_8_14,sg,0,
160704000,P_8_8_14,so,1,
160704000,P_8_8_14,sw,0,
160704000,P_13_8_14,pressure,19035100,Pa
160704000,P_13_8_14,sg,0,
160704000,P_13_8_14,so,1,
160704000,P_13_8_14,sw,0,
160704000,P_3_13_14,pressure,19058700,Pa
160704000,P_3_13_14,sg,0,
160704000,P_3_13_14,so,1,
160704000,P_3_13_14,sw,0,
160704000,P_8_13_14,pressure,19048700,Pa
160704000,P_8_13_14,sg,0,
160704000,P_8_13_14,so,1,
160704000,P_8_13_14,sw,0,
160704000,P_13_13_14,pressure,19003400,Pa
160704000,P_13_13_14,sg,0,
160704000,P_13_13_14,so,1,
160704000,P_13_13_14,sw,0,
160704000,P_3_3_13,pressure,19003800,Pa
160704000,P_3_3_13,sg,0,
160704000,P_3_3_13,so,1,
160704000,P_3_3_13,sw,0,
160704000,P_8_3_13,pressure,19043200,Pa
160704000,P_8_3_13,sg,0,
160704000,P_8_3_13,so,1,
160704000,P_8_3_13,sw,0,
160704000,P_13_3_13,pressure,19003000,Pa
160704000,P_13_3_13,sg,0,
160704000,P_13_3_13,so,1,
160704000,P_13_3_13,sw,0,
160704000,P_3_8_13,pressure,19056800,Pa
160704000,P_3_8_13,sg,0,
160704000,P_3_8_13,so,1,
160704000,P_3_8_13,sw,0,
160704000,P_8_8_13,pressure,19062800,Pa
160704000,P_8_8_13,sg,0,
160704000,P_8_8_13,so,1,
160704000,P_8_8_13,sw,0,
160704000,P_13_8_13,pressure,19043200,Pa
160704000,P_13_8_13,sg,0,
160704000,P_13_8_13,so,1,
160704000,P_13_8_13,sw,0,
160704000,P_3_13_13,pressure,19065800,Pa
160704000,P_3_13_13,sg,0,
160704000,P_3_13_13,so,1,
160704000,P_3_13_13,sw,0,
160704000,P_8_13_13,pressure,19056800,Pa
160704000,P_8_13_13,sg,0,
160704000,P_8_13_13,so,1,
160704000,P_8_13_13,sw,0,
160704000,P_13_13_13,pressure,19003800,Pa
160704000,P_13_13_13,sg,0,
160704000,P_13_13_13,so,1,
160704000,P_13_13_13,sw,0,
163296000,P_3_3_15,pressure,19003200,Pa
163296000,P_3_3_15,sg,0,
163296000,P_3_3_15,so,1,
163296000,P_3_3_15,sw,0,
163296000,P_8_3_15,pressure,19031300,Pa
163296000,P_8_3_15,sg,0,
163296000,P_8_3_15,so,1,
163296000,P_8_3_15,sw,0,
163296000,P_13_3_15,pressure,19002300,Pa
163296000,P_13_3_15,sg,0,
163296000,P_13_3_15,so,1,
163296000,P_13_3_15,sw,0,
163296000,P_3_8_15,pressure,19044800,Pa
163296000,P_3_8_15,sg,0,
163296000,P_3_8_15,so,1,
163296000,P_3_8_15,sw,0,
163296000,P_8_8_15,pressure,19042700,Pa
163296000,P_8_8_15,sg,0,
163296000,P_8_8_15,so,1,
163296000,P_8_8_15,sw,0,
163296000,P_13_8_15,pressure,19031300,Pa
163296000,P_13_8_15,sg,0,
163296000,P_13_8_15,so,1,
163296000,P_13_8_15,sw,0,
163296000,P_3_13_15,pressure,19055100,Pa
163296000,P_3_13_15,sg,0,
163296000,P_3_13_15,so,1,
163296000,P_3_13_15,sw,0,
163296000,P_8_13_15,pressure,19044800,Pa
163296000,P_8_13_15,sg,0,
163296000,P_8_13_15,so,1,
163296000,P_8_13_15,sw,0,
163296000,P_13_13_15,pressure,19003200,Pa
163296000,P_13_13_15,sg,0,
163296000,P_13_13_15,so,1,
163296000,P_13_13_15,sw,0,
163296000,P_3_3_14,pressure,19003400,Pa
163296000,P_3_3_14,sg,0,
163296000,P_3_3_14,so,1,
163296000,P_3_3_14,sw,0,
163296000,P_8_3_14,pressure,19035100,Pa
163296000,P_8_3_14,sg,0,
163296000,P_8_3_14,so,1,
163296000,P_8_3_14,sw,0,
163296000,P_13_3_14,pressure,19002500,Pa
163296000,P_13_3_14,sg,0,
163296000,P_13_3_14,so,1,
163296000,P_13_3_14,sw,0,
163296000,P_3_8_14,pressure,19048700,Pa
163296000,P_3_8_14,sg,0,
163296000,P_3_8_14,so,1,
163296000,P_3_8_14,sw,0,
163296000,P_8_8_14,pressure,19048400,Pa
163296000,P_8_8_14,sg,0,
163296000,P_8_8_14,so,1,
163296000,P_8_8_14,sw,0,
163296000,P_13_8_14,pressure,19035100,Pa
163296000,P_13_8_14,sg,0,
163296000,P_13_8_14,so,1,
163296000,P_13_8_14,sw,0,
163296000,P_3_13_14,pressure,19058700,Pa
163296000,P_3_13_14,sg,0,
163296000,P_3_13_14,so,1,
163296000,P_3_13_14,sw,0,
163296000,P_8_13_14,pressure,19048700,Pa
163296000,P_8_13_14,sg,0,
163296000,P_8_13_14,so,1,
163296000,P_8_13_14,sw,0,
163296000,P_13_13_14,pressure,19003400,Pa
163296000,P_13_13_14,sg,0,
163296000,P_13_13_14,so,1,
163296000,P_13_13_14,sw,0,
163296000,P_3_3_13,pressure,19003800,Pa
163296000,P_3_3_13,sg,0,
163296000,P_3_3_13,so,1,
163296000,P_3_3_13,sw,0,
163296000,P_8_3_13,pressure,19043200,Pa
163296000,P_8_3_13,sg,0,
163296000,P_8_3_13,so,1,
163296000,P_8_3_13,sw,0,
163296000,P_13_3_13,pressure,19003000,Pa
163296000,P_13_3_13,sg,0,
163296000,P_13_3_13,so,1,
163296000,P_13_3_13,sw,0,
163296000,P_3_8_13,pressure,19056800,Pa
163296000,P_3_8_13,sg,0,
163296000,P_3_8_13,so,1,
163296000,P_3_8_13,sw,0,
163296000,P_8_8_13,pressure,19062800,Pa
163296000,P_8_8_13,sg,0,
163296000,P_8_8_13,so,1,
163296000,P_8_8_13,sw,0,
163296000,P_13_8_13,pressure,19043200,Pa
163296000,P_13_8_13,sg,0,
163296000,P_13_8_13,so,1,
163296000,P_13_8_13,sw,0,
163296000,P_3_13_13,pressure,19065800,Pa
163296000,P_3_13_13,sg,0,
163296000,P_3_13_13,so,1,
163296000,P_3_13_13,sw,0,
163296000,P_8_13_13,pressure,19056800,Pa
163296000,P_8_13_13,sg,0,
163296000,P_8_13_13,so,1,
163296000,P_8_13_13,sw,0,
163296000,P_13_13_13,pressure,19003800,Pa
163296000,P_13_13_13,sg,0,
163296000,P_13_13_13,so,1,
163296000,P_13_13_13,sw,0,
165888000,P_3_3_15,pressure,19003200,Pa
165888000,P_3_3_15,sg,0,
165888000,P_3_3_15,so,1,
165888000,P_3_3_15,sw,0,
165888000,P_8_3_15,pressure,19031300,Pa
165888000,P_8_3_15,sg,0,
165888000,P_8_3_15,so,1,
165888000,P_8_3_15,sw,0,
165888000,P_13_3_15,pressure,19002300,Pa
165888000,P_13_3_15,sg,0,
165888000,P_13_3_15,so,1,
165888000,P_13_3_15,sw,0,
165888000,P_3_8_15,pressure,19044800,Pa
165888000,P_3_8_15,sg,0,
165888000,P_3_8_15,so,1,
165888000,P_3_8_15,sw,0,
165888000,P_8_8_15,pressure,19042700,Pa
165888000,P_8_8_15,sg,0,
165888000,P_8_8_15,so,1,
165888000,P_8_8_15,sw,0,
165888000,P_13_8_15,pressure,19031300,Pa
165888000,P_13_8_15,sg,0,
165888000,P_13_8_15,so,1,
165888000,P_13_8_15,sw,0,
165888000,P_3_13_15,pressure,19055100,Pa
165888000,P_3_13_15,sg,0,
165888000,P_3_13_15,so,1,
165888000,P_3_13_15,sw,0,
165888000,P_8_13_15,pressure,19044800,Pa
165888000,P_8_13_15,sg,0,
165888000,P_8_13_15,so,1,
165888000,P_8_13_15,sw,0,
165888000,P_13_13_15,pressure,19003200,Pa
165888000,P_13_13_15,sg,0,
165888000,P_13_13_15,so,1,
165888000,P_13_13_15,sw,0,
165888000,P_3_3_14,pressure,19003400,Pa
165888000,P_3_3_14,sg,0,
165888000,P_3_3_14,so,1,
165888000,P_3_3_14,sw,0,
165888000,P_8_3_14,pressure,19035100,Pa
165888000,P_8_3_14,sg,0,
165888000,P_8_3_14,so,1,
165888000,P_8_3_14,sw,0,
165888000,P_13_3_14,pressure,19002500,Pa
165888000,P_13_3_14,sg,0,
165888000,P_13_3_14,so,1,
165888000,P_13_3_14,sw,0,
165888000,P_3_8_14,pressure,19048700,Pa
165888000,P_3_8_14,sg,0,
165888000,P_3_8_14,so,1,
165888000,P_3_8_14,sw,0,
165888000,P_8_8_14,pressure,19048400,Pa
165888000,P_8_8_14,sg,0,
165888000,P_8_8_14,so,1,
165888000,P_8_8_14,sw,0,
165888000,P_13_8_14,pressure,19035100,Pa
165888000,P_13_8_14,sg,0,
165888000,P_13_8_14,so,1,
165888000,P_13_8_14,sw,0,
165888000,P_3_13_14,pressure,19058700,Pa
165888000,P_3_13_14,sg,0,
165888000,P_3_13_14,so,1,
165888000,P_3_13_14,sw,0,
165888000,P_8_13_14,pressure,19048700,Pa
165888000,P_8_13_14,sg,0,
165888000,P_8_13_14,so,1,
165888000,P_8_13_14,sw,0,
165888000,P_13_13_14,pressure,19003400,Pa
165888000,P_13_13_14,sg,0,
165888000,P_13_13_14,so,1,
165888000,P_13_13_14,sw,0,
165888000,P_3_3_13,pressure,19003800,Pa
165888000,P_3_3_13,sg,0,
165888000,P_3_3_13,so,1,
165888000,P_3_3_13,sw,0,
165888000,P_8_3_13,pressure,19043200,Pa
165888000,P_8_3_13,sg,0,
165888000,P_8_3_13,so,1,
165888000,P_8_3_13,sw,0,
165888000,P_13_3_13,pressure,19003000,Pa
165888000,P_13_3_13,sg,0,
165888000,P_13_3_13,so,1,
165888000,P_13_3_13,sw,0,
165888000,P_3_8_13,pressure,19056800,Pa
165888000,P_3_8_13,sg,0,
165888000,P_3_8_13,so,1,
165888000,P_3_8_13,sw,0,
165888000,P_8_8_13,pressure,19062800,Pa
165888000,P_8_8_13,sg,0,
165888000,P_8_8_13,so,1,
165888000,P_8_8_13,sw,0,
165888000,P_13_8_13,pressure,19043200,Pa
165888000,P_13_8_13,sg,0,
165888000,P_13_8_13,so,1,
165888000,P_13_8_13,sw,0,
165888000,P_3_13_13,pressure,19065800,Pa
165888000,P_3_13_13,sg,0,
165888000,P_3_13_13,so,1,
165888000,P_3_13_13,sw,0,
165888000,P_8_13_13,pressure,19056800,Pa
165888000,P_8_13_13,sg,0,
165888000,P_8_13_13,so,1,
165888000,P_8_13_13,sw,0,
165888000,P_13_13_13,pressure,19003800,Pa
165888000,P_13_13_13,sg,0,
165888000,P_13_13_13,so,1,
165888000,P_13_13_13,sw,0,
168480000,P_3_3_15,pressure,19003200,Pa
168480000,P_3_3_15,sg,0,
168480000,P_3_3_15,so,1,
168480000,P_3_3_15,sw,0,
168480000,P_8_3_15,pressure,19031300,Pa
168480000,P_8_3_15,sg,0,
168480000,P_8_3_15,so,1,
168480000,P_8_3_15,sw,0,
168480000,P_13_3_15,pressure,19002300,Pa
168480000,P_13_3_15,sg,0,
168480000,P_13_3_15,so,1,
168480000,P_13_3_15,sw,0,
168480000,P_3_8_15,pressure,19044800,Pa
168480000,P_3_8_15,sg,0,
168480000,P_3_8_15,so,1,
168480000,P_3_8_15,sw,0,
168480000,P_8_8_15,pressure,19042700,Pa
168480000,P_8_8_15,sg,0,
168480000,P_8_8_15,so,1,
168480000,P_8_8_15,sw,0,
168480000,P_13_8_15,pressure,19031300,Pa
168480000,P_13_8_15,sg,0,
168480000,P_13_8_15,so,1,
168480000,P_13_8_15,sw,0,
168480000,P_3_13_15,pressure,19055100,Pa
168480000,P_3_13_15,sg,0,
168480000,P_3_13_15,so,1,
168480000,P_3_13_15,sw,0,
168480000,P_8_13_15,pressure,19044800,Pa
168480000,P_8_13_15,sg,0,
168480000,P_8_13_15,so,1,
168480000,P_8_13_15,sw,0,
168480000,P_13_13_15,pressure,19003200,Pa
168480000,P_13_13_15,sg,0,
168480000,P_13_13_15,so,1,
168480000,P_13_13_15,sw,0,
168480000,P_3_3_14,pressure,19003400,Pa
168480000,P_3_3_14,sg,0,
168480000,P_3_3_14,so,1,
168480000,P_3_3_14,sw,0,
168480000,P_8_3_14,pressure,19035100,Pa
168480000,P_8_3_14,sg,0,
168480000,P_8_3_14,so,1,
168480000,P_8_3_14,sw,0,
168480000,P_13_3_14,pressure,19002500,Pa
168480000,P_13_3_14,sg,0,
168480000,P_13_3_14,so,1,
168480000,P_13_3_14,sw,0,
168480000,P_3_8_14,pressure,19048700,Pa
168480000,P_3_8_14,sg,0,
168480000,P_3_8_14,so,1,
168480000,P_3_8_14,sw,0,
168480000,P_8_8_14,pressure,19048400,Pa
168480000,P_8_8_14,sg,0,
168480000,P_8_8_14,so,1,
168480000,P_8_8_14,sw,0,
168480000,P_13_8_14,pressure,19035100,Pa
168480000,P_13_8_14,sg,0,
168480000,P_13_8_14,so,1,
168480000,P_13_8_14,sw,0,
168480000,P_3_13_14,pressure,19058700,Pa
168480000,P_3_13_14,sg,0,
168480000,P_3_13_14,so,1,
168480000,P_3_13_14,sw,0,
168480000,P_8_13_14,pressure,19048700,Pa
168480000,P_8_13_14,sg,0,
168480000,P_8_13_14,so,1,
168480000,P_8_13_14,sw,0,
168480000,P_13_13_14,pressure,19003400,Pa
168480000,P_13_13_14,sg,0,
168480000,P_13_13_14,so,1,
168480000,P_13_13_14,sw,0,
168480000,P_3_3_13,pressure,19003800,Pa
168480000,P_3_3_13,sg,0,
168480000,P_3_3_13,so,1,
168480000,P_3_3_13,sw,0,
168480000,P_8_3_13,pressure,19043200,Pa
168480000,P_8_3_13,sg,0,
168480000,P_8_3_13,so,1,
168480000,P_8_3_13,sw,0,
168480000,P_13_3_13,pressure,19003000,Pa
168480000,P_13_3_13,sg,0,
168480000,P_13_3_13,so,1,
168480000,P_13_3_13,sw,0,
168480000,P_3_8_13,pressure,19056800,Pa
168480000,P_3_8_13,sg,0,
168480000,P_3_8_13,so,1,
168480000,P_3_8_13,sw,0,
168480000,P_8_8_13,pressure,19062800,Pa
168480000,P_8_8_13,sg,0,
168480000,P_8_8_13,so,1,
168480000,P_8_8_13,sw,0,
168480000,P_13_8_13,pressure,19043200,Pa
168480000,P_13_8_13,sg,0,
168480000,P_13_8_13,so,1,
168480000,P_13_8_13,sw,0,
168480000,P_3_13_13,pressure,19065800,Pa
168480000,P_3_13_13,sg,0,
168480000,P_3_13_13,so,1,
168480000,P_3_13_13,sw,0,
168480000,P_8_13_13,pressure,19056800,Pa
168480000,P_8_13_13,sg,0,
168480000,P_8_13_13,so,1,
168480000,P_8_13_13,sw,0,
168480000,P_13_13_13,pressure,19003800,Pa
168480000,P_13_13_13,sg,0,
168480000,P_13_13_13,so,1,
168480000,P_13_13_13,sw,0,
171072000,P_3_3_15,pressure,19003200,Pa
171072000,P_3_3_15,sg,0,
171072000,P_3_3_15,so,1,
171072000,P_3_3_15,sw,0,
171072000,P_8_3_15,pressure,19031300,Pa
171072000,P_8_3_15,sg,0,
171072000,P_8_3_15,so,1,
171072000,P_8_3_15,sw,0,
171072000,P_13_3_15,pressure,19002300,Pa
171072000,P_13_3_15,sg,0,
171072000,P_13_3_15,so,1,
171072000,P_13_3_15,sw,0,
171072000,P_3_8_15,pressure,19044800,Pa
171072000,P_3_8_15,sg,0,
171072000,P_3_8_15,so,1,
171072000,P_3_8_15,sw,0,
171072000,P_8_8_15,pressure,19042700,Pa
171072000,P_8_8_15,sg,0,
171072000,P_8_8_15,so,1,
171072000,P_8_8_15,sw,0,
171072000,P_13_8_15,pressure,19031300,Pa
171072000,P_13_8_15,sg,0,
171072000,P_13_8_15,so,1,
171072000,P_13_8_15,sw,0,
171072000,P_3_13_15,pressure,19055100,Pa
171072000,P_3_13_15,sg,0,
171072000,P_3_13_15,so,1,
171072000,P_3_13_15,sw,0,
171072000,P_8_13_15,pressure,19044800,Pa
171072000,P_8_13_15,sg,0,
171072000,P_8_13_15,so,1,
171072000,P_8_13_15,sw,0,
171072000,P_13_13_15,pressure,19003200,Pa
171072000,P_13_13_15,sg,0,
171072000,P_13_13_15,so,1,
171072000,P_13_13_15,sw,0,
171072000,P_3_3_14,pressure,19003400,Pa
171072000,P_3_3_14,sg,0,
171072000,P_3_3_14,so,1,
171072000,P_3_3_14,sw,0,
171072000,P_8_3_14,pressure,19035100,Pa
171072000,P_8_3_14,sg,0,
171072000,P_8_3_14,so,1,
171072000,P_8_3_14,sw,0,
171072000,P_13_3_14,pressure,19002500,Pa
171072000,P_13_3_14,sg,0,
171072000,P_13_3_14,so,1,
171072000,P_13_3_14,sw,0,
171072000,P_3_8_14,pressure,19048700,Pa
171072000,P_3_8_14,sg,0,
171072000,P_3_8_14,so,1,
171072000,P_3_8_14,sw,0,
171072000,P_8_8_14,pressure,19048400,Pa
171072000,P_8_8_14,sg,0,
171072000,P_8_8_14,so,1,
171072000,P_8_8_14,sw,0,
171072000,P_13_8_14,pressure,19035100,Pa
171072000,P_13_8_14,sg,0,
171072000,P_13_8_14,so,1,
171072000,P_13_8_14,sw,0,
171072000,P_3_13_14,pressure,19058700,Pa
171072000,P_3_13_14,sg,0,
171072000,P_3_13_14,so,1,
171072000,P_3_13_14,sw,0,
171072000,P_8_13_14,pressure,19048700,Pa
171072000,P_8_13_14,sg,0,
171072000,P_8_13_14,so,1,
171072000,P_8_13_14,sw,0,
171072000,P_13_13_14,pressure,19003400,Pa
171072000,P_13_13_14,sg,0,
171072000,P_13_13_14,so,1,
171072000,P_13_13_14,sw,0,
171072000,P_3_3_13,pressure,19003800,Pa
171072000,P_3_3_13,sg,0,
171072000,P_3_3_13,so,1,
171072000,P_3_3_13,sw,0,
171072000,P_8_3_13,pressure,19043200,Pa
171072000,P_8_3_13,sg,0,
171072000,P_8_3_13,so,1,
171072000,P_8_3_13,sw,0,
171072000,P_13_3_13,pressure,19003000,Pa
171072000,P_13_3_13,sg,0,
171072000,P_13_3_13,so,1,
171072000,P_13_3_13,sw,0,
171072000,P_3_8_13,pressure,19056800,Pa
171072000,P_3_8_13,sg,0,
171072000,P_3_8_13,so,1,
171072000,P_3_8_13,sw,0,
171072000,P_8_8_13,pressure,19062800,Pa
171072000,P_8_8_13,sg,0,
171072000,P_8_8_13,so,1,
171072000,P_8_8_13,sw,0,
171072000,P_13_8_13,pressure,19043200,Pa
171072000,P_13_8_13,sg,0,
171072000,P_13_8_13,so,1,
171072000,P_13_8_13,sw,0,
171072000,P_3_13_13,pressure,19065800,Pa
171072000,P_3_13_13,sg,0,
171072000,P_3_13_13,so,1,
171072000,P_3_13_13,sw,0,
171072000,P_8_13_13,pressure,19056800,Pa
171072000,P_8_13_13,sg,0,
171072000,P_8_13_13,so,1,
171072000,P_8_13_13,sw,0,
171072000,P_13_13_13,pressure,19003800,Pa
171072000,P_13_13_13,sg,0,
171072000,P_13_13_13,so,1,
171072000,P_13_13_13,sw,0,
173664000,P_3_3_15,pressure,19003200,Pa
173664000,P_3_3_15,sg,0,
173664000,P_3_3_15,so,1,
173664000,P_3_3_15,sw,0,
173664000,P_8_3_15,pressure,19031300,Pa
173664000,P_8_3_15,sg,0,
173664000,P_8_3_15,so,1,
173664000,P_8_3_15,sw,0,
173664000,P_13_3_15,pressure,19002300,Pa
173664000,P_13_3_15,sg,0,
173664000,P_13_3_15,so,1,
173664000,P_13_3_15,sw,0,
173664000,P_3_8_15,pressure,19044800,Pa
173664000,P_3_8_15,sg,0,
173664000,P_3_8_15,so,1,
173664000,P_3_8_15,sw,0,
173664000,P_8_8_15,pressure,19042700,Pa
173664000,P_8_8_15,sg,0,
173664000,P_8_8_15,so,1,
173664000,P_8_8_15,sw,0,
173664000,P_13_8_15,pressure,19031300,Pa
173664000,P_13_8_15,sg,0,
173664000,P_13_8_15,so,1,
173664000,P_13_8_15,sw,0,
173664000,P_3_13_15,pressure,19055100,Pa
173664000,P_3_13_15,sg,0,
173664000,P_3_13_15,so,1,
173664000,P_3_13_15,sw,0,
173664000,P_8_13_15,pressure,19044800,Pa
173664000,P_8_13_15,sg,0,
173664000,P_8_13_15,so,1,
173664000,P_8_13_15,sw,0,
173664000,P_13_13_15,pressure,19003200,Pa
173664000,P_13_13_15,sg,0,
173664000,P_13_13_15,so,1,
173664000,P_13_13_15,sw,0,
173664000,P_3_3_14,pressure,19003400,Pa
173664000,P_3_3_14,sg,0,
173664000,P_3_3_14,so,1,
173664000,P_3_3_14,sw,0,
173664000,P_8_3_14,pressure,19035100,Pa
173664000,P_8_3_14,sg,0,
173664000,P_8_3_14,so,1,
173664000,P_8_3_14,sw,0,
173664000,P_13_3_14,pressure,19002500,Pa
173664000,P_13_3_14,sg,0,
173664000,P_13_3_14,so,1,
173664000,P_13_3_14,sw,0,
173664000,P_3_8_14,pressure,19048700,Pa
173664000,P_3_8_14,sg,0,
173664000,P_3_8_14,so,1,
173664000,P_3_8_14,sw,0,
173664000,P_8_8_14,pressure,19048400,Pa
173664000,P_8_8_14,sg,0,
173664000,P_8_8_14,so,1,
173664000,P_8_8_14,sw,0,
173664000,P_13_8_14,pressure,19035100,Pa
173664000,P_13_8_14,sg,0,
173664000,P_13_8_14,so,1,
173664000,P_13_8_14,sw,0,
173664000,P_3_13_14,pressure,19058700,Pa
173664000,P_3_13_14,sg,0,
173664000,P_3_13_14,so,1,
173664000,P_3_13_14,sw,0,
173664000,P_8_13_14,pressure,19048700,Pa
173664000,P_8_13_14,sg,0,
173664000,P_8_13_14,so,1,
173664000,P_8_13_14,sw,0,
173664000,P_13_13_14,pressure,19003400,Pa
173664000,P_13_13_14,sg,0,
173664000,P_13_13_14,so,1,
173664000,P_13_13_14,sw,0,
173664000,P_3_3_13,pressure,19003800,Pa
173664000,P_3_3_13,sg,0,
173664000,P_3_3_13,so,1,
173664000,P_3_3_13,sw,0,
173664000,P_8_3_13,pressure,19043200,Pa
173664000,P_8_3_13,sg,0,
173664000,P_8_3_13,so,1,
173664000,P_8_3_13,sw,0,
173664000,P_13_3_13,pressure,19003000,Pa
173664000,P_13_3_13,sg,0,
173664000,P_13_3_13,so,1,
173664000,P_13_3_13,sw,0,
173664000,P_3_8_13,pressure,19056800,Pa
173664000,P_3_8_13,sg,0,
173664000,P_3_8_13,so,1,
173664000,P_3_8_13,sw,0,
173664000,P_8_8_13,pressure,19062800,Pa
173664000,P_8_8_13,sg,0,
173664000,P_8_8_13,so,1,
173664000,P_8_8_13,sw,0,
173664000,P_13_8_13,pressure,19043200,Pa
173664000,P_13_8_13,sg,0,
173664000,P_13_8_13,so,1,
173664000,P_13_8_13,sw,0,
173664000,P_3_13_13,pressure,19065800,Pa
173664000,P_3_13_13,sg,0,
173664000,P_3_13_13,so,1,
173664000,P_3_13_13,sw,0,
173664000,P_8_13_13,pressure,19056800,Pa
173664000,P_8_13_13,sg,0,
173664000,P_8_13_13,so,1,
173664000,P_8_13_13,sw,0,
173664000,P_13_13_13,pressure,19003800,Pa
173664000,P_13_13_13,sg,0,
173664000,P_13_13_13,so,1,
173664000,P_13_13_13,sw,0,
176256000,P_3_3_15,pressure,19003200,Pa
176256000,P_3_3_15,sg,0,
176256000,P_3_3_15,so,1,
176256000,P_3_3_15,sw,0,
176256000,P_8_3_15,pressure,19031300,Pa
176256000,P_8_3_15,sg,0,
176256000,P_8_3_15,so,1,
176256000,P_8_3_15,sw,0,
176256000,P_13_3_15,pressure,19002300,Pa
176256000,P_13_3_15,sg,0,
176256000,P_13_3_15,so,1,
176256000,P_13_3_15,sw,0,
176256000,P_3_8_15,pressure,19044800,Pa
176256000,P_3_8_15,sg,0,
176256000,P_3_8_15,so,1,
176256000,P_3_8_15,sw,0,
176256000,P_8_8_15,pressure,19042700,Pa
176256000,P_8_8_15,sg,0,
176256000,P_8_8_15,so,1,
176256000,P_8_8_15,sw,0,
176256000,P_13_8_15,pressure,19031300,Pa
176256000,P_13_8_15,sg,0,
176256000,P_13_8_15,so,1,
176256000,P_13_8_15,sw,0,
176256000,P_3_13_15,pressure,19055100,Pa
176256000,P_3_13_15,sg,0,
176256000,P_3_13_15,so,1,
176256000,P_3_13_15,sw,0,
176256000,P_8_13_15,pressure,19044800,Pa
176256000,P_8_13_15,sg,0,
176256000,P_8_13_15,so,1,
176256000,P_8_13_15,sw,0,
176256000,P_13_13_15,pressure,19003200,Pa
176256000,P_13_13_15,sg,0,
176256000,P_13_13_15,so,1,
176256000,P_13_13_15,sw,0,
176256000,P_3_3_14,pressure,19003400,Pa
176256000,P_3_3_14,sg,0,
176256000,P_3_3_14,so,1,
176256000,P_3_3_14,sw,0,
176256000,P_8_3_14,pressure,19035100,Pa
176256000,P_8_3_14,sg,0,
176256000,P_8_3_14,so,1,
176256000,P_8_3_14,sw,0,
176256000,P_13_3_14,pressure,19002500,Pa
176256000,P_13_3_14,sg,0,
176256000,P_13_3_14,so,1,
176256000,P_13_3_14,sw,0,
176256000,P_3_8_14,pressure,19048700,Pa
176256000,P_3_8_14,sg,0,
176256000,P_3_8_14,so,1,
176256000,P_3_8_14,sw,0,
176256000,P_8_8_14,pressure,19048400,Pa
176256000,P_8_8_14,sg,0,
176256000,P_8_8_14,so,1,
176256000,P_8_8_14,sw,0,
176256000,P_13_8_14,pressure,19035100,Pa
176256000,P_13_8_14,sg,0,
176256000,P_13_8_14,so,1,
176256000,P_13_8_14,sw,0,
176256000,P_3_13_14,pressure,19058700,Pa
176256000,P_3_13_14,sg,0,
176256000,P_3_13_14,so,1,
176256000,P_3_13_14,sw,0,
176256000,P_8_13_14,pressure,19048700,Pa
176256000,P_8_13_14,sg,0,
176256000,P_8_13_14,so,1,
176256000,P_8_13_14,sw,0,
176256000,P_13_13_14,pressure,19003400,Pa
176256000,P_13_13_14,sg,0,
176256000,P_13_13_14,so,1,
176256000,P_13_13_14,sw,0,
176256000,P_3_3_13,pressure,19003800,Pa
176256000,P_3_3_13,sg,0,
176256000,P_3_3_13,so,1,
176256000,P_3_3_13,sw,0,
176256000,P_8_3_13,pressure,19043200,Pa
176256000,P_8_3_13,sg,0,
176256000,P_8_3_13,so,1,
176256000,P_8_3_13,sw,0,
176256000,P_13_3_13,pressure,19003000,Pa
176256000,P_13_3_13,sg,0,
176256000,P_13_3_13,so,1,
176256000,P_13_3_13,sw,0,
176256000,P_3_8_13,pressure,19056800,Pa
176256000,P_3_8_13,sg,0,
176256000,P_3_8_13,so,1,
176256000,P_3_8_13,sw,0,
176256000,P_8_8_13,pressure,19062800,Pa
176256000,P_8_8_13,sg,0,
176256000,P_8_8_13,so,1,
176256000,P_8_8_13,sw,0,
176256000,P_13_8_13,pressure,19043200,Pa
176256000,P_13_8_13,sg,0,
176256000,P_13_8_13,so,1,
176256000,P_13_8_13,sw,0,
176256000,P_3_13_13,pressure,19065800,Pa
176256000,P_3_13_13,sg,0,
176256000,P_3_13_13,so,1,
176256000,P_3_13_13,sw,0,
176256000,P_8_13_13,pressure,19056800,Pa
176256000,P_8_13_13,sg,0,
176256000,P_8_13_13,so,1,
176256000,P_8_13_13,sw,0,
176256000,P_13_13_13,pressure,19003800,Pa
176256000,P_13_13_13,sg,0,
176256000,P_13_13_13,so,1,
176256000,P_13_13_13,sw,0,
178848000,P_3_3_15,pressure,19003200,Pa
178848000,P_3_3_15,sg,0,
178848000,P_3_3_15,so,1,
178848000,P_3_3_15,sw,0,
178848000,P_8_3_15,pressure,19031300,Pa
178848000,P_8_3_15,sg,0,
178848000,P_8_3_15,so,1,
178848000,P_8_3_15,sw,0,
178848000,P_13_3_15,pressure,19002300,Pa
178848000,P_13_3_15,sg,0,
178848000,P_13_3_15,so,1,
178848000,P_13_3_15,sw,0,
178848000,P_3_8_15,pressure,19044800,Pa
178848000,P_3_8_15,sg,0,
178848000,P_3_8_15,so,1,
178848000,P_3_8_15,sw,0,
178848000,P_8_8_15,pressure,19042700,Pa
178848000,P_8_8_15,sg,0,
178848000,P_8_8_15,so,1,
178848000,P_8_8_15,sw,0,
178848000,P_13_8_15,pressure,19031300,Pa
178848000,P_13_8_15,sg,0,
178848000,P_13_8_15,so,1,
178848000,P_13_8_15,sw,0,
178848000,P_3_13_15,pressure,19055100,Pa
178848000,P_3_13_15,sg,0,
178848000,P_3_13_15,so,1,
178848000,P_3_13_15,sw,0,
178848000,P_8_13_15,pressure,19044800,Pa
178848000,P_8_13_15,sg,0,
178848000,P_8_13_15,so,1,
178848000,P_8_13_15,sw,0,
178848000,P_13_13_15,pressure,19003200,Pa
178848000,P_13_13_15,sg,0,
178848000,P_13_13_15,so,1,
178848000,P_13_13_15,sw,0,
178848000,P_3_3_14,pressure,19003400,Pa
178848000,P_3_3_14,sg,0,
178848000,P_3_3_14,so,1,
178848000,P_3_3_14,sw,0,
178848000,P_8_3_14,pressure,19035100,Pa
178848000,P_8_3_14,sg,0,
178848000,P_8_3_14,so,1,
178848000,P_8_3_14,sw,0,
178848000,P_13_3_14,pressure,19002500,Pa
178848000,P_13_3_14,sg,0,
178848000,P_13_3_14,so,1,
178848000,P_13_3_14,sw,0,
178848000,P_3_8_14,pressure,19048700,Pa
178848000,P_3_8_14,sg,0,
178848000,P_3_8_14,so,1,
178848000,P_3_8_14,sw,0,
178848000,P_8_8_14,pressure,19048400,Pa
178848000,P_8_8_14,sg,0,
178848000,P_8_8_14,so,1,
178848000,P_8_8_14,sw,0,
178848000,P_13_8_14,pressure,19035100,Pa
178848000,P_13_8_14,sg,0,
178848000,P_13_8_14,so,1,
178848000,P_13_8_14,sw,0,
178848000,P_3_13_14,pressure,19058700,Pa
178848000,P_3_13_14,sg,0,
178848000,P_3_13_14,so,1,
178848000,P_3_13_14,sw,0,
178848000,P_8_13_14,pressure,19048700,Pa
178848000,P_8_13_14,sg,0,
178848000,P_8_13_14,so,1,
178848000,P_8_13_14,sw,0,
178848000,P_13_13_14,pressure,19003400,Pa
178848000,P_13_13_14,sg,0,
178848000,P_13_13_14,so,1,
178848000,P_13_13_14,sw,0,
178848000,P_3_3_13,pressure,19003800,Pa
178848000,P_3_3_13,sg,0,
178848000,P_3_3_13,so,1,
178848000,P_3_3_13,sw,0,
178848000,P_8_3_13,pressure,19043200,Pa
178848000,P_8_3_13,sg,0,
178848000,P_8_3_13,so,1,
178848000,P_8_3_13,sw,0,
178848000,P_13_3_13,pressure,19003000,Pa
178848000,P_13_3_13,sg,0,
178848000,P_13_3_13,so,1,
178848000,P_13_3_13,sw,0,
178848000,P_3_8_13,pressure,19056800,Pa
178848000,P_3_8_13,sg,0,
178848000,P_3_8_13,so,1,
178848000,P_3_8_13,sw,0,
178848000,P_8_8_13,pressure,19062800,Pa
178848000,P_8_8_13,sg,0,
178848000,P_8_8_13,so,1,
178848000,P_8_8_13,sw,0,
178848000,P_13_8_13,pressure,19043200,Pa
178848000,P_13_8_13,sg,0,
178848000,P_13_8_13,so,1,
178848000,P_13_8_13,sw,0,
178848000,P_3_13_13,pressure,19065800,Pa
178848000,P_3_13_13,sg,0,
178848000,P_3_13_13,so,1,
178848000,P_3_13_13,sw,0,
178848000,P_8_13_13,pressure,19056800,Pa
178848000,P_8_13_13,sg,0,
178848000,P_8_13_13,so,1,
178848000,P_8_13_13,sw,0,
178848000,P_13_13_13,pressure,19003800,Pa
178848000,P_13_13_13,sg,0,
178848000,P_13_13_13,so,1,
178848000,P_13_13_13,sw,0,
181440000,P_3_3_15,pressure,19003200,Pa
181440000,P_3_3_15,sg,0,
181440000,P_3_3_15,so,1,
181440000,P_3_3_15,sw,0,
181440000,P_8_3_15,pressure,19031300,Pa
181440000,P_8_3_15,sg,0,
181440000,P_8_3_15,so,1,
181440000,P_8_3_15,sw,0,
181440000,P_13_3_15,pressure,19002300,Pa
181440000,P_13_3_15,sg,0,
181440000,P_13_3_15,so,1,
181440000,P_13_3_15,sw,0,
181440000,P_3_8_15,pressure,19044800,Pa
181440000,P_3_8_15,sg,0,
181440000,P_3_8_15,so,1,
181440000,P_3_8_15,sw,0,
181440000,P_8_8_15,pressure,19042700,Pa
181440000,P_8_8_15,sg,0,
181440000,P_8_8_15,so,1,
181440000,P_8_8_15,sw,0,
181440000,P_13_8_15,pressure,19031300,Pa
181440000,P_13_8_15,sg,0,
181440000,P_13_8_15,so,1,
181440000,P_13_8_15,sw,0,
181440000,P_3_13_15,pressure,19055100,Pa
181440000,P_3_13_15,sg,0,
181440000,P_3_13_15,so,1,
181440000,P_3_13_15,sw,0,
181440000,P_8_13_15,pressure,19044800,Pa
181440000,P_8_13_15,sg,0,
181440000,P_8_13_15,so,1,
181440000,P_8_13_15,sw,0,
181440000,P_13_13_15,pressure,19003200,Pa
181440000,P_13_13_15,sg,0,
181440000,P_13_13_15,so,1,
181440000,P_13_13_15,sw,0,
181440000,P_3_3_14,pressure,19003400,Pa
181440000,P_3_3_14,sg,0,
181440000,P_3_3_14,so,1,
181440000,P_3_3_14,sw,0,
181440000,P_8_3_14,pressure,19035100,Pa
181440000,P_8_3_14,sg,0,
181440000,P_8_3_14,so,1,
181440000,P_8_3_14,sw,0,
181440000,P_13_3_14,pressure,19002500,Pa
181440000,P_13_3_14,sg,0,
181440000,P_13_3_14,so,1,
181440000,P_13_3_14,sw,0,
181440000,P_3_8_14,pressure,19048700,Pa
181440000,P_3_8_14,sg,0,
181440000,P_3_8_14,so,1,
181440000,P_3_8_14,sw,0,
181440000,P_8_8_14,pressure,19048400,Pa
181440000,P_8_8_14,sg,0,
181440000,P_8_8_14,so,1,
181440000,P_8_8_14,sw,0,
181440000,P_13_8_14,pressure,19035100,Pa
181440000,P_13_8_14,sg,0,
181440000,P_13_8_14,so,1,
181440000,P_13_8_14,sw,0,
181440000,P_3_13_14,pressure,19058700,Pa
181440000,P_3_13_14,sg,0,
181440000,P_3_13_14,so,1,
181440000,P_3_13_14,sw,0,
181440000,P_8_13_14,pressure,19048700,Pa
181440000,P_8_13_14,sg,0,
181440000,P_8_13_14,so,1,
181440000,P_8_13_14,sw,0,
181440000,P_13_13_14,pressure,19003400,Pa
181440000,P_13_13_14,sg,0,
181440000,P_13_13_14,so,1,
181440000,P_13_13_14,sw,0,
181440000,P_3_3_13,pressure,19003800,Pa
181440000,P_3_3_13,sg,0,
181440000,P_3_3_13,so,1,
181440000,P_3_3_13,sw,0,
181440000,P_8_3_13,pressure,19043200,Pa
181440000,P_8_3_13,sg,0,
181440000,P_8_3_13,so,1,
181440000,P_8_3_13,sw,0,
181440000,P_13_3_13,pressure,19003000,Pa
181440000,P_13_3_13,sg,0,
181440000,P_13_3_13,so,1,
181440000,P_13_3_13,sw,0,
181440000,P_3_8_13,pressure,19056800,Pa
181440000,P_3_8_13,sg,0,
181440000,P_3_8_13,so,1,
181440000,P_3_8_13,sw,0,
181440000,P_8_8_13,pressure,19062800,Pa
181440000,P_8_8_13,sg,0,
181440000,P_8_8_13,so,1,
181440000,P_8_8_13,sw,0,
181440000,P_13_8_13,pressure,19043200,Pa
181440000,P_13_8_13,sg,0,
181440000,P_13_8_13,so,1,
181440000,P_13_8_13,sw,0,
181440000,P_3_13_13,pressure,19065800,Pa
181440000,P_3_13_13,sg,0,
181440000,P_3_13_13,so,1,
181440000,P_3_13_13,sw,0,
181440000,P_8_13_13,pressure,19056800,Pa
181440000,P_8_13_13,sg,0,
181440000,P_8_13_13,so,1,
181440000,P_8_13_13,sw,0,
181440000,P_13_13_13,pressure,19003800,Pa
181440000,P_13_13_13,sg,0,
181440000,P_13_13_13,so,1,
181440000,P_13_13_13,sw,0,
184032000,P_3_3_15,pressure,19003200,Pa
184032000,P_3_3_15,sg,0,
184032000,P_3_3_15,so,1,
184032000,P_3_3_15,sw,0,
184032000,P_8_3_15,pressure,19031300,Pa
184032000,P_8_3_15,sg,0,
184032000,P_8_3_15,so,1,
184032000,P_8_3_15,sw,0,
184032000,P_13_3_15,pressure,19002300,Pa
184032000,P_13_3_15,sg,0,
184032000,P_13_3_15,so,1,
184032000,P_13_3_15,sw,0,
184032000,P_3_8_15,pressure,19044800,Pa
184032000,P_3_8_15,sg,0,
184032000,P_3_8_15,so,1,
184032000,P_3_8_15,sw,0,
184032000,P_8_8_15,pressure,19042700,Pa
184032000,P_8_8_15,sg,0,
184032000,P_8_8_15,so,1,
184032000,P_8_8_15,sw,0,
184032000,P_13_8_15,pressure,19031300,Pa
184032000,P_13_8_15,sg,0,
184032000,P_13_8_15,so,1,
184032000,P_13_8_15,sw,0,
184032000,P_3_13_15,pressure,19055100,Pa
184032000,P_3_13_15,sg,0,
184032000,P_3_13_15,so,1,
184032000,P_3_13_15,sw,0,
184032000,P_8_13_15,pressure,19044800,Pa
184032000,P_8_13_15,sg,0,
184032000,P_8_13_15,so,1,
184032000,P_8_13_15,sw,0,
184032000,P_13_13_15,pressure,19003200,Pa
184032000,P_13_13_15,sg,0,
184032000,P_13_13_15,so,1,
184032000,P_13_13_15,sw,0,
184032000,P_3_3_14,pressure,19003400,Pa
184032000,P_3_3_14,sg,0,
184032000,P_3_3_14,so,1,
184032000,P_3_3_14,sw,0,
184032000,P_8_3_14,pressure,19035100,Pa
184032000,P_8_3_14,sg,0,
184032000,P_8_3_14,so,1,
184032000,P_8_3_14,sw,0,
184032000,P_13_3_14,pressure,19002500,Pa
184032000,P_13_3_14,sg,0,
184032000,P_13_3_14,so,1,
184032000,P_13_3_14,sw,0,
184032000,P_3_8_14,pressure,19048700,Pa
184032000,P_3_8_14,sg,0,
184032000,P_3_8_14,so,1,
184032000,P_3_8_14,sw,0,
184032000,P_8_8_14,pressure,19048400,Pa
184032000,P_8_8_14,sg,0,
184032000,P_8_8_14,so,1,
184032000,P_8_8_14,sw,0,
184032000,P_13_8_14,pressure,19035100,Pa
184032000,P_13_8_14,sg,0,
184032000,P_13_8_14,so,1,
184032000,P_13_8_14,sw,0,
184032000,P_3_13_14,pressure,19058700,Pa
184032000,P_3_13_14,sg,0,
184032000,P_3_13_14,so,1,
184032000,P_3_13_14,sw,0,
184032000,P_8_13_14,pressure,19048700,Pa
184032000,P_8_13_14,sg,0,
184032000,P_8_13_14,so,1,
184032000,P_8_13_14,sw,0,
184032000,P_13_13_14,pressure,19003400,Pa
184032000,P_13_13_14,sg,0,
184032000,P_13_13_14,so,1,
184032000,P_13_13_14,sw,0,
184032000,P_3_3_13,pressure,19003800,Pa
184032000,P_3_3_13,sg,0,
184032000,P_3_3_13,so,1,
184032000,P_3_3_13,sw,0,
184032000,P_8_3_13,pressure,19043200,Pa
184032000,P_8_3_13,sg,0,
184032000,P_8_3_13,so,1,
184032000,P_8_3_13,sw,0,
184032000,P_13_3_13,pressure,19003000,Pa
184032000,P_13_3_13,sg,0,
184032000,P_13_3_13,so,1,
184032000,P_13_3_13,sw,0,
184032000,P_3_8_13,pressure,19056800,Pa
184032000,P_3_8_13,sg,0,
184032000,P_3_8_13,so,1,
184032000,P_3_8_13,sw,0,
184032000,P_8_8_13,pressure,19062800,Pa
184032000,P_8_8_13,sg,0,
184032000,P_8_8_13,so,1,
184032000,P_8_8_13,sw,0,
184032000,P_13_8_13,pressure,19043200,Pa
184032000,P_13_8_13,sg,0,
184032000,P_13_8_13,so,1,
184032000,P_13_8_13,sw,0,
184032000,P_3_13_13,pressure,19065800,Pa
184032000,P_3_13_13,sg,0,
184032000,P_3_13_13,so,1,
184032000,P_3_13_13,sw,0,
184032000,P_8_13_13,pressure,19056800,Pa
184032000,P_8_13_13,sg,0,
184032000,P_8_13_13,so,1,
184032000,P_8_13_13,sw,0,
184032000,P_13_13_13,pressure,19003800,Pa
184032000,P_13_13_13,sg,0,
184032000,P_13_13_13,so,1,
184032000,P_13_13_13,sw,0,
186624000,P_3_3_15,pressure,19003200,Pa
186624000,P_3_3_15,sg,0,
186624000,P_3_3_15,so,1,
186624000,P_3_3_15,sw,0,
186624000,P_8_3_15,pressure,19031300,Pa
186624000,P_8_3_15,sg,0,
186624000,P_8_3_15,so,1,
186624000,P_8_3_15,sw,0,
186624000,P_13_3_15,pressure,19002300,Pa
186624000,P_13_3_15,sg,0,
186624000,P_13_3_15,so,1,
186624000,P_13_3_15,sw,0,
186624000,P_3_8_15,pressure,19044800,Pa
186624000,P_3_8_15,sg,0,
186624000,P_3_8_15,so,1,
186624000,P_3_8_15,sw,0,
186624000,P_8_8_15,pressure,19042700,Pa
186624000,P_8_8_15,sg,0,
186624000,P_8_8_15,so,1,
186624000,P_8_8_15,sw,0,
186624000,P_13_8_15,pressure,19031300,Pa
186624000,P_13_8_15,sg,0,
186624000,P_13_8_15,so,1,
186624000,P_13_8_15,sw,0,
186624000,P_3_13_15,pressure,19055100,Pa
186624000,P_3_13_15,sg,0,
186624000,P_3_13_15,so,1,
186624000,P_3_13_15,sw,0,
186624000,P_8_13_15,pressure,19044800,Pa
186624000,P_8_13_15,sg,0,
186624000,P_8_13_15,so,1,
186624000,P_8_13_15,sw,0,
186624000,P_13_13_15,pressure,19003200,Pa
186624000,P_13_13_15,sg,0,
186624000,P_13_13_15,so,1,
186624000,P_13_13_15,sw,0,
186624000,P_3_3_14,pressure,19003400,Pa
186624000,P_3_3_14,sg,0,
186624000,P_3_3_14,so,1,
186624000,P_3_3_14,sw,0,
186624000,P_8_3_14,pressure,19035100,Pa
186624000,P_8_3_14,sg,0,
186624000,P_8_3_14,so,1,
186624000,P_8_3_14,sw,0,
186624000,P_13_3_14,pressure,19002500,Pa
186624000,P_13_3_14,sg,0,
186624000,P_13_3_14,so,1,
186624000,P_13_3_14,sw,0,
186624000,P_3_8_14,pressure,19048700,Pa
186624000,P_3_8_14,sg,0,
186624000,P_3_8_14,so,1,
186624000,P_3_8_14,sw,0,
186624000,P_8_8_14,pressure,19048400,Pa
186624000,P_8_8_14,sg,0,
186624000,P_8_8_14,so,1,
186624000,P_8_8_14,sw,0,
186624000,P_13_8_14,pressure,19035100,Pa
186624000,P_13_8_14,sg,0,
186624000,P_13_8_14,so,1,
186624000,P_13_8_14,sw,0,
186624000,P_3_13_14,pressure,19058700,Pa
186624000,P_3_13_14,sg,0,
186624000,P_3_13_14,so,1,
186624000,P_3_13_14,sw,0,
186624000,P_8_13_14,pressure,19048700,Pa
186624000,P_8_13_14,sg,0,
186624000,P_8_13_14,so,1,
186624000,P_8_13_14,sw,0,
186624000,P_13_13_14,pressure,19003400,Pa
186624000,P_13_13_14,sg,0,
186624000,P_13_13_14,so,1,
186624000,P_13_13_14,sw,0,
186624000,P_3_3_13,pressure,19003800,Pa
186624000,P_3_3_13,sg,0,
186624000,P_3_3_13,so,1,
186624000,P_3_3_13,sw,0,
186624000,P_8_3_13,pressure,19043200,Pa
186624000,P_8_3_13,sg,0,
186624000,P_8_3_13,so,1,
186624000,P_8_3_13,sw,0,
186624000,P_13_3_13,pressure,19003000,Pa
186624000,P_13_3_13,sg,0,
186624000,P_13_3_13,so,1,
186624000,P_13_3_13,sw,0,
186624000,P_3_8_13,pressure,19056800,Pa
186624000,P_3_8_13,sg,0,
186624000,P_3_8_13,so,1,
186624000,P_3_8_13,sw,0,
186624000,P_8_8_13,pressure,19062800,Pa
186624000,P_8_8_13,sg,0,
186624000,P_8_8_13,so,1,
186624000,P_8_8_13,sw,0,
186624000,P_13_8_13,pressure,19043200,Pa
186624000,P_13_8_13,sg,0,
186624000,P_13_8_13,so,1,
186624000,P_13_8_13,sw,0,
186624000,P_3_13_13,pressure,19065800,Pa
186624000,P_3_13_13,sg,0,
186624000,P_3_13_13,so,1,
186624000,P_3_13_13,sw,0,
186624000,P_8_13_13,pressure,19056800,Pa
186624000,P_8_13_13,sg,0,
186624000,P_8_13_13,so,1,
186624000,P_8_13_13,sw,0,
186624000,P_13_13_13,pressure,19003800,Pa
186624000,P_13_13_13,sg,0,
186624000,P_13_13_13,so,1,
186624000,P_13_13_13,sw,0,
189216000,P_3_3_15,pressure,19003200,Pa
189216000,P_3_3_15,sg,0,
189216000,P_3_3_15,so,1,
189216000,P_3_3_15,sw,0,
189216000,P_8_3_15,pressure,19031300,Pa
189216000,P_8_3_15,sg,0,
189216000,P_8_3_15,so,1,
189216000,P_8_3_15,sw,0,
189216000,P_13_3_15,pressure,19002300,Pa
189216000,P_13_3_15,sg,0,
189216000,P_13_3_15,so,1,
189216000,P_13_3_15,sw,0,
189216000,P_3_8_15,pressure,19044800,Pa
189216000,P_3_8_15,sg,0,
189216000,P_3_8_15,so,1,
189216000,P_3_8_15,sw,0,
189216000,P_8_8_15,pressure,19042700,Pa
189216000,P_8_8_15,sg,0,
189216000,P_8_8_15,so,1,
189216000,P_8_8_15,sw,0,
189216000,P_13_8_15,pressure,19031300,Pa
189216000,P_13_8_15,sg,0,
189216000,P_13_8_15,so,1,
189216000,P_13_8_15,sw,0,
189216000,P_3_13_15,pressure,19055100,Pa
189216000,P_3_13_15,sg,0,
189216000,P_3_13_15,so,1,
189216000,P_3_13_15,sw,0,
189216000,P_8_13_15,pressure,19044800,Pa
189216000,P_8_13_15,sg,0,
189216000,P_8_13_15,so,1,
189216000,P_8_13_15,sw,0,
189216000,P_13_13_15,pressure,19003200,Pa
189216000,P_13_13_15,sg,0,
189216000,P_13_13_15,so,1,
189216000,P_13_13_15,sw,0,
189216000,P_3_3_14,pressure,19003400,Pa
189216000,P_3_3_14,sg,0,
189216000,P_3_3_14,so,1,
189216000,P_3_3_14,sw,0,
189216000,P_8_3_14,pressure,19035100,Pa
189216000,P_8_3_14,sg,0,
189216000,P_8_3_14,so,1,
189216000,P_8_3_14,sw,0,
189216000,P_13_3_14,pressure,19002500,Pa
189216000,P_13_3_14,sg,0,
189216000,P_13_3_14,so,1,
189216000,P_13_3_14,sw,0,
189216000,P_3_8_14,pressure,19048700,Pa
189216000,P_3_8_14,sg,0,
189216000,P_3_8_14,so,1,
189216000,P_3_8_14,sw,0,
189216000,P_8_8_14,pressure,19048400,Pa
189216000,P_8_8_14,sg,0,
189216000,P_8_8_14,so,1,
189216000,P_8_8_14,sw,0,
189216000,P_13_8_14,pressure,19035100,Pa
189216000,P_13_8_14,sg,0,
189216000,P_13_8_14,so,1,
189216000,P_13_8_14,sw,0,
189216000,P_3_13_14,pressure,19058700,Pa
189216000,P_3_13_14,sg,0,
189216000,P_3_13_14,so,1,
189216000,P_3_13_14,sw,0,
189216000,P_8_13_14,pressure,19048700,Pa
189216000,P_8_13_14,sg,0,
189216000,P_8_13_14,so,1,
189216000,P_8_13_14,sw,0,
189216000,P_13_13_14,pressure,19003400,Pa
189216000,P_13_13_14,sg,0,
189216000,P_13_13_14,so,1,
189216000,P_13_13_14,sw,0,
189216000,P_3_3_13,pressure,19003800,Pa
189216000,P_3_3_13,sg,0,
189216000,P_3_3_13,so,1,
189216000,P_3_3_13,sw,0,
189216000,P_8_3_13,pressure,19043200,Pa
189216000,P_8_3_13,sg,0,
189216000,P_8_3_13,so,1,
189216000,P_8_3_13,sw,0,
189216000,P_13_3_13,pressure,19003000,Pa
189216000,P_13_3_13,sg,0,
189216000,P_13_3_13,so,1,
189216000,P_13_3_13,sw,0,
189216000,P_3_8_13,pressure,19056800,Pa
189216000,P_3_8_13,sg,0,
189216000,P_3_8_13,so,1,
189216000,P_3_8_13,sw,0,
189216000,P_8_8_13,pressure,19062800,Pa
189216000,P_8_8_13,sg,0,
189216000,P_8_8_13,so,1,
189216000,P_8_8_13,sw,0,
189216000,P_13_8_13,pressure,19043200,Pa
189216000,P_13_8_13,sg,0,
189216000,P_13_8_13,so,1,
189216000,P_13_8_13,sw,0,
189216000,P_3_13_13,pressure,19065800,Pa
189216000,P_3_13_13,sg,0,
189216000,P_3_13_13,so,1,
189216000,P_3_13_13,sw,0,
189216000,P_8_13_13,pressure,19056800,Pa
189216000,P_8_13_13,sg,0,
189216000,P_8_13_13,so,1,
189216000,P_8_13_13,sw,0,
189216000,P_13_13_13,pressure,19003800,Pa
189216000,P_13_13_13,sg,0,
189216000,P_13_13_13,so,1,
189216000,P_13_13_13,sw,0,
191808000,P_3_3_15,pressure,19003200,Pa
191808000,P_3_3_15,sg,0,
191808000,P_3_3_15,so,1,
191808000,P_3_3_15,sw,0,
191808000,P_8_3_15,pressure,19031300,Pa
191808000,P_8_3_15,sg,0,
191808000,P_8_3_15,so,1,
191808000,P_8_3_15,sw,0,
191808000,P_13_3_15,pressure,19002300,Pa
191808000,P_13_3_15,sg,0,
191808000,P_13_3_15,so,1,
191808000,P_13_3_15,sw,0,
191808000,P_3_8_15,pressure,19044800,Pa
191808000,P_3_8_15,sg,0,
191808000,P_3_8_15,so,1,
191808000,P_3_8_15,sw,0,
191808000,P_8_8_15,pressure,19042700,Pa
191808000,P_8_8_15,sg,0,
191808000,P_8_8_15,so,1,
191808000,P_8_8_15,sw,0,
191808000,P_13_8_15,pressure,19031300,Pa
191808000,P_13_8_15,sg,0,
191808000,P_13_8_15,so,1,
191808000,P_13_8_15,sw,0,
191808000,P_3_13_15,pressure,19055100,Pa
191808000,P_3_13_15,sg,0,
191808000,P_3_13_15,so,1,
191808000,P_3_13_15,sw,0,
191808000,P_8_13_15,pressure,19044800,Pa
191808000,P_8_13_15,sg,0,
191808000,P_8_13_15,so,1,
191808000,P_8_13_15,sw,0,
191808000,P_13_13_15,pressure,19003200,Pa
191808000,P_13_13_15,sg,0,
191808000,P_13_13_15,so,1,
191808000,P_13_13_15,sw,0,
191808000,P_3_3_14,pressure,19003400,Pa
191808000,P_3_3_14,sg,0,
191808000,P_3_3_14,so,1,
191808000,P_3_3_14,sw,0,
191808000,P_8_3_14,pressure,19035100,Pa
191808000,P_8_3_14,sg,0,
191808000,P_8_3_14,so,1,
191808000,P_8_3_14,sw,0,
191808000,P_13_3_14,pressure,19002500,Pa
191808000,P_13_3_14,sg,0,
191808000,P_13_3_14,so,1,
191808000,P_13_3_14,sw,0,
191808000,P_3_8_14,pressure,19048700,Pa
191808000,P_3_8_14,sg,0,
191808000,P_3_8_14,so,1,
191808000,P_3_8_14,sw,0,
191808000,P_8_8_14,pressure,19048400,Pa
191808000,P_8_8_14,sg,0,
191808000,P_8_8_14,so,1,
191808000,P_8_8_14,sw,0,
191808000,P_13_8_14,pressure,19035100,Pa
191808000,P_13_8_14,sg,0,
191808000,P_13_8_14,so,1,
191808000,P_13_8_14,sw,0,
191808000,P_3_13_14,pressure,19058700,Pa
191808000,P_3_13_14,sg,0,
191808000,P_3_13_14,so,1,
191808000,P_3_13_14,sw,0,
191808000,P_8_13_14,pressure,19048700,Pa
191808000,P_8_13_14,sg,0,
191808000,P_8_13_14,so,1,
191808000,P_8_13_14,sw,0,
191808000,P_13_13_14,pressure,19003400,Pa
191808000,P_13_13_14,sg,0,
191808000,P_13_13_14,so,1,
191808000,P_13_13_14,sw,0,
191808000,P_3_3_13,pressure,19003800,Pa
191808000,P_3_3_13,sg,0,
191808000,P_3_3_13,so,1,
191808000,P_3_3_13,sw,0,
191808000,P_8_3_13,pressure,19043200,Pa
191808000,P_8_3_13,sg,0,
191808000,P_8_3_13,so,1,
191808000,P_8_3_13,sw,0,
191808000,P_13_3_13,pressure,19003000,Pa
191808000,P_13_3_13,sg,0,
191808000,P_13_3_13,so,1,
191808000,P_13_3_13,sw,0,
191808000,P_3_8_13,pressure,19056800,Pa
191808000,P_3_8_13,sg,0,
191808000,P_3_8_13,so,1,
191808000,P_3_8_13,sw,0,
191808000,P_8_8_13,pressure,19062800,Pa
191808000,P_8_8_13,sg,0,
191808000,P_8_8_13,so,1,
191808000,P_8_8_13,sw,0,
191808000,P_13_8_13,pressure,19043200,Pa
191808000,P_13_8_13,sg,0,
191808000,P_13_8_13,so,1,
191808000,P_13_8_13,sw,0,
191808000,P_3_13_13,pressure,19065800,Pa
191808000,P_3_13_13,sg,0,
191808000,P_3_13_13,so,1,
191808000,P_3_13_13,sw,0,
191808000,P_8_13_13,pressure,19056800,Pa
191808000,P_8_13_13,sg,0,
191808000,P_8_13_13,so,1,
191808000,P_8_13_13,sw,0,
191808000,P_13_13_13,pressure,19003800,Pa
191808000,P_13_13_13,sg,0,
191808000,P_13_13_13,so,1,
191808000,P_13_13_13,sw,0,
194400000,P_3_3_15,pressure,19003200,Pa
194400000,P_3_3_15,sg,0,
194400000,P_3_3_15,so,1,
194400000,P_3_3_15,sw,0,
194400000,P_8_3_15,pressure,19031300,Pa
194400000,P_8_3_15,sg,0,
194400000,P_8_3_15,so,1,
194400000,P_8_3_15,sw,0,
194400000,P_13_3_15,pressure,19002300,Pa
194400000,P_13_3_15,sg,0,
194400000,P_13_3_15,so,1,
194400000,P_13_3_15,sw,0,
194400000,P_3_8_15,pressure,19044800,Pa
194400000,P_3_8_15,sg,0,
194400000,P_3_8_15,so,1,
194400000,P_3_8_15,sw,0,
194400000,P_8_8_15,pressure,19042700,Pa
194400000,P_8_8_15,sg,0,
194400000,P_8_8_15,so,1,
194400000,P_8_8_15,sw,0,
194400000,P_13_8_15,pressure,19031300,Pa
194400000,P_13_8_15,sg,0,
194400000,P_13_8_15,so,1,
194400000,P_13_8_15,sw,0,
194400000,P_3_13_15,pressure,19055100,Pa
194400000,P_3_13_15,sg,0,
194400000,P_3_13_15,so,1,
194400000,P_3_13_15,sw,0,
194400000,P_8_13_15,pressure,19044800,Pa
194400000,P_8_13_15,sg,0,
194400000,P_8_13_15,so,1,
194400000,P_8_13_15,sw,0,
194400000,P_13_13_15,pressure,19003200,Pa
194400000,P_13_13_15,sg,0,
194400000,P_13_13_15,so,1,
194400000,P_13_13_15,sw,0,
194400000,P_3_3_14,pressure,19003400,Pa
194400000,P_3_3_14,sg,0,
194400000,P_3_3_14,so,1,
194400000,P_3_3_14,sw,0,
194400000,P_8_3_14,pressure,19035100,Pa
194400000,P_8_3_14,sg,0,
194400000,P_8_3_14,so,1,
194400000,P_8_3_14,sw,0,
194400000,P_13_3_14,pressure,19002500,Pa
194400000,P_13_3_14,sg,0,
194400000,P_13_3_14,so,1,
194400000,P_13_3_14,sw,0,
194400000,P_3_8_14,pressure,19048700,Pa
194400000,P_3_8_14,sg,0,
194400000,P_3_8_14,so,1,
194400000,P_3_8_14,sw,0,
194400000,P_8_8_14,pressure,19048400,Pa
194400000,P_8_8_14,sg,0,
194400000,P_8_8_14,so,1,
194400000,P_8_8_14,sw,0,
194400000,P_13_8_14,pressure,19035100,Pa
194400000,P_13_8_14,sg,0,
194400000,P_13_8_14,so,1,
194400000,P_13_8_14,sw,0,
194400000,P_3_13_14,pressure,19058700,Pa
194400000,P_3_13_14,sg,0,
194400000,P_3_13_14,so,1,
194400000,P_3_13_14,sw,0,
194400000,P_8_13_14,pressure,19048700,Pa
194400000,P_8_13_14,sg,0,
194400000,P_8_13_14,so,1,
194400000,P_8_13_14,sw,0,
194400000,P_13_13_14,pressure,19003400,Pa
194400000,P_13_13_14,sg,0,
194400000,P_13_13_14,so,1,
194400000,P_13_13_14,sw,0,
194400000,P_3_3_13,pressure,19003800,Pa
194400000,P_3_3_13,sg,0,
194400000,P_3_3_13,so,1,
194400000,P_3_3_13,sw,0,
194400000,P_8_3_13,pressure,19043200,Pa
194400000,P_8_3_13,sg,0,
194400000,P_8_3_13,so,1,
194400000,P_8_3_13,sw,0,
194400000,P_13_3_13,pressure,19003000,Pa
194400000,P_13_3_13,sg,0,
194400000,P_13_3_13,so,1,
194400000,P_13_3_13,sw,0,
194400000,P_3_8_13,pressure,19056800,Pa
194400000,P_3_8_13,sg,0,
194400000,P_3_8_13,so,1,
194400000,P_3_8_13,sw,0,
194400000,P_8_8_13,pressure,19062800,Pa
194400000,P_8_8_13,sg,0,
194400000,P_8_8_13,so,1,
194400000,P_8_8_13,sw,0,
194400000,P_13_8_13,pressure,19043200,Pa
194400000,P_13_8_13,sg,0,
194400000,P_13_8_13,so,1,
194400000,P_13_8_13,sw,0,
194400000,P_3_13_13,pressure,19065800,Pa
194400000,P_3_13_13,sg,0,
194400000,P_3_13_13,so,1,
194400000,P_3_13_13,sw,0,
194400000,P_8_13_13,pressure,19056800,Pa
194400000,P_8_13_13,sg,0,
194400000,P_8_13_13,so,1,
194400000,P_8_13_13,sw,0,
194400000,P_13_13_13,pressure,19003800,Pa
194400000,P_13_13_13,sg,0,
194400000,P_13_13_13,so,1,
194400000,P_13_13_13,sw,0,
196992000,P_3_3_15,pressure,19003200,Pa
196992000,P_3_3_15,sg,0,
196992000,P_3_3_15,so,1,
196992000,P_3_3_15,sw,0,
196992000,P_8_3_15,pressure,19031300,Pa
196992000,P_8_3_15,sg,0,
196992000,P_8_3_15,so,1,
196992000,P_8_3_15,sw,0,
196992000,P_13_3_15,pressure,19002300,Pa
196992000,P_13_3_15,sg,0,
196992000,P_13_3_15,so,1,
196992000,P_13_3_15,sw,0,
196992000,P_3_8_15,pressure,19044800,Pa
196992000,P_3_8_15,sg,0,
196992000,P_3_8_15,so,1,
196992000,P_3_8_15,sw,0,
196992000,P_8_8_15,pressure,19042700,Pa
196992000,P_8_8_15,sg,0,
196992000,P_8_8_15,so,1,
196992000,P_8_8_15,sw,0,
196992000,P_13_8_15,pressure,19031300,Pa
196992000,P_13_8_15,sg,0,
196992000,P_13_8_15,so,1,
196992000,P_13_8_15,sw,0,
196992000,P_3_13_15,pressure,19055100,Pa
196992000,P_3_13_15,sg,0,
196992000,P_3_13_15,so,1,
196992000,P_3_13_15,sw,0,
196992000,P_8_13_15,pressure,19044800,Pa
196992000,P_8_13_15,sg,0,
196992000,P_8_13_15,so,1,
196992000,P_8_13_15,sw,0,
196992000,P_13_13_15,pressure,19003200,Pa
196992000,P_13_13_15,sg,0,
196992000,P_13_13_15,so,1,
196992000,P_13_13_15,sw,0,
196992000,P_3_3_14,pressure,19003400,Pa
196992000,P_3_3_14,sg,0,
196992000,P_3_3_14,so,1,
196992000,P_3_3_14,sw,0,
196992000,P_8_3_14,pressure,19035100,Pa
196992000,P_8_3_14,sg,0,
196992000,P_8_3_14,so,1,
196992000,P_8_3_14,sw,0,
196992000,P_13_3_14,pressure,19002500,Pa
196992000,P_13_3_14,sg,0,
196992000,P_13_3_14,so,1,
196992000,P_13_3_14,sw,0,
196992000,P_3_8_14,pressure,19048700,Pa
196992000,P_3_8_14,sg,0,
196992000,P_3_8_14,so,1,
196992000,P_3_8_14,sw,0,
196992000,P_8_8_14,pressure,19048400,Pa
196992000,P_8_8_14,sg,0,
196992000,P_8_8_14,so,1,
196992000,P_8_8_14,sw,0,
196992000,P_13_8_14,pressure,19035100,Pa
196992000,P_13_8_14,sg,0,
196992000,P_13_8_14,so,1,
196992000,P_13_8_14,sw,0,
196992000,P_3_13_14,pressure,19058700,Pa
196992000,P_3_13_14,sg,0,
196992000,P_3_13_14,so,1,
196992000,P_3_13_14,sw,0,
196992000,P_8_13_14,pressure,19048700,Pa
196992000,P_8_13_14,sg,0,
196992000,P_8_13_14,so,1,
196992000,P_8_13_14,sw,0,
196992000,P_13_13_14,pressure,19003400,Pa
196992000,P_13_13_14,sg,0,
196992000,P_13_13_14,so,1,
196992000,P_13_13_14,sw,0,
196992000,P_3_3_13,pressure,19003800,Pa
196992000,P_3_3_13,sg,0,
196992000,P_3_3_13,so,1,
196992000,P_3_3_13,sw,0,
196992000,P_8_3_13,pressure,19043200,Pa
196992000,P_8_3_13,sg,0,
196992000,P_8_3_13,so,1,
196992000,P_8_3_13,sw,0,
196992000,P_13_3_13,pressure,19003000,Pa
196992000,P_13_3_13,sg,0,
196992000,P_13_3_13,so,1,
196992000,P_13_3_13,sw,0,
196992000,P_3_8_13,pressure,19056800,Pa
196992000,P_3_8_13,sg,0,
196992000,P_3_8_13,so,1,
196992000,P_3_8_13,sw,0,
196992000,P_8_8_13,pressure,19062800,Pa
196992000,P_8_8_13,sg,0,
196992000,P_8_8_13,so,1,
196992000,P_8_8_13,sw,0,
196992000,P_13_8_13,pressure,19043200,Pa
196992000,P_13_8_13,sg,0,
196992000,P_13_8_13,so,1,
196992000,P_13_8_13,sw,0,
196992000,P_3_13_13,pressure,19065800,Pa
196992000,P_3_13_13,sg,0,
196992000,P_3_13_13,so,1,
196992000,P_3_13_13,sw,0,
196992000,P_8_13_13,pressure,19056800,Pa
196992000,P_8_13_13,sg,0,
196992000,P_8_13_13,so,1,
196992000,P_8_13_13,sw,0,
196992000,P_13_13_13,pressure,19003800,Pa
196992000,P_13_13_13,sg,0,
196992000,P_13_13_13,so,1,
196992000,P_13_13_13,sw,0,
199584000,P_3_3_15,pressure,19003200,Pa
199584000,P_3_3_15,sg,0,
199584000,P_3_3_15,so,1,
199584000,P_3_3_15,sw,0,
199584000,P_8_3_15,pressure,19031300,Pa
199584000,P_8_3_15,sg,0,
199584000,P_8_3_15,so,1,
199584000,P_8_3_15,sw,0,
199584000,P_13_3_15,pressure,19002300,Pa
199584000,P_13_3_15,sg,0,
199584000,P_13_3_15,so,1,
199584000,P_13_3_15,sw,0,
199584000,P_3_8_15,pressure,19044800,Pa
199584000,P_3_8_15,sg,0,
199584000,P_3_8_15,so,1,
199584000,P_3_8_15,sw,0,
199584000,P_8_8_15,pressure,19042700,Pa
199584000,P_8_8_15,sg,0,
199584000,P_8_8_15,so,1,
199584000,P_8_8_15,sw,0,
199584000,P_13_8_15,pressure,19031300,Pa
199584000,P_13_8_15,sg,0,
199584000,P_13_8_15,so,1,
199584000,P_13_8_15,sw,0,
199584000,P_3_13_15,pressure,19055100,Pa
199584000,P_3_13_15,sg,0,
199584000,P_3_13_15,so,1,
199584000,P_3_13_15,sw,0,
199584000,P_8_13_15,pressure,19044800,Pa
199584000,P_8_13_15,sg,0,
199584000,P_8_13_15,so,1,
199584000,P_8_13_15,sw,0,
199584000,P_13_13_15,pressure,19003200,Pa
199584000,P_13_13_15,sg,0,
199584000,P_13_13_15,so,1,
199584000,P_13_13_15,sw,0,
199584000,P_3_3_14,pressure,19003400,Pa
199584000,P_3_3_14,sg,0,
199584000,P_3_3_14,so,1,
199584000,P_3_3_14,sw,0,
199584000,P_8_3_14,pressure,19035100,Pa
199584000,P_8_3_14,sg,0,
199584000,P_8_3_14,so,1,
199584000,P_8_3_14,sw,0,
199584000,P_13_3_14,pressure,19002500,Pa
199584000,P_13_3_14,sg,0,
199584000,P_13_3_14,so,1,
199584000,P_13_3_14,sw,0,
199584000,P_3_8_14,pressure,19048700,Pa
199584000,P_3_8_14,sg,0,
199584000,P_3_8_14,so,1,
199584000,P_3_8_14,sw,0,
199584000,P_8_8_14,pressure,19048400,Pa
199584000,P_8_8_14,sg,0,
199584000,P_8_8_14,so,1,
199584000,P_8_8_14,sw,0,
199584000,P_13_8_14,pressure,19035100,Pa
199584000,P_13_8_14,sg,0,
199584000,P_13_8_14,so,1,
199584000,P_13_8_14,sw,0,
199584000,P_3_13_14,pressure,19058700,Pa
199584000,P_3_13_14,sg,0,
199584000,P_3_13_14,so,1,
199584000,P_3_13_14,sw,0,
199584000,P_8_13_14,pressure,19048700,Pa
199584000,P_8_13_14,sg,0,
199584000,P_8_13_14,so,1,
199584000,P_8_13_14,sw,0,
199584000,P_13_13_14,pressure,19003400,Pa
199584000,P_13_13_14,sg,0,
199584000,P_13_13_14,so,1,
199584000,P_13_13_14,sw,0,
199584000,P_3_3_13,pressure,19003800,Pa
199584000,P_3_3_13,sg,0,
199584000,P_3_3_13,so,1,
199584000,P_3_3_13,sw,0,
199584000,P_8_3_13,pressure,19043200,Pa
199584000,P_8_3_13,sg,0,
199584000,P_8_3_13,so,1,
199584000,P_8_3_13,sw,0,
199584000,P_13_3_13,pressure,19003000,Pa
199584000,P_13_3_13,sg,0,
199584000,P_13_3_13,so,1,
199584000,P_13_3_13,sw,0,
199584000,P_3_8_13,pressure,19056800,Pa
199584000,P_3_8_13,sg,0,
199584000,P_3_8_13,so,1,
199584000,P_3_8_13,sw,0,
199584000,P_8_8_13,pressure,19062800,Pa
199584000,P_8_8_13,sg,0,
199584000,P_8_8_13,so,1,
199584000,P_8_8_13,sw,0,
199584000,P_13_8_13,pressure,19043200,Pa
199584000,P_13_8_13,sg,0,
199584000,P_13_8_13,so,1,
199584000,P_13_8_13,sw,0,
199584000,P_3_13_13,pressure,19065800,Pa
199584000,P_3_13_13,sg,0,
199584000,P_3_13_13,so,1,
199584000,P_3_13_13,sw,0,
199584000,P_8_13_13,pressure,19056800,Pa
199584000,P_8_13_13,sg,0,
199584000,P_8_13_13,so,1,
199584000,P_8_13_13,sw,0,
199584000,P_13_13_13,pressure,19003800,Pa
199584000,P_13_13_13,sg,0,
199584000,P_13_13_13,so,1,
199584000,P_13_13_13,sw,0,
202176000,P_3_3_15,pressure,19003200,Pa
202176000,P_3_3_15,sg,0,
202176000,P_3_3_15,so,1,
202176000,P_3_3_15,sw,0,
202176000,P_8_3_15,pressure,19031300,Pa
202176000,P_8_3_15,sg,0,
202176000,P_8_3_15,so,1,
202176000,P_8_3_15,sw,0,
202176000,P_13_3_15,pressure,19002300,Pa
202176000,P_13_3_15,sg,0,
202176000,P_13_3_15,so,1,
202176000,P_13_3_15,sw,0,
202176000,P_3_8_15,pressure,19044800,Pa
202176000,P_3_8_15,sg,0,
202176000,P_3_8_15,so,1,
202176000,P_3_8_15,sw,0,
202176000,P_8_8_15,pressure,19042700,Pa
202176000,P_8_8_15,sg,0,
202176000,P_8_8_15,so,1,
202176000,P_8_8_15,sw,0,
202176000,P_13_8_15,pressure,19031300,Pa
202176000,P_13_8_15,sg,0,
202176000,P_13_8_15,so,1,
202176000,P_13_8_15,sw,0,
202176000,P_3_13_15,pressure,19055100,Pa
202176000,P_3_13_15,sg,0,
202176000,P_3_13_15,so,1,
202176000,P_3_13_15,sw,0,
202176000,P_8_13_15,pressure,19044800,Pa
202176000,P_8_13_15,sg,0,
202176000,P_8_13_15,so,1,
202176000,P_8_13_15,sw,0,
202176000,P_13_13_15,pressure,19003200,Pa
202176000,P_13_13_15,sg,0,
202176000,P_13_13_15,so,1,
202176000,P_13_13_15,sw,0,
202176000,P_3_3_14,pressure,19003400,Pa
202176000,P_3_3_14,sg,0,
202176000,P_3_3_14,so,1,
202176000,P_3_3_14,sw,0,
202176000,P_8_3_14,pressure,19035100,Pa
202176000,P_8_3_14,sg,0,
202176000,P_8_3_14,so,1,
202176000,P_8_3_14,sw,0,
202176000,P_13_3_14,pressure,19002500,Pa
202176000,P_13_3_14,sg,0,
202176000,P_13_3_14,so,1,
202176000,P_13_3_14,sw,0,
202176000,P_3_8_14,pressure,19048700,Pa
202176000,P_3_8_14,sg,0,
202176000,P_3_8_14,so,1,
202176000,P_3_8_14,sw,0,
202176000,P_8_8_14,pressure,19048400,Pa
202176000,P_8_8_14,sg,0,
202176000,P_8_8_14,so,1,
202176000,P_8_8_14,sw,0,
202176000,P_13_8_14,pressure,19035100,Pa
202176000,P_13_8_14,sg,0,
202176000,P_13_8_14,so,1,
202176000,P_13_8_14,sw,0,
202176000,P_3_13_14,pressure,19058700,Pa
202176000,P_3_13_14,sg,0,
202176000,P_3_13_14,so,1,
202176000,P_3_13_14,sw,0,
202176000,P_8_13_14,pressure,19048700,Pa
202176000,P_8_13_14,sg,0,
202176000,P_8_13_14,so,1,
202176000,P_8_13_14,sw,0,
202176000,P_13_13_14,pressure,19003400,Pa
202176000,P_13_13_14,sg,0,
202176000,P_13_13_14,so,1,
202176000,P_13_13_14,sw,0,
202176000,P_3_3_13,pressure,19003800,Pa
202176000,P_3_3_13,sg,0,
202176000,P_3_3_13,so,1,
202176000,P_3_3_13,sw,0,
202176000,P_8_3_13,pressure,19043200,Pa
202176000,P_8_3_13,sg,0,
202176000,P_8_3_13,so,1,
202176000,P_8_3_13,sw,0,
202176000,P_13_3_13,pressure,19003000,Pa
202176000,P_13_3_13,sg,0,
202176000,P_13_3_13,so,1,
202176000,P_13_3_13,sw,0,
202176000,P_3_8_13,pressure,19056800,Pa
202176000,P_3_8_13,sg,0,
202176000,P_3_8_13,so,1,
202176000,P_3_8_13,sw,0,
202176000,P_8_8_13,pressure,19062800,Pa
202176000,P_8_8_13,sg,0,
202176000,P_8_8_13,so,1,
202176000,P_8_8_13,sw,0,
202176000,P_13_8_13,pressure,19043200,Pa
202176000,P_13_8_13,sg,0,
202176000,P_13_8_13,so,1,
202176000,P_13_8_13,sw,0,
202176000,P_3_13_13,pressure,19065800,Pa
202176000,P_3_13_13,sg,0,
202176000,P_3_13_13,so,1,
202176000,P_3_13_13,sw,0,
202176000,P_8_13_13,pressure,19056800,Pa
202176000,P_8_13_13,sg,0,
202176000,P_8_13_13,so,1,
202176000,P_8_13_13,sw,0,
202176000,P_13_13_13,pressure,19003800,Pa
202176000,P_13_13_13,sg,0,
202176000,P_13_13_13,so,1,
202176000,P_13_13_13,sw,0,
204768000,P_3_3_15,pressure,19003200,Pa
204768000,P_3_3_15,sg,0,
204768000,P_3_3_15,so,1,
204768000,P_3_3_15,sw,0,
204768000,P_8_3_15,pressure,19031300,Pa
204768000,P_8_3_15,sg,0,
204768000,P_8_3_15,so,1,
204768000,P_8_3_15,sw,0,
204768000,P_13_3_15,pressure,19002300,Pa
204768000,P_13_3_15,sg,0,
204768000,P_13_3_15,so,1,
204768000,P_13_3_15,sw,0,
204768000,P_3_8_15,pressure,19044800,Pa
204768000,P_3_8_15,sg,0,
204768000,P_3_8_15,so,1,
204768000,P_3_8_15,sw,0,
204768000,P_8_8_15,pressure,19042700,Pa
204768000,P_8_8_15,sg,0,
204768000,P_8_8_15,so,1,
204768000,P_8_8_15,sw,0,
204768000,P_13_8_15,pressure,19031300,Pa
204768000,P_13_8_15,sg,0,
204768000,P_13_8_15,so,1,
204768000,P_13_8_15,sw,0,
204768000,P_3_13_15,pressure,19055100,Pa
204768000,P_3_13_15,sg,0,
204768000,P_3_13_15,so,1,
204768000,P_3_13_15,sw,0,
204768000,P_8_13_15,pressure,19044800,Pa
204768000,P_8_13_15,sg,0,
204768000,P_8_13_15,so,1,
204768000,P_8_13_15,sw,0,
204768000,P_13_13_15,pressure,19003200,Pa
204768000,P_13_13_15,sg,0,
204768000,P_13_13_15,so,1,
204768000,P_13_13_15,sw,0,
204768000,P_3_3_14,pressure,19003400,Pa
204768000,P_3_3_14,sg,0,
204768000,P_3_3_14,so,1,
204768000,P_3_3_14,sw,0,
204768000,P_8_3_14,pressure,19035100,Pa
204768000,P_8_3_14,sg,0,
204768000,P_8_3_14,so,1,
204768000,P_8_3_14,sw,0,
204768000,P_13_3_14,pressure,19002500,Pa
204768000,P_13_3_14,sg,0,
204768000,P_13_3_14,so,1,
204768000,P_13_3_14,sw,0,
204768000,P_3_8_14,pressure,19048700,Pa
204768000,P_3_8_14,sg,0,
204768000,P_3_8_14,so,1,
204768000,P_3_8_14,sw,0,
204768000,P_8_8_14,pressure,19048400,Pa
204768000,P_8_8_14,sg,0,
204768000,P_8_8_14,so,1,
204768000,P_8_8_14,sw,0,
204768000,P_13_8_14,pressure,19035100,Pa
204768000,P_13_8_14,sg,0,
204768000,P_13_8_14,so,1,
204768000,P_13_8_14,sw,0,
204768000,P_3_13_14,pressure,19058700,Pa
204768000,P_3_13_14,sg,0,
204768000,P_3_13_14,so,1,
204768000,P_3_13_14,sw,0,
204768000,P_8_13_14,pressure,19048700,Pa
204768000,P_8_13_14,sg,0,
204768000,P_8_13_14,so,1,
204768000,P_8_13_14,sw,0,
204768000,P_13_13_14,pressure,19003400,Pa
204768000,P_13_13_14,sg,0,
204768000,P_13_13_14,so,1,
204768000,P_13_13_14,sw,0,
204768000,P_3_3_13,pressure,19003800,Pa
204768000,P_3_3_13,sg,0,
204768000,P_3_3_13,so,1,
204768000,P_3_3_13,sw,0,
204768000,P_8_3_13,pressure,19043200,Pa
204768000,P_8_3_13,sg,0,
204768000,P_8_3_13,so,1,
204768000,P_8_3_13,sw,0,
204768000,P_13_3_13,pressure,19003000,Pa
204768000,P_13_3_13,sg,0,
204768000,P_13_3_13,so,1,
204768000,P_13_3_13,sw,0,
204768000,P_3_8_13,pressure,19056800,Pa
204768000,P_3_8_13,sg,0,
204768000,P_3_8_13,so,1,
204768000,P_3_8_13,sw,0,
204768000,P_8_8_13,pressure,19062800,Pa
204768000,P_8_8_13,sg,0,
204768000,P_8_8_13,so,1,
204768000,P_8_8_13,sw,0,
204768000,P_13_8_13,pressure,19043200,Pa
204768000,P_13_8_13,sg,0,
204768000,P_13_8_13,so,1,
204768000,P_13_8_13,sw,0,
204768000,P_3_13_13,pressure,19065800,Pa
204768000,P_3_13_13,sg,0,
204768000,P_3_13_13,so,1,
204768000,P_3_13_13,sw,0,
204768000,P_8_13_13,pressure,19056800,Pa
204768000,P_8_13_13,sg,0,
204768000,P_8_13_13,so,1,
204768000,P_8_13_13,sw,0,
204768000,P_13_13_13,pressure,19003800,Pa
204768000,P_13_13_13,sg,0,
204768000,P_13_13_13,so,1,
204768000,P_13_13_13,sw,0,
207360000,P_3_3_15,pressure,19003200,Pa
207360000,P_3_3_15,sg,0,
207360000,P_3_3_15,so,1,
207360000,P_3_3_15,sw,0,
207360000,P_8_3_15,pressure,19031300,Pa
207360000,P_8_3_15,sg,0,
207360000,P_8_3_15,so,1,
207360000,P_8_3_15,sw,0,
207360000,P_13_3_15,pressure,19002300,Pa
207360000,P_13_3_15,sg,0,
207360000,P_13_3_15,so,1,
207360000,P_13_3_15,sw,0,
207360000,P_3_8_15,pressure,19044800,Pa
207360000,P_3_8_15,sg,0,
207360000,P_3_8_15,so,1,
207360000,P_3_8_15,sw,0,
207360000,P_8_8_15,pressure,19042700,Pa
207360000,P_8_8_15,sg,0,
207360000,P_8_8_15,so,1,
207360000,P_8_8_15,sw,0,
207360000,P_13_8_15,pressure,19031300,Pa
207360000,P_13_8_15,sg,0,
207360000,P_13_8_15,so,1,
207360000,P_13_8_15,sw,0,
207360000,P_3_13_15,pressure,19055100,Pa
207360000,P_3_13_15,sg,0,
207360000,P_3_13_15,so,1,
207360000,P_3_13_15,sw,0,
207360000,P_8_13_15,pressure,19044800,Pa
207360000,P_8_13_15,sg,0,
207360000,P_8_13_15,so,1,
207360000,P_8_13_15,sw,0,
207360000,P_13_13_15,pressure,19003200,Pa
207360000,P_13_13_15,sg,0,
207360000,P_13_13_15,so,1,
207360000,P_13_13_15,sw,0,
207360000,P_3_3_14,pressure,19003400,Pa
207360000,P_3_3_14,sg,0,
207360000,P_3_3_14,so,1,
207360000,P_3_3_14,sw,0,
207360000,P_8_3_14,pressure,19035100,Pa
207360000,P_8_3_14,sg,0,
207360000,P_8_3_14,so,1,
207360000,P_8_3_14,sw,0,
207360000,P_13_3_14,pressure,19002500,Pa
207360000,P_13_3_14,sg,0,
207360000,P_13_3_14,so,1,
207360000,P_13_3_14,sw,0,
207360000,P_3_8_14,pressure,19048700,Pa
207360000,P_3_8_14,sg,0,
207360000,P_3_8_14,so,1,
207360000,P_3_8_14,sw,0,
207360000,P_8_8_14,pressure,19048400,Pa
207360000,P_8_8_14,sg,0,
207360000,P_8_8_14,so,1,
207360000,P_8_8_14,sw,0,
207360000,P_13_8_14,pressure,19035100,Pa
207360000,P_13_8_14,sg,0,
207360000,P_13_8_14,so,1,
207360000,P_13_8_14,sw,0,
207360000,P_3_13_14,pressure,19058700,Pa
207360000,P_3_13_14,sg,0,
207360000,P_3_13_14,so,1,
207360000,P_3_13_14,sw,0,
207360000,P_8_13_14,pressure,19048700,Pa
207360000,P_8_13_14,sg,0,
207360000,P_8_13_14,so,1,
207360000,P_8_13_14,sw,0,
207360000,P_13_13_14,pressure,19003400,Pa
207360000,P_13_13_14,sg,0,
207360000,P_13_13_14,so,1,
207360000,P_13_13_14,sw,0,
207360000,P_3_3_13,pressure,19003800,Pa
207360000,P_3_3_13,sg,0,
207360000,P_3_3_13,so,1,
207360000,P_3_3_13,sw,0,
207360000,P_8_3_13,pressure,19043200,Pa
207360000,P_8_3_13,sg,0,
207360000,P_8_3_13,so,1,
207360000,P_8_3_13,sw,0,
207360000,P_13_3_13,pressure,19003000,Pa
207360000,P_13_3_13,sg,0,
207360000,P_13_3_13,so,1,
207360000,P_13_3_13,sw,0,
207360000,P_3_8_13,pressure,19056800,Pa
207360000,P_3_8_13,sg,0,
207360000,P_3_8_13,so,1,
207360000,P_3_8_13,sw,0,
207360000,P_8_8_13,pressure,19062800,Pa
207360000,P_8_8_13,sg,0,
207360000,P_8_8_13,so,1,
207360000,P_8_8_13,sw,0,
207360000,P_13_8_13,pressure,19043200,Pa
207360000,P_13_8_13,sg,0,
207360000,P_13_8_13,so,1,
207360000,P_13_8_13,sw,0,
207360000,P_3_13_13,pressure,19065800,Pa
207360000,P_3_13_13,sg,0,
207360000,P_3_13_13,so,1,
207360000,P_3_13_13,sw,0,
207360000,P_8_13_13,pressure,19056800,Pa
207360000,P_8_13_13,sg,0,
207360000,P_8_13_13,so,1,
207360000,P_8_13_13,sw,0,
207360000,P_13_13_13,pressure,19003800,Pa
207360000,P_13_13_13,sg,0,
207360000,P_13_13_13,so,1,
207360000,P_13_13_13,sw,0,
209952000,P_3_3_15,pressure,19003200,Pa
209952000,P_3_3_15,sg,0,
209952000,P_3_3_15,so,1,
209952000,P_3_3_15,sw,0,
209952000,P_8_3_15,pressure,19031300,Pa
209952000,P_8_3_15,sg,0,
209952000,P_8_3_15,so,1,
209952000,P_8_3_15,sw,0,
209952000,P_13_3_15,pressure,19002300,Pa
209952000,P_13_3_15,sg,0,
209952000,P_13_3_15,so,1,
209952000,P_13_3_15,sw,0,
209952000,P_3_8_15,pressure,19044800,Pa
209952000,P_3_8_15,sg,0,
209952000,P_3_8_15,so,1,
209952000,P_3_8_15,sw,0,
209952000,P_8_8_15,pressure,19042700,Pa
209952000,P_8_8_15,sg,0,
209952000,P_8_8_15,so,1,
209952000,P_8_8_15,sw,0,
209952000,P_13_8_15,pressure,19031300,Pa
209952000,P_13_8_15,sg,0,
209952000,P_13_8_15,so,1,
209952000,P_13_8_15,sw,0,
209952000,P_3_13_15,pressure,19055100,Pa
209952000,P_3_13_15,sg,0,
209952000,P_3_13_15,so,1,
209952000,P_3_13_15,sw,0,
209952000,P_8_13_15,pressure,19044800,Pa
209952000,P_8_13_15,sg,0,
209952000,P_8_13_15,so,1,
209952000,P_8_13_15,sw,0,
209952000,P_13_13_15,pressure,19003200,Pa
209952000,P_13_13_15,sg,0,
209952000,P_13_13_15,so,1,
209952000,P_13_13_15,sw,0,
209952000,P_3_3_14,pressure,19003400,Pa
209952000,P_3_3_14,sg,0,
209952000,P_3_3_14,so,1,
209952000,P_3_3_14,sw,0,
209952000,P_8_3_14,pressure,19035100,Pa
209952000,P_8_3_14,sg,0,
209952000,P_8_3_14,so,1,
209952000,P_8_3_14,sw,0,
209952000,P_13_3_14,pressure,19002500,Pa
209952000,P_13_3_14,sg,0,
209952000,P_13_3_14,so,1,
209952000,P_13_3_14,sw,0,
209952000,P_3_8_14,pressure,19048700,Pa
209952000,P_3_8_14,sg,0,
209952000,P_3_8_14,so,1,
209952000,P_3_8_14,sw,0,
209952000,P_8_8_14,pressure,19048400,Pa
209952000,P_8_8_14,sg,0,
209952000,P_8_8_14,so,1,
209952000,P_8_8_14,sw,0,
209952000,P_13_8_14,pressure,19035100,Pa
209952000,P_13_8_14,sg,0,
209952000,P_13_8_14,so,1,
209952000,P_13_8_14,sw,0,
209952000,P_3_13_14,pressure,19058700,Pa
209952000,P_3_13_14,sg,0,
209952000,P_3_13_14,so,1,
209952000,P_3_13_14,sw,0,
209952000,P_8_13_14,pressure,19048700,Pa
209952000,P_8_13_14,sg,0,
209952000,P_8_13_14,so,1,
209952000,P_8_13_14,sw,0,
209952000,P_13_13_14,pressure,19003400,Pa
209952000,P_13_13_14,sg,0,
209952000,P_13_13_14,so,1,
209952000,P_13_13_14,sw,0,
209952000,P_3_3_13,pressure,19003800,Pa
209952000,P_3_3_13,sg,0,
209952000,P_3_3_13,so,1,
209952000,P_3_3_13,sw,0,
209952000,P_8_3_13,pressure,19043200,Pa
209952000,P_8_3_13,sg,0,
209952000,P_8_3_13,so,1,
209952000,P_8_3_13,sw,0,
209952000,P_13_3_13,pressure,19003000,Pa
209952000,P_13_3_13,sg,0,
209952000,P_13_3_13,so,1,
209952000,P_13_3_13,sw,0,
209952000,P_3_8_13,pressure,19056800,Pa
209952000,P_3_8_13,sg,0,
209952000,P_3_8_13,so,1,
209952000,P_3_8_13,sw,0,
209952000,P_8_8_13,pressure,19062800,Pa
209952000,P_8_8_13,sg,0,
209952000,P_8_8_13,so,1,
209952000,P_8_8_13,sw,0,
209952000,P_13_8_13,pressure,19043200,Pa
209952000,P_13_8_13,sg,0,
209952000,P_13_8_13,so,1,
209952000,P_13_8_13,sw,0,
209952000,P_3_13_13,pressure,19065800,Pa
209952000,P_3_13_13,sg,0,
209952000,P_3_13_13,so,1,
209952000,P_3_13_13,sw,0,
209952000,P_8_13_13,pressure,19056800,Pa
209952000,P_8_13_13,sg,0,
209952000,P_8_13_13,so,1,
209952000,P_8_13_13,sw,0,
209952000,P_13_13_13,pressure,19003800,Pa
209952000,P_13_13_13,sg,0,
209952000,P_13_13_13,so,1,
209952000,P_13_13_13,sw,0,
212544000,P_3_3_15,pressure,19003200,Pa
212544000,P_3_3_15,sg,0,
212544000,P_3_3_15,so,1,
212544000,P_3_3_15,sw,0,
212544000,P_8_3_15,pressure,19031300,Pa
212544000,P_8_3_15,sg,0,
212544000,P_8_3_15,so,1,
212544000,P_8_3_15,sw,0,
212544000,P_13_3_15,pressure,19002300,Pa
212544000,P_13_3_15,sg,0,
212544000,P_13_3_15,so,1,
212544000,P_13_3_15,sw,0,
212544000,P_3_8_15,pressure,19044800,Pa
212544000,P_3_8_15,sg,0,
212544000,P_3_8_15,so,1,
212544000,P_3_8_15,sw,0,
212544000,P_8_8_15,pressure,19042700,Pa
212544000,P_8_8_15,sg,0,
212544000,P_8_8_15,so,1,
212544000,P_8_8_15,sw,0,
212544000,P_13_8_15,pressure,19031300,Pa
212544000,P_13_8_15,sg,0,
212544000,P_13_8_15,so,1,
212544000,P_13_8_15,sw,0,
212544000,P_3_13_15,pressure,19055100,Pa
212544000,P_3_13_15,sg,0,
212544000,P_3_13_15,so,1,
212544000,P_3_13_15,sw,0,
212544000,P_8_13_15,pressure,19044800,Pa
212544000,P_8_13_15,sg,0,
212544000,P_8_13_15,so,1,
212544000,P_8_13_15,sw,0,
212544000,P_13_13_15,pressure,19003200,Pa
212544000,P_13_13_15,sg,0,
212544000,P_13_13_15,so,1,
212544000,P_13_13_15,sw,0,
212544000,P_3_3_14,pressure,19003400,Pa
212544000,P_3_3_14,sg,0,
212544000,P_3_3_14,so,1,
212544000,P_3_3_14,sw,0,
212544000,P_8_3_14,pressure,19035100,Pa
212544000,P_8_3_14,sg,0,
212544000,P_8_3_14,so,1,
212544000,P_8_3_14,sw,0,
212544000,P_13_3_14,pressure,19002500,Pa
212544000,P_13_3_14,sg,0,
212544000,P_13_3_14,so,1,
212544000,P_13_3_14,sw,0,
212544000,P_3_8_14,pressure,19048700,Pa
212544000,P_3_8_14,sg,0,
212544000,P_3_8_14,so,1,
212544000,P_3_8_14,sw,0,
212544000,P_8_8_14,pressure,19048400,Pa
212544000,P_8_8_14,sg,0,
212544000,P_8_8_14,so,1,
212544000,P_8_8_14,sw,0,
212544000,P_13_8_14,pressure,19035100,Pa
212544000,P_13_8_14,sg,0,
212544000,P_13_8_14,so,1,
212544000,P_13_8_14,sw,0,
212544000,P_3_13_14,pressure,19058700,Pa
212544000,P_3_13_14,sg,0,
212544000,P_3_13_14,so,1,
212544000,P_3_13_14,sw,0,
212544000,P_8_13_14,pressure,19048700,Pa
212544000,P_8_13_14,sg,0,
212544000,P_8_13_14,so,1,
212544000,P_8_13_14,sw,0,
212544000,P_13_13_14,pressure,19003400,Pa
212544000,P_13_13_14,sg,0,
212544000,P_13_13_14,so,1,
212544000,P_13_13_14,sw,0,
212544000,P_3_3_13,pressure,19003800,Pa
212544000,P_3_3_13,sg,0,
212544000,P_3_3_13,so,1,
212544000,P_3_3_13,sw,0,
212544000,P_8_3_13,pressure,19043200,Pa
212544000,P_8_3_13,sg,0,
212544000,P_8_3_13,so,1,
212544000,P_8_3_13,sw,0,
212544000,P_13_3_13,pressure,19003000,Pa
212544000,P_13_3_13,sg,0,
212544000,P_13_3_13,so,1,
212544000,P_13_3_13,sw,0,
212544000,P_3_8_13,pressure,19056800,Pa
212544000,P_3_8_13,sg,0,
212544000,P_3_8_13,so,1,
212544000,P_3_8_13,sw,0,
212544000,P_8_8_13,pressure,19062800,Pa
212544000,P_8_8_13,sg,0,
212544000,P_8_8_13,so,1,
212544000,P_8_8_13,sw,0,
212544000,P_13_8_13,pressure,19043200,Pa
212544000,P_13_8_13,sg,0,
212544000,P_13_8_13,so,1,
212544000,P_13_8_13,sw,0,
212544000,P_3_13_13,pressure,19065800,Pa
212544000,P_3_13_13,sg,0,
212544000,P_3_13_13,so,1,
212544000,P_3_13_13,sw,0,
212544000,P_8_13_13,pressure,19056800,Pa
212544000,P_8_13_13,sg,0,
212544000,P_8_13_13,so,1,
212544000,P_8_13_13,sw,0,
212544000,P_13_13_13,pressure,19003800,Pa
212544000,P_13_13_13,sg,0,
212544000,P_13_13_13,so,1,
212544000,P_13_13_13,sw,0,
215136000,P_3_3_15,pressure,19003200,Pa
215136000,P_3_3_15,sg,0,
215136000,P_3_3_15,so,1,
215136000,P_3_3_15,sw,0,
215136000,P_8_3_15,pressure,19031300,Pa
215136000,P_8_3_15,sg,0,
215136000,P_8_3_15,so,1,
215136000,P_8_3_15,sw,0,
215136000,P_13_3_15,pressure,19002300,Pa
215136000,P_13_3_15,sg,0,
215136000,P_13_3_15,so,1,
215136000,P_13_3_15,sw,0,
215136000,P_3_8_15,pressure,19044800,Pa
215136000,P_3_8_15,sg,0,
215136000,P_3_8_15,so,1,
215136000,P_3_8_15,sw,0,
215136000,P_8_8_15,pressure,19042700,Pa
215136000,P_8_8_15,sg,0,
215136000,P_8_8_15,so,1,
215136000,P_8_8_15,sw,0,
215136000,P_13_8_15,pressure,19031300,Pa
215136000,P_13_8_15,sg,0,
215136000,P_13_8_15,so,1,
215136000,P_13_8_15,sw,0,
215136000,P_3_13_15,pressure,19055100,Pa
215136000,P_3_13_15,sg,0,
215136000,P_3_13_15,so,1,
215136000,P_3_13_15,sw,0,
215136000,P_8_13_15,pressure,19044800,Pa
215136000,P_8_13_15,sg,0,
215136000,P_8_13_15,so,1,
215136000,P_8_13_15,sw,0,
215136000,P_13_13_15,pressure,19003200,Pa
215136000,P_13_13_15,sg,0,
215136000,P_13_13_15,so,1,
215136000,P_13_13_15,sw,0,
215136000,P_3_3_14,pressure,19003400,Pa
215136000,P_3_3_14,sg,0,
215136000,P_3_3_14,so,1,
215136000,P_3_3_14,sw,0,
215136000,P_8_3_14,pressure,19035100,Pa
215136000,P_8_3_14,sg,0,
215136000,P_8_3_14,so,1,
215136000,P_8_3_14,sw,0,
215136000,P_13_3_14,pressure,19002500,Pa
215136000,P_13_3_14,sg,0,
215136000,P_13_3_14,so,1,
215136000,P_13_3_14,sw,0,
215136000,P_3_8_14,pressure,19048700,Pa
215136000,P_3_8_14,sg,0,
215136000,P_3_8_14,so,1,
215136000,P_3_8_14,sw,0,
215136000,P_8_8_14,pressure,19048400,Pa
215136000,P_8_8_14,sg,0,
215136000,P_8_8_14,so,1,
215136000,P_8_8_14,sw,0,
215136000,P_13_8_14,pressure,19035100,Pa
215136000,P_13_8_14,sg,0,
215136000,P_13_8_14,so,1,
215136000,P_13_8_14,sw,0,
215136000,P_3_13_14,pressure,19058700,Pa
215136000,P_3_13_14,sg,0,
215136000,P_3_13_14,so,1,
215136000,P_3_13_14,sw,0,
215136000,P_8_13_14,pressure,19048700,Pa
215136000,P_8_13_14,sg,0,
215136000,P_8_13_14,so,1,
215136000,P_8_13_14,sw,0,
215136000,P_13_13_14,pressure,19003400,Pa
215136000,P_13_13_14,sg,0,
215136000,P_13_13_14,so,1,
215136000,P_13_13_14,sw,0,
215136000,P_3_3_13,pressure,19003800,Pa
215136000,P_3_3_13,sg,0,
215136000,P_3_3_13,so,1,
215136000,P_3_3_13,sw,0,
215136000,P_8_3_13,pressure,19043200,Pa
215136000,P_8_3_13,sg,0,
215136000,P_8_3_13,so,1,
215136000,P_8_3_13,sw,0,
215136000,P_13_3_13,pressure,19003000,Pa
215136000,P_13_3_13,sg,0,
215136000,P_13_3_13,so,1,
215136000,P_13_3_13,sw,0,
215136000,P_3_8_13,pressure,19056800,Pa
215136000,P_3_8_13,sg,0,
215136000,P_3_8_13,so,1,
215136000,P_3_8_13,sw,0,
215136000,P_8_8_13,pressure,19062800,Pa
215136000,P_8_8_13,sg,0,
215136000,P_8_8_13,so,1,
215136000,P_8_8_13,sw,0,
215136000,P_13_8_13,pressure,19043200,Pa
215136000,P_13_8_13,sg,0,
215136000,P_13_8_13,so,1,
215136000,P_13_8_13,sw,0,
215136000,P_3_13_13,pressure,19065800,Pa
215136000,P_3_13_13,sg,0,
215136000,P_3_13_13,so,1,
215136000,P_3_13_13,sw,0,
215136000,P_8_13_13,pressure,19056800,Pa
215136000,P_8_13_13,sg,0,
215136000,P_8_13_13,so,1,
215136000,P_8_13_13,sw,0,
215136000,P_13_13_13,pressure,19003800,Pa
215136000,P_13_13_13,sg,0,
215136000,P_13_13_13,so,1,
215136000,P_13_13_13,sw,0,
217728000,P_3_3_15,pressure,19003200,Pa
217728000,P_3_3_15,sg,0,
217728000,P_3_3_15,so,1,
217728000,P_3_3_15,sw,0,
217728000,P_8_3_15,pressure,19031300,Pa
217728000,P_8_3_15,sg,0,
217728000,P_8_3_15,so,1,
217728000,P_8_3_15,sw,0,
217728000,P_13_3_15,pressure,19002300,Pa
217728000,P_13_3_15,sg,0,
217728000,P_13_3_15,so,1,
217728000,P_13_3_15,sw,0,
217728000,P_3_8_15,pressure,19044800,Pa
217728000,P_3_8_15,sg,0,
217728000,P_3_8_15,so,1,
217728000,P_3_8_15,sw,0,
217728000,P_8_8_15,pressure,19042700,Pa
217728000,P_8_8_15,sg,0,
217728000,P_8_8_15,so,1,
217728000,P_8_8_15,sw,0,
217728000,P_13_8_15,pressure,19031300,Pa
217728000,P_13_8_15,sg,0,
217728000,P_13_8_15,so,1,
217728000,P_13_8_15,sw,0,
217728000,P_3_13_15,pressure,19055100,Pa
217728000,P_3_13_15,sg,0,
217728000,P_3_13_15,so,1,
217728000,P_3_13_15,sw,0,
217728000,P_8_13_15,pressure,19044800,Pa
217728000,P_8_13_15,sg,0,
217728000,P_8_13_15,so,1,
217728000,P_8_13_15,sw,0,
217728000,P_13_13_15,pressure,19003200,Pa
217728000,P_13_13_15,sg,0,
217728000,P_13_13_15,so,1,
217728000,P_13_13_15,sw,0,
217728000,P_3_3_14,pressure,19003400,Pa
217728000,P_3_3_14,sg,0,
217728000,P_3_3_14,so,1,
217728000,P_3_3_14,sw,0,
217728000,P_8_3_14,pressure,19035100,Pa
217728000,P_8_3_14,sg,0,
217728000,P_8_3_14,so,1,
217728000,P_8_3_14,sw,0,
217728000,P_13_3_14,pressure,19002500,Pa
217728000,P_13_3_14,sg,0,
217728000,P_13_3_14,so,1,
217728000,P_13_3_14,sw,0,
217728000,P_3_8_14,pressure,19048700,Pa
217728000,P_3_8_14,sg,0,
217728000,P_3_8_14,so,1,
217728000,P_3_8_14,sw,0,
217728000,P_8_8_14,pressure,19048400,Pa
217728000,P_8_8_14,sg,0,
217728000,P_8_8_14,so,1,
217728000,P_8_8_14,sw,0,
217728000,P_13_8_14,pressure,19035100,Pa
217728000,P_13_8_14,sg,0,
217728000,P_13_8_14,so,1,
217728000,P_13_8_14,sw,0,
217728000,P_3_13_14,pressure,19058700,Pa
217728000,P_3_13_14,sg,0,
217728000,P_3_13_14,so,1,
217728000,P_3_13_14,sw,0,
217728000,P_8_13_14,pressure,19048700,Pa
217728000,P_8_13_14,sg,0,
217728000,P_8_13_14,so,1,
217728000,P_8_13_14,sw,0,
217728000,P_13_13_14,pressure,19003400,Pa
217728000,P_13_13_14,sg,0,
217728000,P_13_13_14,so,1,
217728000,P_13_13_14,sw,0,
217728000,P_3_3_13,pressure,19003800,Pa
217728000,P_3_3_13,sg,0,
217728000,P_3_3_13,so,1,
217728000,P_3_3_13,sw,0,
217728000,P_8_3_13,pressure,19043200,Pa
217728000,P_8_3_13,sg,0,
217728000,P_8_3_13,so,1,
217728000,P_8_3_13,sw,0,
217728000,P_13_3_13,pressure,19003000,Pa
217728000,P_13_3_13,sg,0,
217728000,P_13_3_13,so,1,
217728000,P_13_3_13,sw,0,
217728000,P_3_8_13,pressure,19056800,Pa
217728000,P_3_8_13,sg,0,
217728000,P_3_8_13,so,1,
217728000,P_3_8_13,sw,0,
217728000,P_8_8_13,pressure,19062800,Pa
217728000,P_8_8_13,sg,0,
217728000,P_8_8_13,so,1,
217728000,P_8_8_13,sw,0,
217728000,P_13_8_13,pressure,19043200,Pa
217728000,P_13_8_13,sg,0,
217728000,P_13_8_13,so,1,
217728000,P_13_8_13,sw,0,
217728000,P_3_13_13,pressure,19065800,Pa
217728000,P_3_13_13,sg,0,
217728000,P_3_13_13,so,1,
217728000,P_3_13_13,sw,0,
217728000,P_8_13_13,pressure,19056800,Pa
217728000,P_8_13_13,sg,0,
217728000,P_8_13_13,so,1,
217728000,P_8_13_13,sw,0,
217728000,P_13_13_13,pressure,19003800,Pa
217728000,P_13_13_13,sg,0,
217728000,P_13_13_13,so,1,
217728000,P_13_13_13,sw,0,
220320000,P_3_3_15,pressure,19003200,Pa
220320000,P_3_3_15,sg,0,
220320000,P_3_3_15,so,1,
220320000,P_3_3_15,sw,0,
220320000,P_8_3_15,pressure,19031300,Pa
220320000,P_8_3_15,sg,0,
220320000,P_8_3_15,so,1,
220320000,P_8_3_15,sw,0,
220320000,P_13_3_15,pressure,19002300,Pa
220320000,P_13_3_15,sg,0,
220320000,P_13_3_15,so,1,
220320000,P_13_3_15,sw,0,
220320000,P_3_8_15,pressure,19044800,Pa
220320000,P_3_8_15,sg,0,
220320000,P_3_8_15,so,1,
220320000,P_3_8_15,sw,0,
220320000,P_8_8_15,pressure,19042700,Pa
220320000,P_8_8_15,sg,0,
220320000,P_8_8_15,so,1,
220320000,P_8_8_15,sw,0,
220320000,P_13_8_15,pressure,19031300,Pa
220320000,P_13_8_15,sg,0,
220320000,P_13_8_15,so,1,
220320000,P_13_8_15,sw,0,
220320000,P_3_13_15,pressure,19055100,Pa
220320000,P_3_13_15,sg,0,
220320000,P_3_13_15,so,1,
220320000,P_3_13_15,sw,0,
220320000,P_8_13_15,pressure,19044800,Pa
220320000,P_8_13_15,sg,0,
220320000,P_8_13_15,so,1,
220320000,P_8_13_15,sw,0,
220320000,P_13_13_15,pressure,19003200,Pa
220320000,P_13_13_15,sg,0,
220320000,P_13_13_15,so,1,
220320000,P_13_13_15,sw,0,
220320000,P_3_3_14,pressure,19003400,Pa
220320000,P_3_3_14,sg,0,
220320000,P_3_3_14,so,1,
220320000,P_3_3_14,sw,0,
220320000,P_8_3_14,pressure,19035100,Pa
220320000,P_8_3_14,sg,0,
220320000,P_8_3_14,so,1,
220320000,P_8_3_14,sw,0,
220320000,P_13_3_14,pressure,19002500,Pa
220320000,P_13_3_14,sg,0,
220320000,P_13_3_14,so,1,
220320000,P_13_3_14,sw,0,
220320000,P_3_8_14,pressure,19048700,Pa
220320000,P_3_8_14,sg,0,
220320000,P_3_8_14,so,1,
220320000,P_3_8_14,sw,0,
220320000,P_8_8_14,pressure,19048400,Pa
220320000,P_8_8_14,sg,0,
220320000,P_8_8_14,so,1,
220320000,P_8_8_14,sw,0,
220320000,P_13_8_14,pressure,19035100,Pa
220320000,P_13_8_14,sg,0,
220320000,P_13_8_14,so,1,
220320000,P_13_8_14,sw,0,
220320000,P_3_13_14,pressure,19058700,Pa
220320000,P_3_13_14,sg,0,
220320000,P_3_13_14,so,1,
220320000,P_3_13_14,sw,0,
220320000,P_8_13_14,pressure,19048700,Pa
220320000,P_8_13_14,sg,0,
220320000,P_8_13_14,so,1,
220320000,P_8_13_14,sw,0,
220320000,P_13_13_14,pressure,19003400,Pa
220320000,P_13_13_14,sg,0,
220320000,P_13_13_14,so,1,
220320000,P_13_13_14,sw,0,
220320000,P_3_3_13,pressure,19003800,Pa
220320000,P_3_3_13,sg,0,
220320000,P_3_3_13,so,1,
220320000,P_3_3_13,sw,0,
220320000,P_8_3_13,pressure,19043200,Pa
220320000,P_8_3_13,sg,0,
220320000,P_8_3_13,so,1,
220320000,P_8_3_13,sw,0,
220320000,P_13_3_13,pressure,19003000,Pa
220320000,P_13_3_13,sg,0,
220320000,P_13_3_13,so,1,
220320000,P_13_3_13,sw,0,
220320000,P_3_8_13,pressure,19056800,Pa
220320000,P_3_8_13,sg,0,
220320000,P_3_8_13,so,1,
220320000,P_3_8_13,sw,0,
220320000,P_8_8_13,pressure,19062800,Pa
220320000,P_8_8_13,sg,0,
220320000,P_8_8_13,so,1,
220320000,P_8_8_13,sw,0,
220320000,P_13_8_13,pressure,19043200,Pa
220320000,P_13_8_13,sg,0,
220320000,P_13_8_13,so,1,
220320000,P_13_8_13,sw,0,
220320000,P_3_13_13,pressure,19065800,Pa
220320000,P_3_13_13,sg,0,
220320000,P_3_13_13,so,1,
220320000,P_3_13_13,sw,0,
220320000,P_8_13_13,pressure,19056800,Pa
220320000,P_8_13_13,sg,0,
220320000,P_8_13_13,so,1,
220320000,P_8_13_13,sw,0,
220320000,P_13_13_13,pressure,19003800,Pa
220320000,P_13_13_13,sg,0,
220320000,P_13_13_13,so,1,
220320000,P_13_13_13,sw,0,
222912000,P_3_3_15,pressure,19003200,Pa
222912000,P_3_3_15,sg,0,
222912000,P_3_3_15,so,1,
222912000,P_3_3_15,sw,0,
222912000,P_8_3_15,pressure,19031300,Pa
222912000,P_8_3_15,sg,0,
222912000,P_8_3_15,so,1,
222912000,P_8_3_15,sw,0,
222912000,P_13_3_15,pressure,19002300,Pa
222912000,P_13_3_15,sg,0,
222912000,P_13_3_15,so,1,
222912000,P_13_3_15,sw,0,
222912000,P_3_8_15,pressure,19044800,Pa
222912000,P_3_8_15,sg,0,
222912000,P_3_8_15,so,1,
222912000,P_3_8_15,sw,0,
222912000,P_8_8_15,pressure,19042700,Pa
222912000,P_8_8_15,sg,0,
222912000,P_8_8_15,so,1,
222912000,P_8_8_15,sw,0,
222912000,P_13_8_15,pressure,19031300,Pa
222912000,P_13_8_15,sg,0,
222912000,P_13_8_15,so,1,
222912000,P_13_8_15,sw,0,
222912000,P_3_13_15,pressure,19055100,Pa
222912000,P_3_13_15,sg,0,
222912000,P_3_13_15,so,1,
222912000,P_3_13_15,sw,0,
222912000,P_8_13_15,pressure,19044800,Pa
222912000,P_8_13_15,sg,0,
222912000,P_8_13_15,so,1,
222912000,P_8_13_15,sw,0,
222912000,P_13_13_15,pressure,19003200,Pa
222912000,P_13_13_15,sg,0,
222912000,P_13_13_15,so,1,
222912000,P_13_13_15,sw,0,
222912000,P_3_3_14,pressure,19003400,Pa
222912000,P_3_3_14,sg,0,
222912000,P_3_3_14,so,1,
222912000,P_3_3_14,sw,0,
222912000,P_8_3_14,pressure,19035100,Pa
222912000,P_8_3_14,sg,0,
222912000,P_8_3_14,so,1,
222912000,P_8_3_14,sw,0,
222912000,P_13_3_14,pressure,19002500,Pa
222912000,P_13_3_14,sg,0,
222912000,P_13_3_14,so,1,
222912000,P_13_3_14,sw,0,
222912000,P_3_8_14,pressure,19048700,Pa
222912000,P_3_8_14,sg,0,
222912000,P_3_8_14,so,1,
222912000,P_3_8_14,sw,0,
222912000,P_8_8_14,pressure,19048400,Pa
222912000,P_8_8_14,sg,0,
222912000,P_8_8_14,so,1,
222912000,P_8_8_14,sw,0,
222912000,P_13_8_14,pressure,19035100,Pa
222912000,P_13_8_14,sg,0,
222912000,P_13_8_14,so,1,
222912000,P_13_8_14,sw,0,
222912000,P_3_13_14,pressure,19058700,Pa
222912000,P_3_13_14,sg,0,
222912000,P_3_13_14,so,1,
222912000,P_3_13_14,sw,0,
222912000,P_8_13_14,pressure,19048700,Pa
222912000,P_8_13_14,sg,0,
222912000,P_8_13_14,so,1,
222912000,P_8_13_14,sw,0,
222912000,P_13_13_14,pressure,19003400,Pa
222912000,P_13_13_14,sg,0,
222912000,P_13_13_14,so,1,
222912000,P_13_13_14,sw,0,
222912000,P_3_3_13,pressure,19003800,Pa
222912000,P_3_3_13,sg,0,
222912000,P_3_3_13,so,1,
222912000,P_3_3_13,sw,0,
222912000,P_8_3_13,pressure,19043200,Pa
222912000,P_8_3_13,sg,0,
222912000,P_8_3_13,so,1,
222912000,P_8_3_13,sw,0,
222912000,P_13_3_13,pressure,19003000,Pa
222912000,P_13_3_13,sg,0,
222912000,P_13_3_13,so,1,
222912000,P_13_3_13,sw,0,
222912000,P_3_8_13,pressure,19056800,Pa
222912000,P_3_8_13,sg,0,
222912000,P_3_8_13,so,1,
222912000,P_3_8_13,sw,0,
222912000,P_8_8_13,pressure,19062800,Pa
222912000,P_8_8_13,sg,0,
222912000,P_8_8_13,so,1,
222912000,P_8_8_13,sw,0,
222912000,P_13_8_13,pressure,19043200,Pa
222912000,P_13_8_13,sg,0,
222912000,P_13_8_13,so,1,
222912000,P_13_8_13,sw,0,
222912000,P_3_13_13,pressure,19065800,Pa
222912000,P_3_13_13,sg,0,
222912000,P_3_13_13,so,1,
222912000,P_3_13_13,sw,0,
222912000,P_8_13_13,pressure,19056800,Pa
222912000,P_8_13_13,sg,0,
222912000,P_8_13_13,so,1,
222912000,P_8_13_13,sw,0,
222912000,P_13_13_13,pressure,19003800,Pa
222912000,P_13_13_13,sg,0,
222912000,P_13_13_13,so,1,
222912000,P_13_13_13,sw,0,
225504000,P_3_3_15,pressure,19003200,Pa
225504000,P_3_3_15,sg,0,
225504000,P_3_3_15,so,1,
225504000,P_3_3_15,sw,0,
225504000,P_8_3_15,pressure,19031300,Pa
225504000,P_8_3_15,sg,0,
225504000,P_8_3_15,so,1,
225504000,P_8_3_15,sw,0,
225504000,P_13_3_15,pressure,19002300,Pa
225504000,P_13_3_15,sg,0,
225504000,P_13_3_15,so,1,
225504000,P_13_3_15,sw,0,
225504000,P_3_8_15,pressure,19044800,Pa
225504000,P_3_8_15,sg,0,
225504000,P_3_8_15,so,1,
225504000,P_3_8_15,sw,0,
225504000,P_8_8_15,pressure,19042700,Pa
225504000,P_8_8_15,sg,0,
225504000,P_8_8_15,so,1,
225504000,P_8_8_15,sw,0,
225504000,P_13_8_15,pressure,19031300,Pa
225504000,P_13_8_15,sg,0,
225504000,P_13_8_15,so,1,
225504000,P_13_8_15,sw,0,
225504000,P_3_13_15,pressure,19055100,Pa
225504000,P_3_13_15,sg,0,
225504000,P_3_13_15,so,1,
225504000,P_3_13_15,sw,0,
225504000,P_8_13_15,pressure,19044800,Pa
225504000,P_8_13_15,sg,0,
225504000,P_8_13_15,so,1,
225504000,P_8_13_15,sw,0,
225504000,P_13_13_15,pressure,19003200,Pa
225504000,P_13_13_15,sg,0,
225504000,P_13_13_15,so,1,
225504000,P_13_13_15,sw,0,
225504000,P_3_3_14,pressure,19003400,Pa
225504000,P_3_3_14,sg,0,
225504000,P_3_3_14,so,1,
225504000,P_3_3_14,sw,0,
225504000,P_8_3_14,pressure,19035100,Pa
225504000,P_8_3_14,sg,0,
225504000,P_8_3_14,so,1,
225504000,P_8_3_14,sw,0,
225504000,P_13_3_14,pressure,19002500,Pa
225504000,P_13_3_14,sg,0,
225504000,P_13_3_14,so,1,
225504000,P_13_3_14,sw,0,
225504000,P_3_8_14,pressure,19048700,Pa
225504000,P_3_8_14,sg,0,
225504000,P_3_8_14,so,1,
225504000,P_3_8_14,sw,0,
225504000,P_8_8_14,pressure,19048400,Pa
225504000,P_8_8_14,sg,0,
225504000,P_8_8_14,so,1,
225504000,P_8_8_14,sw,0,
225504000,P_13_8_14,pressure,19035100,Pa
225504000,P_13_8_14,sg,0,
225504000,P_13_8_14,so,1,
225504000,P_13_8_14,sw,0,
225504000,P_3_13_14,pressure,19058700,Pa
225504000,P_3_13_14,sg,0,
225504000,P_3_13_14,so,1,
225504000,P_3_13_14,sw,0,
225504000,P_8_13_14,pressure,19048700,Pa
225504000,P_8_13_14,sg,0,
225504000,P_8_13_14,so,1,
225504000,P_8_13_14,sw,0,
225504000,P_13_13_14,pressure,19003400,Pa
225504000,P_13_13_14,sg,0,
225504000,P_13_13_14,so,1,
225504000,P_13_13_14,sw,0,
225504000,P_3_3_13,pressure,19003800,Pa
225504000,P_3_3_13,sg,0,
225504000,P_3_3_13,so,1,
225504000,P_3_3_13,sw,0,
225504000,P_8_3_13,pressure,19043200,Pa
225504000,P_8_3_13,sg,0,
225504000,P_8_3_13,so,1,
225504000,P_8_3_13,sw,0,
225504000,P_13_3_13,pressure,19003000,Pa
225504000,P_13_3_13,sg,0,
225504000,P_13_3_13,so,1,
225504000,P_13_3_13,sw,0,
225504000,P_3_8_13,pressure,19056800,Pa
225504000,P_3_8_13,sg,0,
225504000,P_3_8_13,so,1,
225504000,P_3_8_13,sw,0,
225504000,P_8_8_13,pressure,19062800,Pa
225504000,P_8_8_13,sg,0,
225504000,P_8_8_13,so,1,
225504000,P_8_8_13,sw,0,
225504000,P_13_8_13,pressure,19043200,Pa
225504000,P_13_8_13,sg,0,
225504000,P_13_8_13,so,1,
225504000,P_13_8_13,sw,0,
225504000,P_3_13_13,pressure,19065800,Pa
225504000,P_3_13_13,sg,0,
225504000,P_3_13_13,so,1,
225504000,P_3_13_13,sw,0,
225504000,P_8_13_13,pressure,19056800,Pa
225504000,P_8_13_13,sg,0,
225504000,P_8_13_13,so,1,
225504000,P_8_13_13,sw,0,
225504000,P_13_13_13,pressure,19003800,Pa
225504000,P_13_13_13,sg,0,
225504000,P_13_13_13,so,1,
225504000,P_13_13_13,sw,0,
228096000,P_3_3_15,pressure,19003200,Pa
228096000,P_3_3_15,sg,0,
228096000,P_3_3_15,so,1,
228096000,P_3_3_15,sw,0,
228096000,P_8_3_15,pressure,19031300,Pa
228096000,P_8_3_15,sg,0,
228096000,P_8_3_15,so,1,
228096000,P_8_3_15,sw,0,
228096000,P_13_3_15,pressure,19002300,Pa
228096000,P_13_3_15,sg,0,
228096000,P_13_3_15,so,1,
228096000,P_13_3_15,sw,0,
228096000,P_3_8_15,pressure,19044800,Pa
228096000,P_3_8_15,sg,0,
228096000,P_3_8_15,so,1,
228096000,P_3_8_15,sw,0,
228096000,P_8_8_15,pressure,19042700,Pa
228096000,P_8_8_15,sg,0,
228096000,P_8_8_15,so,1,
228096000,P_8_8_15,sw,0,
228096000,P_13_8_15,pressure,19031300,Pa
228096000,P_13_8_15,sg,0,
228096000,P_13_8_15,so,1,
228096000,P_13_8_15,sw,0,
228096000,P_3_13_15,pressure,19055100,Pa
228096000,P_3_13_15,sg,0,
228096000,P_3_13_15,so,1,
228096000,P_3_13_15,sw,0,
228096000,P_8_13_15,pressure,19044800,Pa
228096000,P_8_13_15,sg,0,
228096000,P_8_13_15,so,1,
228096000,P_8_13_15,sw,0,
228096000,P_13_13_15,pressure,19003200,Pa
228096000,P_13_13_15,sg,0,
228096000,P_13_13_15,so,1,
228096000,P_13_13_15,sw,0,
228096000,P_3_3_14,pressure,19003400,Pa
228096000,P_3_3_14,sg,0,
228096000,P_3_3_14,so,1,
228096000,P_3_3_14,sw,0,
228096000,P_8_3_14,pressure,19035100,Pa
228096000,P_8_3_14,sg,0,
228096000,P_8_3_14,so,1,
228096000,P_8_3_14,sw,0,
228096000,P_13_3_14,pressure,19002500,Pa
228096000,P_13_3_14,sg,0,
228096000,P_13_3_14,so,1,
228096000,P_13_3_14,sw,0,
228096000,P_3_8_14,pressure,19048700,Pa
228096000,P_3_8_14,sg,0,
228096000,P_3_8_14,so,1,
228096000,P_3_8_14,sw,0,
228096000,P_8_8_14,pressure,19048400,Pa
228096000,P_8_8_14,sg,0,
228096000,P_8_8_14,so,1,
228096000,P_8_8_14,sw,0,
228096000,P_13_8_14,pressure,19035100,Pa
228096000,P_13_8_14,sg,0,
228096000,P_13_8_14,so,1,
228096000,P_13_8_14,sw,0,
228096000,P_3_13_14,pressure,19058700,Pa
228096000,P_3_13_14,sg,0,
228096000,P_3_13_14,so,1,
228096000,P_3_13_14,sw,0,
228096000,P_8_13_14,pressure,19048700,Pa
228096000,P_8_13_14,sg,0,
228096000,P_8_13_14,so,1,
228096000,P_8_13_14,sw,0,
228096000,P_13_13_14,pressure,19003400,Pa
228096000,P_13_13_14,sg,0,
228096000,P_13_13_14,so,1,
228096000,P_13_13_14,sw,0,
228096000,P_3_3_13,pressure,19003800,Pa
228096000,P_3_3_13,sg,0,
228096000,P_3_3_13,so,1,
228096000,P_3_3_13,sw,0,
228096000,P_8_3_13,pressure,19043200,Pa
228096000,P_8_3_13,sg,0,
228096000,P_8_3_13,so,1,
228096000,P_8_3_13,sw,0,
228096000,P_13_3_13,pressure,19003000,Pa
228096000,P_13_3_13,sg,0,
228096000,P_13_3_13,so,1,
228096000,P_13_3_13,sw,0,
228096000,P_3_8_13,pressure,19056800,Pa
228096000,P_3_8_13,sg,0,
228096000,P_3_8_13,so,1,
228096000,P_3_8_13,sw,0,
228096000,P_8_8_13,pressure,19062800,Pa
228096000,P_8_8_13,sg,0,
228096000,P_8_8_13,so,1,
228096000,P_8_8_13,sw,0,
228096000,P_13_8_13,pressure,19043200,Pa
228096000,P_13_8_13,sg,0,
228096000,P_13_8_13,so,1,
228096000,P_13_8_13,sw,0,
228096000,P_3_13_13,pressure,19065800,Pa
228096000,P_3_13_13,sg,0,
228096000,P_3_13_13,so,1,
228096000,P_3_13_13,sw,0,
228096000,P_8_13_13,pressure,19056800,Pa
228096000,P_8_13_13,sg,0,
228096000,P_8_13_13,so,1,
228096000,P_8_13_13,sw,0,
228096000,P_13_13_13,pressure,19003800,Pa
228096000,P_13_13_13,sg,0,
228096000,P_13_13_13,so,1,
228096000,P_13_13_13,sw,0,
230688000,P_3_3_15,pressure,19003200,Pa
230688000,P_3_3_15,sg,0,
230688000,P_3_3_15,so,1,
230688000,P_3_3_15,sw,0,
230688000,P_8_3_15,pressure,19031300,Pa
230688000,P_8_3_15,sg,0,
230688000,P_8_3_15,so,1,
230688000,P_8_3_15,sw,0,
230688000,P_13_3_15,pressure,19002300,Pa
230688000,P_13_3_15,sg,0,
230688000,P_13_3_15,so,1,
230688000,P_13_3_15,sw,0,
230688000,P_3_8_15,pressure,19044800,Pa
230688000,P_3_8_15,sg,0,
230688000,P_3_8_15,so,1,
230688000,P_3_8_15,sw,0,
230688000,P_8_8_15,pressure,19042700,Pa
230688000,P_8_8_15,sg,0,
230688000,P_8_8_15,so,1,
230688000,P_8_8_15,sw,0,
230688000,P_13_8_15,pressure,19031300,Pa
230688000,P_13_8_15,sg,0,
230688000,P_13_8_15,so,1,
230688000,P_13_8_15,sw,0,
230688000,P_3_13_15,pressure,19055100,Pa
230688000,P_3_13_15,sg,0,
230688000,P_3_13_15,so,1,
230688000,P_3_13_15,sw,0,
230688000,P_8_13_15,pressure,19044800,Pa
230688000,P_8_13_15,sg,0,
230688000,P_8_13_15,so,1,
230688000,P_8_13_15,sw,0,
230688000,P_13_13_15,pressure,19003200,Pa
230688000,P_13_13_15,sg,0,
230688000,P_13_13_15,so,1,
230688000,P_13_13_15,sw,0,
230688000,P_3_3_14,pressure,19003400,Pa
230688000,P_3_3_14,sg,0,
230688000,P_3_3_14,so,1,
230688000,P_3_3_14,sw,0,
230688000,P_8_3_14,pressure,19035100,Pa
230688000,P_8_3_14,sg,0,
230688000,P_8_3_14,so,1,
230688000,P_8_3_14,sw,0,
230688000,P_13_3_14,pressure,19002500,Pa
230688000,P_13_3_14,sg,0,
230688000,P_13_3_14,so,1,
230688000,P_13_3_14,sw,0,
230688000,P_3_8_14,pressure,19048700,Pa
230688000,P_3_8_14,sg,0,
230688000,P_3_8_14,so,1,
230688000,P_3_8_14,sw,0,
230688000,P_8_8_14,pressure,19048400,Pa
230688000,P_8_8_14,sg,0,
230688000,P_8_8_14,so,1,
230688000,P_8_8_14,sw,0,
230688000,P_13_8_14,pressure,19035100,Pa
230688000,P_13_8_14,sg,0,
230688000,P_13_8_14,so,1,
230688000,P_13_8_14,sw,0,
230688000,P_3_13_14,pressure,19058700,Pa
230688000,P_3_13_14,sg,0,
230688000,P_3_13_14,so,1,
230688000,P_3_13_14,sw,0,
230688000,P_8_13_14,pressure,19048700,Pa
230688000,P_8_13_14,sg,0,
230688000,P_8_13_14,so,1,
230688000,P_8_13_14,sw,0,
230688000,P_13_13_14,pressure,19003400,Pa
230688000,P_13_13_14,sg,0,
230688000,P_13_13_14,so,1,
230688000,P_13_13_14,sw,0,
230688000,P_3_3_13,pressure,19003800,Pa
230688000,P_3_3_13,sg,0,
230688000,P_3_3_13,so,1,
230688000,P_3_3_13,sw,0,
230688000,P_8_3_13,pressure,19043200,Pa
230688000,P_8_3_13,sg,0,
230688000,P_8_3_13,so,1,
230688000,P_8_3_13,sw,0,
230688000,P_13_3_13,pressure,19003000,Pa
230688000,P_13_3_13,sg,0,
230688000,P_13_3_13,so,1,
230688000,P_13_3_13,sw,0,
230688000,P_3_8_13,pressure,19056800,Pa
230688000,P_3_8_13,sg,0,
230688000,P_3_8_13,so,1,
230688000,P_3_8_13,sw,0,
230688000,P_8_8_13,pressure,19062800,Pa
230688000,P_8_8_13,sg,0,
230688000,P_8_8_13,so,1,
230688000,P_8_8_13,sw,0,
230688000,P_13_8_13,pressure,19043200,Pa
230688000,P_13_8_13,sg,0,
230688000,P_13_8_13,so,1,
230688000,P_13_8_13,sw,0,
230688000,P_3_13_13,pressure,19065800,Pa
230688000,P_3_13_13,sg,0,
230688000,P_3_13_13,so,1,
230688000,P_3_13_13,sw,0,
230688000,P_8_13_13,pressure,19056800,Pa
230688000,P_8_13_13,sg,0,
230688000,P_8_13_13,so,1,
230688000,P_8_13_13,sw,0,
230688000,P_13_13_13,pressure,19003800,Pa
230688000,P_13_13_13,sg,0,
230688000,P_13_13_13,so,1,
230688000,P_13_13_13,sw,0,
233280000,P_3_3_15,pressure,19003200,Pa
233280000,P_3_3_15,sg,0,
233280000,P_3_3_15,so,1,
233280000,P_3_3_15,sw,0,
233280000,P_8_3_15,pressure,19031300,Pa
233280000,P_8_3_15,sg,0,
233280000,P_8_3_15,so,1,
233280000,P_8_3_15,sw,0,
233280000,P_13_3_15,pressure,19002300,Pa
233280000,P_13_3_15,sg,0,
233280000,P_13_3_15,so,1,
233280000,P_13_3_15,sw,0,
233280000,P_3_8_15,pressure,19044800,Pa
233280000,P_3_8_15,sg,0,
233280000,P_3_8_15,so,1,
233280000,P_3_8_15,sw,0,
233280000,P_8_8_15,pressure,19042700,Pa
233280000,P_8_8_15,sg,0,
233280000,P_8_8_15,so,1,
233280000,P_8_8_15,sw,0,
233280000,P_13_8_15,pressure,19031300,Pa
233280000,P_13_8_15,sg,0,
233280000,P_13_8_15,so,1,
233280000,P_13_8_15,sw,0,
233280000,P_3_13_15,pressure,19055100,Pa
233280000,P_3_13_15,sg,0,
233280000,P_3_13_15,so,1,
233280000,P_3_13_15,sw,0,
233280000,P_8_13_15,pressure,19044800,Pa
233280000,P_8_13_15,sg,0,
233280000,P_8_13_15,so,1,
233280000,P_8_13_15,sw,0,
233280000,P_13_13_15,pressure,19003200,Pa
233280000,P_13_13_15,sg,0,
233280000,P_13_13_15,so,1,
233280000,P_13_13_15,sw,0,
233280000,P_3_3_14,pressure,19003400,Pa
233280000,P_3_3_14,sg,0,
233280000,P_3_3_14,so,1,
233280000,P_3_3_14,sw,0,
233280000,P_8_3_14,pressure,19035100,Pa
233280000,P_8_3_14,sg,0,
233280000,P_8_3_14,so,1,
233280000,P_8_3_14,sw,0,
233280000,P_13_3_14,pressure,19002500,Pa
233280000,P_13_3_14,sg,0,
233280000,P_13_3_14,so,1,
233280000,P_13_3_14,sw,0,
233280000,P_3_8_14,pressure,19048700,Pa
233280000,P_3_8_14,sg,0,
233280000,P_3_8_14,so,1,
233280000,P_3_8_14,sw,0,
233280000,P_8_8_14,pressure,19048400,Pa
233280000,P_8_8_14,sg,0,
233280000,P_8_8_14,so,1,
233280000,P_8_8_14,sw,0,
233280000,P_13_8_14,pressure,19035100,Pa
233280000,P_13_8_14,sg,0,
233280000,P_13_8_14,so,1,
233280000,P_13_8_14,sw,0,
233280000,P_3_13_14,pressure,19058700,Pa
233280000,P_3_13_14,sg,0,
233280000,P_3_13_14,so,1,
233280000,P_3_13_14,sw,0,
233280000,P_8_13_14,pressure,19048700,Pa
233280000,P_8_13_14,sg,0,
233280000,P_8_13_14,so,1,
233280000,P_8_13_14,sw,0,
233280000,P_13_13_14,pressure,19003400,Pa
233280000,P_13_13_14,sg,0,
233280000,P_13_13_14,so,1,
233280000,P_13_13_14,sw,0,
233280000,P_3_3_13,pressure,19003800,Pa
233280000,P_3_3_13,sg,0,
233280000,P_3_3_13,so,1,
233280000,P_3_3_13,sw,0,
233280000,P_8_3_13,pressure,19043200,Pa
233280000,P_8_3_13,sg,0,
233280000,P_8_3_13,so,1,
233280000,P_8_3_13,sw,0,
233280000,P_13_3_13,pressure,19003000,Pa
233280000,P_13_3_13,sg,0,
233280000,P_13_3_13,so,1,
233280000,P_13_3_13,sw,0,
233280000,P_3_8_13,pressure,19056800,Pa
233280000,P_3_8_13,sg,0,
233280000,P_3_8_13,so,1,
233280000,P_3_8_13,sw,0,
233280000,P_8_8_13,pressure,19062800,Pa
233280000,P_8_8_13,sg,0,
233280000,P_8_8_13,so,1,
233280000,P_8_8_13,sw,0,
233280000,P_13_8_13,pressure,19043200,Pa
233280000,P_13_8_13,sg,0,
233280000,P_13_8_13,so,1,
233280000,P_13_8_13,sw,0,
233280000,P_3_13_13,pressure,19065800,Pa
233280000,P_3_13_13,sg,0,
233280000,P_3_13_13,so,1,
233280000,P_3_13_13,sw,0,
233280000,P_8_13_13,pressure,19056800,Pa
233280000,P_8_13_13,sg,0,
233280000,P_8_13_13,so,1,
233280000,P_8_13_13,sw,0,
233280000,P_13_13_13,pressure,19003800,Pa
233280000,P_13_13_13,sg,0,
233280000,P_13_13_13,so,1,
233280000,P_13_13_13,sw,0,
235872000,P_3_3_15,pressure,19003200,Pa
235872000,P_3_3_15,sg,0,
235872000,P_3_3_15,so,1,
235872000,P_3_3_15,sw,0,
235872000,P_8_3_15,pressure,19031300,Pa
235872000,P_8_3_15,sg,0,
235872000,P_8_3_15,so,1,
235872000,P_8_3_15,sw,0,
235872000,P_13_3_15,pressure,19002300,Pa
235872000,P_13_3_15,sg,0,
235872000,P_13_3_15,so,1,
235872000,P_13_3_15,sw,0,
235872000,P_3_8_15,pressure,19044800,Pa
235872000,P_3_8_15,sg,0,
235872000,P_3_8_15,so,1,
235872000,P_3_8_15,sw,0,
235872000,P_8_8_15,pressure,19042700,Pa
235872000,P_8_8_15,sg,0,
235872000,P_8_8_15,so,1,
235872000,P_8_8_15,sw,0,
235872000,P_13_8_15,pressure,19031300,Pa
235872000,P_13_8_15,sg,0,
235872000,P_13_8_15,so,1,
235872000,P_13_8_15,sw,0,
235872000,P_3_13_15,pressure,19055100,Pa
235872000,P_3_13_15,sg,0,
235872000,P_3_13_15,so,1,
235872000,P_3_13_15,sw,0,
235872000,P_8_13_15,pressure,19044800,Pa
235872000,P_8_13_15,sg,0,
235872000,P_8_13_15,so,1,
235872000,P_8_13_15,sw,0,
235872000,P_13_13_15,pressure,19003200,Pa
235872000,P_13_13_15,sg,0,
235872000,P_13_13_15,so,1,
235872000,P_13_13_15,sw,0,
235872000,P_3_3_14,pressure,19003400,Pa
235872000,P_3_3_14,sg,0,
235872000,P_3_3_14,so,1,
235872000,P_3_3_14,sw,0,
235872000,P_8_3_14,pressure,19035100,Pa
235872000,P_8_3_14,sg,0,
235872000,P_8_3_14,so,1,
235872000,P_8_3_14,sw,0,
235872000,P_13_3_14,pressure,19002500,Pa
235872000,P_13_3_14,sg,0,
235872000,P_13_3_14,so,1,
235872000,P_13_3_14,sw,0,
235872000,P_3_8_14,pressure,19048700,Pa
235872000,P_3_8_14,sg,0,
235872000,P_3_8_14,so,1,
235872000,P_3_8_14,sw,0,
235872000,P_8_8_14,pressure,19048400,Pa
235872000,P_8_8_14,sg,0,
235872000,P_8_8_14,so,1,
235872000,P_8_8_14,sw,0,
235872000,P_13_8_14,pressure,19035100,Pa
235872000,P_13_8_14,sg,0,
235872000,P_13_8_14,so,1,
235872000,P_13_8_14,sw,0,
235872000,P_3_13_14,pressure,19058700,Pa
235872000,P_3_13_14,sg,0,
235872000,P_3_13_14,so,1,
235872000,P_3_13_14,sw,0,
235872000,P_8_13_14,pressure,19048700,Pa
235872000,P_8_13_14,sg,0,
235872000,P_8_13_14,so,1,
235872000,P_8_13_14,sw,0,
235872000,P_13_13_14,pressure,19003400,Pa
235872000,P_13_13_14,sg,0,
235872000,P_13_13_14,so,1,
235872000,P_13_13_14,sw,0,
235872000,P_3_3_13,pressure,19003800,Pa
235872000,P_3_3_13,sg,0,
235872000,P_3_3_13,so,1,
235872000,P_3_3_13,sw,0,
235872000,P_8_3_13,pressure,19043200,Pa
235872000,P_8_3_13,sg,0,
235872000,P_8_3_13,so,1,
235872000,P_8_3_13,sw,0,
235872000,P_13_3_13,pressure,19003000,Pa
235872000,P_13_3_13,sg,0,
235872000,P_13_3_13,so,1,
235872000,P_13_3_13,sw,0,
235872000,P_3_8_13,pressure,19056800,Pa
235872000,P_3_8_13,sg,0,
235872000,P_3_8_13,so,1,
235872000,P_3_8_13,sw,0,
235872000,P_8_8_13,pressure,19062800,Pa
235872000,P_8_8_13,sg,0,
235872000,P_8_8_13,so,1,
235872000,P_8_8_13,sw,0,
235872000,P_13_8_13,pressure,19043200,Pa
235872000,P_13_8_13,sg,0,
235872000,P_13_8_13,so,1,
235872000,P_13_8_13,sw,0,
235872000,P_3_13_13,pressure,19065800,Pa
235872000,P_3_13_13,sg,0,
235872000,P_3_13_13,so,1,
235872000,P_3_13_13,sw,0,
235872000,P_8_13_13,pressure,19056800,Pa
235872000,P_8_13_13,sg,0,
235872000,P_8_13_13,so,1,
235872000,P_8_13_13,sw,0,
235872000,P_13_13_13,pressure,19003800,Pa
235872000,P_13_13_13,sg,0,
235872000,P_13_13_13,so,1,
235872000,P_13_13_13,sw,0,
238464000,P_3_3_15,pressure,19003200,Pa
238464000,P_3_3_15,sg,0,
238464000,P_3_3_15,so,1,
238464000,P_3_3_15,sw,0,
238464000,P_8_3_15,pressure,19031300,Pa
238464000,P_8_3_15,sg,0,
238464000,P_8_3_15,so,1,
238464000,P_8_3_15,sw,0,
238464000,P_13_3_15,pressure,19002300,Pa
238464000,P_13_3_15,sg,0,
238464000,P_13_3_15,so,1,
238464000,P_13_3_15,sw,0,
238464000,P_3_8_15,pressure,19044800,Pa
238464000,P_3_8_15,sg,0,
238464000,P_3_8_15,so,1,
238464000,P_3_8_15,sw,0,
238464000,P_8_8_15,pressure,19042700,Pa
238464000,P_8_8_15,sg,0,
238464000,P_8_8_15,so,1,
238464000,P_8_8_15,sw,0,
238464000,P_13_8_15,pressure,19031300,Pa
238464000,P_13_8_15,sg,0,
238464000,P_13_8_15,so,1,
238464000,P_13_8_15,sw,0,
238464000,P_3_13_15,pressure,19055100,Pa
238464000,P_3_13_15,sg,0,
238464000,P_3_13_15,so,1,
238464000,P_3_13_15,sw,0,
238464000,P_8_13_15,pressure,19044800,Pa
238464000,P_8_13_15,sg,0,
238464000,P_8_13_15,so,1,
238464000,P_8_13_15,sw,0,
238464000,P_13_13_15,pressure,19003200,Pa
238464000,P_13_13_15,sg,0,
238464000,P_13_13_15,so,1,
238464000,P_13_13_15,sw,0,
238464000,P_3_3_14,pressure,19003400,Pa
238464000,P_3_3_14,sg,0,
238464000,P_3_3_14,so,1,
238464000,P_3_3_14,sw,0,
238464000,P_8_3_14,pressure,19035100,Pa
238464000,P_8_3_14,sg,0,
238464000,P_8_3_14,so,1,
238464000,P_8_3_14,sw,0,
238464000,P_13_3_14,pressure,19002500,Pa
238464000,P_13_3_14,sg,0,
238464000,P_13_3_14,so,1,
238464000,P_13_3_14,sw,0,
238464000,P_3_8_14,pressure,19048700,Pa
238464000,P_3_8_14,sg,0,
238464000,P_3_8_14,so,1,
238464000,P_3_8_14,sw,0,
238464000,P_8_8_14,pressure,19048400,Pa
238464000,P_8_8_14,sg,0,
238464000,P_8_8_14,so,1,
238464000,P_8_8_14,sw,0,
238464000,P_13_8_14,pressure,19035100,Pa
238464000,P_13_8_14,sg,0,
238464000,P_13_8_14,so,1,
238464000,P_13_8_14,sw,0,
238464000,P_3_13_14,pressure,19058700,Pa
238464000,P_3_13_14,sg,0,
238464000,P_3_13_14,so,1,
238464000,P_3_13_14,sw,0,
238464000,P_8_13_14,pressure,19048700,Pa
238464000,P_8_13_14,sg,0,
238464000,P_8_13_14,so,1,
238464000,P_8_13_14,sw,0,
238464000,P_13_13_14,pressure,19003400,Pa
238464000,P_13_13_14,sg,0,
238464000,P_13_13_14,so,1,
238464000,P_13_13_14,sw,0,
238464000,P_3_3_13,pressure,19003800,Pa
238464000,P_3_3_13,sg,0,
238464000,P_3_3_13,so,1,
238464000,P_3_3_13,sw,0,
238464000,P_8_3_13,pressure,19043200,Pa
238464000,P_8_3_13,sg,0,
238464000,P_8_3_13,so,1,
238464000,P_8_3_13,sw,0,
238464000,P_13_3_13,pressure,19003000,Pa
238464000,P_13_3_13,sg,0,
238464000,P_13_3_13,so,1,
238464000,P_13_3_13,sw,0,
238464000,P_3_8_13,pressure,19056800,Pa
238464000,P_3_8_13,sg,0,
238464000,P_3_8_13,so,1,
238464000,P_3_8_13,sw,0,
238464000,P_8_8_13,pressure,19062800,Pa
238464000,P_8_8_13,sg,0,
238464000,P_8_8_13,so,1,
238464000,P_8_8_13,sw,0,
238464000,P_13_8_13,pressure,19043200,Pa
238464000,P_13_8_13,sg,0,
238464000,P_13_8_13,so,1,
238464000,P_13_8_13,sw,0,
238464000,P_3_13_13,pressure,19065800,Pa
238464000,P_3_13_13,sg,0,
238464000,P_3_13_13,so,1,
238464000,P_3_13_13,sw,0,
238464000,P_8_13_13,pressure,19056800,Pa
238464000,P_8_13_13,sg,0,
238464000,P_8_13_13,so,1,
238464000,P_8_13_13,sw,0,
238464000,P_13_13_13,pressure,19003800,Pa
238464000,P_13_13_13,sg,0,
238464000,P_13_13_13,so,1,
238464000,P_13_13_13,sw,0,
241056000,P_3_3_15,pressure,19003200,Pa
241056000,P_3_3_15,sg,0,
241056000,P_3_3_15,so,1,
241056000,P_3_3_15,sw,0,
241056000,P_8_3_15,pressure,19031300,Pa
241056000,P_8_3_15,sg,0,
241056000,P_8_3_15,so,1,
241056000,P_8_3_15,sw,0,
241056000,P_13_3_15,pressure,19002300,Pa
241056000,P_13_3_15,sg,0,
241056000,P_13_3_15,so,1,
241056000,P_13_3_15,sw,0,
241056000,P_3_8_15,pressure,19044800,Pa
241056000,P_3_8_15,sg,0,
241056000,P_3_8_15,so,1,
241056000,P_3_8_15,sw,0,
241056000,P_8_8_15,pressure,19042700,Pa
241056000,P_8_8_15,sg,0,
241056000,P_8_8_15,so,1,
241056000,P_8_8_15,sw,0,
241056000,P_13_8_15,pressure,19031300,Pa
241056000,P_13_8_15,sg,0,
241056000,P_13_8_15,so,1,
241056000,P_13_8_15,sw,0,
241056000,P_3_13_15,pressure,19055100,Pa
241056000,P_3_13_15,sg,0,
241056000,P_3_13_15,so,1,
241056000,P_3_13_15,sw,0,
241056000,P_8_13_15,pressure,19044800,Pa
241056000,P_8_13_15,sg,0,
241056000,P_8_13_15,so,1,
241056000,P_8_13_15,sw,0,
241056000,P_13_13_15,pressure,19003200,Pa
241056000,P_13_13_15,sg,0,
241056000,P_13_13_15,so,1,
241056000,P_13_13_15,sw,0,
241056000,P_3_3_14,pressure,19003400,Pa
241056000,P_3_3_14,sg,0,
241056000,P_3_3_14,so,1,
241056000,P_3_3_14,sw,0,
241056000,P_8_3_14,pressure,19035100,Pa
241056000,P_8_3_14,sg,0,
241056000,P_8_3_14,so,1,
241056000,P_8_3_14,sw,0,
241056000,P_13_3_14,pressure,19002500,Pa
241056000,P_13_3_14,sg,0,
241056000,P_13_3_14,so,1,
241056000,P_13_3_14,sw,0,
241056000,P_3_8_14,pressure,19048700,Pa
241056000,P_3_8_14,sg,0,
241056000,P_3_8_14,so,1,
241056000,P_3_8_14,sw,0,
241056000,P_8_8_14,pressure,19048400,Pa
241056000,P_8_8_14,sg,0,
241056000,P_8_8_14,so,1,
241056000,P_8_8_14,sw,0,
241056000,P_13_8_14,pressure,19035100,Pa
241056000,P_13_8_14,sg,0,
241056000,P_13_8_14,so,1,
241056000,P_13_8_14,sw,0,
241056000,P_3_13_14,pressure,19058700,Pa
241056000,P_3_13_14,sg,0,
241056000,P_3_13_14,so,1,
241056000,P_3_13_14,sw,0,
241056000,P_8_13_14,pressure,19048700,Pa
241056000,P_8_13_14,sg,0,
241056000,P_8_13_14,so,1,
241056000,P_8_13_14,sw,0,
241056000,P_13_13_14,pressure,19003400,Pa
241056000,P_13_13_14,sg,0,
241056000,P_13_13_14,so,1,
241056000,P_13_13_14,sw,0,
241056000,P_3_3_13,pressure,19003800,Pa
241056000,P_3_3_13,sg,0,
241056000,P_3_3_13,so,1,
241056000,P_3_3_13,sw,0,
241056000,P_8_3_13,pressure,19043200,Pa
241056000,P_8_3_13,sg,0,
241056000,P_8_3_13,so,1,
241056000,P_8_3_13,sw,0,
241056000,P_13_3_13,pressure,19003000,Pa
241056000,P_13_3_13,sg,0,
241056000,P_13_3_13,so,1,
241056000,P_13_3_13,sw,0,
241056000,P_3_8_13,pressure,19056800,Pa
241056000,P_3_8_13,sg,0,
241056000,P_3_8_13,so,1,
241056000,P_3_8_13,sw,0,
241056000,P_8_8_13,pressure,19062800,Pa
241056000,P_8_8_13,sg,0,
241056000,P_8_8_13,so,1,
241056000,P_8_8_13,sw,0,
241056000,P_13_8_13,pressure,19043200,Pa
241056000,P_13_8_13,sg,0,
241056000,P_13_8_13,so,1,
241056000,P_13_8_13,sw,0,
241056000,P_3_13_13,pressure,19065800,Pa
241056000,P_3_13_13,sg,0,
241056000,P_3_13_13,so,1,
241056000,P_3_13_13,sw,0,
241056000,P_8_13_13,pressure,19056800,Pa
241056000,P_8_13_13,sg,0,
241056000,P_8_13_13,so,1,
241056000,P_8_13_13,sw,0,
241056000,P_13_13_13,pressure,19003800,Pa
241056000,P_13_13_13,sg,0,
241056000,P_13_13_13,so,1,
241056000,P_13_13_13,sw,0,
243648000,P_3_3_15,pressure,19003200,Pa
243648000,P_3_3_15,sg,0,
243648000,P_3_3_15,so,1,
243648000,P_3_3_15,sw,0,
243648000,P_8_3_15,pressure,19031300,Pa
243648000,P_8_3_15,sg,0,
243648000,P_8_3_15,so,1,
243648000,P_8_3_15,sw,0,
243648000,P_13_3_15,pressure,19002300,Pa
243648000,P_13_3_15,sg,0,
243648000,P_13_3_15,so,1,
243648000,P_13_3_15,sw,0,
243648000,P_3_8_15,pressure,19044800,Pa
243648000,P_3_8_15,sg,0,
243648000,P_3_8_15,so,1,
243648000,P_3_8_15,sw,0,
243648000,P_8_8_15,pressure,19042700,Pa
243648000,P_8_8_15,sg,0,
243648000,P_8_8_15,so,1,
243648000,P_8_8_15,sw,0,
243648000,P_13_8_15,pressure,19031300,Pa
243648000,P_13_8_15,sg,0,
243648000,P_13_8_15,so,1,
243648000,P_13_8_15,sw,0,
243648000,P_3_13_15,pressure,19055100,Pa
243648000,P_3_13_15,sg,0,
243648000,P_3_13_15,so,1,
243648000,P_3_13_15,sw,0,
243648000,P_8_13_15,pressure,19044800,Pa
243648000,P_8_13_15,sg,0,
243648000,P_8_13_15,so,1,
243648000,P_8_13_15,sw,0,
243648000,P_13_13_15,pressure,19003200,Pa
243648000,P_13_13_15,sg,0,
243648000,P_13_13_15,so,1,
243648000,P_13_13_15,sw,0,
243648000,P_3_3_14,pressure,19003400,Pa
243648000,P_3_3_14,sg,0,
243648000,P_3_3_14,so,1,
243648000,P_3_3_14,sw,0,
243648000,P_8_3_14,pressure,19035100,Pa
243648000,P_8_3_14,sg,0,
243648000,P_8_3_14,so,1,
243648000,P_8_3_14,sw,0,
243648000,P_13_3_14,pressure,19002500,Pa
243648000,P_13_3_14,sg,0,
243648000,P_13_3_14,so,1,
243648000,P_13_3_14,sw,0,
243648000,P_3_8_14,pressure,19048700,Pa
243648000,P_3_8_14,sg,0,
243648000,P_3_8_14,so,1,
243648000,P_3_8_14,sw,0,
243648000,P_8_8_14,pressure,19048400,Pa
243648000,P_8_8_14,sg,0,
243648000,P_8_8_14,so,1,
243648000,P_8_8_14,sw,0,
243648000,P_13_8_14,pressure,19035100,Pa
243648000,P_13_8_14,sg,0,
243648000,P_13_8_14,so,1,
243648000,P_13_8_14,sw,0,
243648000,P_3_13_14,pressure,19058700,Pa
243648000,P_3_13_14,sg,0,
243648000,P_3_13_14,so,1,
243648000,P_3_13_14,sw,0,
243648000,P_8_13_14,pressure,19048700,Pa
243648000,P_8_13_14,sg,0,
243648000,P_8_13_14,so,1,
243648000,P_8_13_14,sw,0,
243648000,P_13_13_14,pressure,19003400,Pa
243648000,P_13_13_14,sg,0,
243648000,P_13_13_14,so,1,
243648000,P_13_13_14,sw,0,
243648000,P_3_3_13,pressure,19003800,Pa
243648000,P_3_3_13,sg,0,
243648000,P_3_3_13,so,1,
243648000,P_3_3_13,sw,0,
243648000,P_8_3_13,pressure,19043200,Pa
243648000,P_8_3_13,sg,0,
243648000,P_8_3_13,so,1,
243648000,P_8_3_13,sw,0,
243648000,P_13_3_13,pressure,19003000,Pa
243648000,P_13_3_13,sg,0,
243648000,P_13_3_13,so,1,
243648000,P_13_3_13,sw,0,
243648000,P_3_8_13,pressure,19056800,Pa
243648000,P_3_8_13,sg,0,
243648000,P_3_8_13,so,1,
243648000,P_3_8_13,sw,0,
243648000,P_8_8_13,pressure,19062800,Pa
243648000,P_8_8_13,sg,0,
243648000,P_8_8_13,so,1,
243648000,P_8_8_13,sw,0,
243648000,P_13_8_13,pressure,19043200,Pa
243648000,P_13_8_13,sg,0,
243648000,P_13_8_13,so,1,
243648000,P_13_8_13,sw,0,
243648000,P_3_13_13,pressure,19065800,Pa
243648000,P_3_13_13,sg,0,
243648000,P_3_13_13,so,1,
243648000,P_3_13_13,sw,0,
243648000,P_8_13_13,pressure,19056800,Pa
243648000,P_8_13_13,sg,0,
243648000,P_8_13_13,so,1,
243648000,P_8_13_13,sw,0,
243648000,P_13_13_13,pressure,19003800,Pa
243648000,P_13_13_13,sg,0,
243648000,P_13_13_13,so,1,
243648000,P_13_13_13,sw,0,
246240000,P_3_3_15,pressure,19003200,Pa
246240000,P_3_3_15,sg,0,
246240000,P_3_3_15,so,1,
246240000,P_3_3_15,sw,0,
246240000,P_8_3_15,pressure,19031300,Pa
246240000,P_8_3_15,sg,0,
246240000,P_8_3_15,so,1,
246240000,P_8_3_15,sw,0,
246240000,P_13_3_15,pressure,19002300,Pa
246240000,P_13_3_15,sg,0,
246240000,P_13_3_15,so,1,
246240000,P_13_3_15,sw,0,
246240000,P_3_8_15,pressure,19044800,Pa
246240000,P_3_8_15,sg,0,
246240000,P_3_8_15,so,1,
246240000,P_3_8_15,sw,0,
246240000,P_8_8_15,pressure,19042700,Pa
246240000,P_8_8_15,sg,0,
246240000,P_8_8_15,so,1,
246240000,P_8_8_15,sw,0,
246240000,P_13_8_15,pressure,19031300,Pa
246240000,P_13_8_15,sg,0,
246240000,P_13_8_15,so,1,
246240000,P_13_8_15,sw,0,
246240000,P_3_13_15,pressure,19055100,Pa
246240000,P_3_13_15,sg,0,
246240000,P_3_13_15,so,1,
246240000,P_3_13_15,sw,0,
246240000,P_8_13_15,pressure,19044800,Pa
246240000,P_8_13_15,sg,0,
246240000,P_8_13_15,so,1,
246240000,P_8_13_15,sw,0,
246240000,P_13_13_15,pressure,19003200,Pa
246240000,P_13_13_15,sg,0,
246240000,P_13_13_15,so,1,
246240000,P_13_13_15,sw,0,
246240000,P_3_3_14,pressure,19003400,Pa
246240000,P_3_3_14,sg,0,
246240000,P_3_3_14,so,1,
246240000,P_3_3_14,sw,0,
246240000,P_8_3_14,pressure,19035100,Pa
246240000,P_8_3_14,sg,0,
246240000,P_8_3_14,so,1,
246240000,P_8_3_14,sw,0,
246240000,P_13_3_14,pressure,19002500,Pa
246240000,P_13_3_14,sg,0,
246240000,P_13_3_14,so,1,
246240000,P_13_3_14,sw,0,
246240000,P_3_8_14,pressure,19048700,Pa
246240000,P_3_8_14,sg,0,
246240000,P_3_8_14,so,1,
246240000,P_3_8_14,sw,0,
246240000,P_8_8_14,pressure,19048400,Pa
246240000,P_8_8_14,sg,0,
246240000,P_8_8_14,so,1,
246240000,P_8_8_14,sw,0,
246240000,P_13_8_14,pressure,19035100,Pa
246240000,P_13_8_14,sg,0,
246240000,P_13_8_14,so,1,
246240000,P_13_8_14,sw,0,
246240000,P_3_13_14,pressure,19058700,Pa
246240000,P_3_13_14,sg,0,
246240000,P_3_13_14,so,1,
246240000,P_3_13_14,sw,0,
246240000,P_8_13_14,pressure,19048700,Pa
246240000,P_8_13_14,sg,0,
246240000,P_8_13_14,so,1,
246240000,P_8_13_14,sw,0,
246240000,P_13_13_14,pressure,19003400,Pa
246240000,P_13_13_14,sg,0,
246240000,P_13_13_14,so,1,
246240000,P_13_13_14,sw,0,
246240000,P_3_3_13,pressure,19003800,Pa
246240000,P_3_3_13,sg,0,
246240000,P_3_3_13,so,1,
246240000,P_3_3_13,sw,0,
246240000,P_8_3_13,pressure,19043200,Pa
246240000,P_8_3_13,sg,0,
246240000,P_8_3_13,so,1,
246240000,P_8_3_13,sw,0,
246240000,P_13_3_13,pressure,19003000,Pa
246240000,P_13_3_13,sg,0,
246240000,P_13_3_13,so,1,
246240000,P_13_3_13,sw,0,
246240000,P_3_8_13,pressure,19056800,Pa
246240000,P_3_8_13,sg,0,
246240000,P_3_8_13,so,1,
246240000,P_3_8_13,sw,0,
246240000,P_8_8_13,pressure,19062800,Pa
246240000,P_8_8_13,sg,0,
246240000,P_8_8_13,so,1,
246240000,P_8_8_13,sw,0,
246240000,P_13_8_13,pressure,19043200,Pa
246240000,P_13_8_13,sg,0,
246240000,P_13_8_13,so,1,
246240000,P_13_8_13,sw,0,
246240000,P_3_13_13,pressure,19065800,Pa
246240000,P_3_13_13,sg,0,
246240000,P_3_13_13,so,1,
246240000,P_3_13_13,sw,0,
246240000,P_8_13_13,pressure,19056800,Pa
246240000,P_8_13_13,sg,0,
246240000,P_8_13_13,so,1,
246240000,P_8_13_13,sw,0,
246240000,P_13_13_13,pressure,19003800,Pa
246240000,P_13_13_13,sg,0,
246240000,P_13_13_13,so,1,
246240000,P_13_13_13,sw,0,
248832000,P_3_3_15,pressure,19003200,Pa
248832000,P_3_3_15,sg,0,
248832000,P_3_3_15,so,1,
248832000,P_3_3_15,sw,0,
248832000,P_8_3_15,pressure,19031300,Pa
248832000,P_8_3_15,sg,0,
248832000,P_8_3_15,so,1,
248832000,P_8_3_15,sw,0,
248832000,P_13_3_15,pressure,19002300,Pa
248832000,P_13_3_15,sg,0,
248832000,P_13_3_15,so,1,
248832000,P_13_3_15,sw,0,
248832000,P_3_8_15,pressure,19044800,Pa
248832000,P_3_8_15,sg,0,
248832000,P_3_8_15,so,1,
248832000,P_3_8_15,sw,0,
248832000,P_8_8_15,pressure,19042700,Pa
248832000,P_8_8_15,sg,0,
248832000,P_8_8_15,so,1,
248832000,P_8_8_15,sw,0,
248832000,P_13_8_15,pressure,19031300,Pa
248832000,P_13_8_15,sg,0,
248832000,P_13_8_15,so,1,
248832000,P_13_8_15,sw,0,
248832000,P_3_13_15,pressure,19055100,Pa
248832000,P_3_13_15,sg,0,
248832000,P_3_13_15,so,1,
248832000,P_3_13_15,sw,0,
248832000,P_8_13_15,pressure,19044800,Pa
248832000,P_8_13_15,sg,0,
248832000,P_8_13_15,so,1,
248832000,P_8_13_15,sw,0,
248832000,P_13_13_15,pressure,19003200,Pa
248832000,P_13_13_15,sg,0,
248832000,P_13_13_15,so,1,
248832000,P_13_13_15,sw,0,
248832000,P_3_3_14,pressure,19003400,Pa
248832000,P_3_3_14,sg,0,
248832000,P_3_3_14,so,1,
248832000,P_3_3_14,sw,0,
248832000,P_8_3_14,pressure,19035100,Pa
248832000,P_8_3_14,sg,0,
248832000,P_8_3_14,so,1,
248832000,P_8_3_14,sw,0,
248832000,P_13_3_14,pressure,19002500,Pa
248832000,P_13_3_14,sg,0,
248832000,P_13_3_14,so,1,
248832000,P_13_3_14,sw,0,
248832000,P_3_8_14,pressure,19048700,Pa
248832000,P_3_8_14,sg,0,
248832000,P_3_8_14,so,1,
248832000,P_3_8_14,sw,0,
248832000,P_8_8_14,pressure,19048400,Pa
248832000,P_8_8_14,sg,0,
248832000,P_8_8_14,so,1,
248832000,P_8_8_14,sw,0,
248832000,P_13_8_14,pressure,19035100,Pa
248832000,P_13_8_14,sg,0,
248832000,P_13_8_14,so,1,
248832000,P_13_8_14,sw,0,
248832000,P_3_13_14,pressure,19058700,Pa
248832000,P_3_13_14,sg,0,
248832000,P_3_13_14,so,1,
248832000,P_3_13_14,sw,0,
248832000,P_8_13_14,pressure,19048700,Pa
248832000,P_8_13_14,sg,0,
248832000,P_8_13_14,so,1,
248832000,P_8_13_14,sw,0,
248832000,P_13_13_14,pressure,19003400,Pa
248832000,P_13_13_14,sg,0,
248832000,P_13_13_14,so,1,
248832000,P_13_13_14,sw,0,
248832000,P_3_3_13,pressure,19003800,Pa
248832000,P_3_3_13,sg,0,
248832000,P_3_3_13,so,1,
248832000,P_3_3_13,sw,0,
248832000,P_8_3_13,pressure,19043200,Pa
248832000,P_8_3_13,sg,0,
248832000,P_8_3_13,so,1,
248832000,P_8_3_13,sw,0,
248832000,P_13_3_13,pressure,19003000,Pa
248832000,P_13_3_13,sg,0,
248832000,P_13_3_13,so,1,
248832000,P_13_3_13,sw,0,
248832000,P_3_8_13,pressure,19056800,Pa
248832000,P_3_8_13,sg,0,
248832000,P_3_8_13,so,1,
248832000,P_3_8_13,sw,0,
248832000,P_8_8_13,pressure,19062800,Pa
248832000,P_8_8_13,sg,0,
248832000,P_8_8_13,so,1,
248832000,P_8_8_13,sw,0,
248832000,P_13_8_13,pressure,19043200,Pa
248832000,P_13_8_13,sg,0,
248832000,P_13_8_13,so,1,
248832000,P_13_8_13,sw,0,
248832000,P_3_13_13,pressure,19065800,Pa
248832000,P_3_13_13,sg,0,
248832000,P_3_13_13,so,1,
248832000,P_3_13_13,sw,0,
248832000,P_8_13_13,pressure,19056800,Pa
248832000,P_8_13_13,sg,0,
248832000,P_8_13_13,so,1,
248832000,P_8_13_13,sw,0,
248832000,P_13_13_13,pressure,19003800,Pa
248832000,P_13_13_13,sg,0,
248832000,P_13_13_13,so,1,
248832000,P_13_13_13,sw,0,
251424000,P_3_3_15,pressure,19003200,Pa
251424000,P_3_3_15,sg,0,
251424000,P_3_3_15,so,1,
251424000,P_3_3_15,sw,0,
251424000,P_8_3_15,pressure,19031300,Pa
251424000,P_8_3_15,sg,0,
251424000,P_8_3_15,so,1,
251424000,P_8_3_15,sw,0,
251424000,P_13_3_15,pressure,19002300,Pa
251424000,P_13_3_15,sg,0,
251424000,P_13_3_15,so,1,
251424000,P_13_3_15,sw,0,
251424000,P_3_8_15,pressure,19044800,Pa
251424000,P_3_8_15,sg,0,
251424000,P_3_8_15,so,1,
251424000,P_3_8_15,sw,0,
251424000,P_8_8_15,pressure,19042700,Pa
251424000,P_8_8_15,sg,0,
251424000,P_8_8_15,so,1,
251424000,P_8_8_15,sw,0,
251424000,P_13_8_15,pressure,19031300,Pa
251424000,P_13_8_15,sg,0,
251424000,P_13_8_15,so,1,
251424000,P_13_8_15,sw,0,
251424000,P_3_13_15,pressure,19055100,Pa
251424000,P_3_13_15,sg,0,
251424000,P_3_13_15,so,1,
251424000,P_3_13_15,sw,0,
251424000,P_8_13_15,pressure,19044800,Pa
251424000,P_8_13_15,sg,0,
251424000,P_8_13_15,so,1,
251424000,P_8_13_15,sw,0,
251424000,P_13_13_15,pressure,19003200,Pa
251424000,P_13_13_15,sg,0,
251424000,P_13_13_15,so,1,
251424000,P_13_13_15,sw,0,
251424000,P_3_3_14,pressure,19003400,Pa
251424000,P_3_3_14,sg,0,
251424000,P_3_3_14,so,1,
251424000,P_3_3_14,sw,0,
251424000,P_8_3_14,pressure,19035100,Pa
251424000,P_8_3_14,sg,0,
251424000,P_8_3_14,so,1,
251424000,P_8_3_14,sw,0,
251424000,P_13_3_14,pressure,19002500,Pa
251424000,P_13_3_14,sg,0,
251424000,P_13_3_14,so,1,
251424000,P_13_3_14,sw,0,
251424000,P_3_8_14,pressure,19048700,Pa
251424000,P_3_8_14,sg,0,
251424000,P_3_8_14,so,1,
251424000,P_3_8_14,sw,0,
251424000,P_8_8_14,pressure,19048400,Pa
251424000,P_8_8_14,sg,0,
251424000,P_8_8_14,so,1,
251424000,P_8_8_14,sw,0,
251424000,P_13_8_14,pressure,19035100,Pa
251424000,P_13_8_14,sg,0,
251424000,P_13_8_14,so,1,
251424000,P_13_8_14,sw,0,
251424000,P_3_13_14,pressure,19058700,Pa
251424000,P_3_13_14,sg,0,
251424000,P_3_13_14,so,1,
251424000,P_3_13_14,sw,0,
251424000,P_8_13_14,pressure,19048700,Pa
251424000,P_8_13_14,sg,0,
251424000,P_8_13_14,so,1,
251424000,P_8_13_14,sw,0,
251424000,P_13_13_14,pressure,19003400,Pa
251424000,P_13_13_14,sg,0,
251424000,P_13_13_14,so,1,
251424000,P_13_13_14,sw,0,
251424000,P_3_3_13,pressure,19003800,Pa
251424000,P_3_3_13,sg,0,
251424000,P_3_3_13,so,1,
251424000,P_3_3_13,sw,0,
251424000,P_8_3_13,pressure,19043200,Pa
251424000,P_8_3_13,sg,0,
251424000,P_8_3_13,so,1,
251424000,P_8_3_13,sw,0,
251424000,P_13_3_13,pressure,19003000,Pa
251424000,P_13_3_13,sg,0,
251424000,P_13_3_13,so,1,
251424000,P_13_3_13,sw,0,
251424000,P_3_8_13,pressure,19056800,Pa
251424000,P_3_8_13,sg,0,
251424000,P_3_8_13,so,1,
251424000,P_3_8_13,sw,0,
251424000,P_8_8_13,pressure,19062800,Pa
251424000,P_8_8_13,sg,0,
251424000,P_8_8_13,so,1,
251424000,P_8_8_13,sw,0,
251424000,P_13_8_13,pressure,19043200,Pa
251424000,P_13_8_13,sg,0,
251424000,P_13_8_13,so,1,
251424000,P_13_8_13,sw,0,
251424000,P_3_13_13,pressure,19065800,Pa
251424000,P_3_13_13,sg,0,
251424000,P_3_13_13,so,1,
251424000,P_3_13_13,sw,0,
251424000,P_8_13_13,pressure,19056800,Pa
251424000,P_8_13_13,sg,0,
251424000,P_8_13_13,so,1,
251424000,P_8_13_13,sw,0,
251424000,P_13_13_13,pressure,19003800,Pa
251424000,P_13_13_13,sg,0,
251424000,P_13_13_13,so,1,
251424000,P_13_13_13,sw,0,
254016000,P_3_3_15,pressure,19003200,Pa
254016000,P_3_3_15,sg,0,
254016000,P_3_3_15,so,1,
254016000,P_3_3_15,sw,0,
254016000,P_8_3_15,pressure,19031300,Pa
254016000,P_8_3_15,sg,0,
254016000,P_8_3_15,so,1,
254016000,P_8_3_15,sw,0,
254016000,P_13_3_15,pressure,19002300,Pa
254016000,P_13_3_15,sg,0,
254016000,P_13_3_15,so,1,
254016000,P_13_3_15,sw,0,
254016000,P_3_8_15,pressure,19044800,Pa
254016000,P_3_8_15,sg,0,
254016000,P_3_8_15,so,1,
254016000,P_3_8_15,sw,0,
254016000,P_8_8_15,pressure,19042700,Pa
254016000,P_8_8_15,sg,0,
254016000,P_8_8_15,so,1,
254016000,P_8_8_15,sw,0,
254016000,P_13_8_15,pressure,19031300,Pa
254016000,P_13_8_15,sg,0,
254016000,P_13_8_15,so,1,
254016000,P_13_8_15,sw,0,
254016000,P_3_13_15,pressure,19055100,Pa
254016000,P_3_13_15,sg,0,
254016000,P_3_13_15,so,1,
254016000,P_3_13_15,sw,0,
254016000,P_8_13_15,pressure,19044800,Pa
254016000,P_8_13_15,sg,0,
254016000,P_8_13_15,so,1,
254016000,P_8_13_15,sw,0,
254016000,P_13_13_15,pressure,19003200,Pa
254016000,P_13_13_15,sg,0,
254016000,P_13_13_15,so,1,
254016000,P_13_13_15,sw,0,
254016000,P_3_3_14,pressure,19003400,Pa
254016000,P_3_3_14,sg,0,
254016000,P_3_3_14,so,1,
254016000,P_3_3_14,sw,0,
254016000,P_8_3_14,pressure,19035100,Pa
254016000,P_8_3_14,sg,0,
254016000,P_8_3_14,so,1,
254016000,P_8_3_14,sw,0,
254016000,P_13_3_14,pressure,19002500,Pa
254016000,P_13_3_14,sg,0,
254016000,P_13_3_14,so,1,
254016000,P_13_3_14,sw,0,
254016000,P_3_8_14,pressure,19048700,Pa
254016000,P_3_8_14,sg,0,
254016000,P_3_8_14,so,1,
254016000,P_3_8_14,sw,0,
254016000,P_8_8_14,pressure,19048400,Pa
254016000,P_8_8_14,sg,0,
254016000,P_8_8_14,so,1,
254016000,P_8_8_14,sw,0,
254016000,P_13_8_14,pressure,19035100,Pa
254016000,P_13_8_14,sg,0,
254016000,P_13_8_14,so,1,
254016000,P_13_8_14,sw,0,
254016000,P_3_13_14,pressure,19058700,Pa
254016000,P_3_13_14,sg,0,
254016000,P_3_13_14,so,1,
254016000,P_3_13_14,sw,0,
254016000,P_8_13_14,pressure,19048700,Pa
254016000,P_8_13_14,sg,0,
254016000,P_8_13_14,so,1,
254016000,P_8_13_14,sw,0,
254016000,P_13_13_14,pressure,19003400,Pa
254016000,P_13_13_14,sg,0,
254016000,P_13_13_14,so,1,
254016000,P_13_13_14,sw,0,
254016000,P_3_3_13,pressure,19003800,Pa
254016000,P_3_3_13,sg,0,
254016000,P_3_3_13,so,1,
254016000,P_3_3_13,sw,0,
254016000,P_8_3_13,pressure,19043200,Pa
254016000,P_8_3_13,sg,0,
254016000,P_8_3_13,so,1,
254016000,P_8_3_13,sw,0,
254016000,P_13_3_13,pressure,19003000,Pa
254016000,P_13_3_13,sg,0,
254016000,P_13_3_13,so,1,
254016000,P_13_3_13,sw,0,
254016000,P_3_8_13,pressure,19056800,Pa
254016000,P_3_8_13,sg,0,
254016000,P_3_8_13,so,1,
254016000,P_3_8_13,sw,0,
254016000,P_8_8_13,pressure,19062800,Pa
254016000,P_8_8_13,sg,0,
254016000,P_8_8_13,so,1,
254016000,P_8_8_13,sw,0,
254016000,P_13_8_13,pressure,19043200,Pa
254016000,P_13_8_13,sg,0,
254016000,P_13_8_13,so,1,
254016000,P_13_8_13,sw,0,
254016000,P_3_13_13,pressure,19065800,Pa
254016000,P_3_13_13,sg,0,
254016000,P_3_13_13,so,1,
254016000,P_3_13_13,sw,0,
254016000,P_8_13_13,pressure,19056800,Pa
254016000,P_8_13_13,sg,0,
254016000,P_8_13_13,so,1,
254016000,P_8_13_13,sw,0,
254016000,P_13_13_13,pressure,19003800,Pa
254016000,P_13_13_13,sg,0,
254016000,P_13_13_13,so,1,
254016000,P_13_13_13,sw,0,
256608000,P_3_3_15,pressure,19003200,Pa
256608000,P_3_3_15,sg,0,
256608000,P_3_3_15,so,1,
256608000,P_3_3_15,sw,0,
256608000,P_8_3_15,pressure,19031300,Pa
256608000,P_8_3_15,sg,0,
256608000,P_8_3_15,so,1,
256608000,P_8_3_15,sw,0,
256608000,P_13_3_15,pressure,19002300,Pa
256608000,P_13_3_15,sg,0,
256608000,P_13_3_15,so,1,
256608000,P_13_3_15,sw,0,
256608000,P_3_8_15,pressure,19044800,Pa
256608000,P_3_8_15,sg,0,
256608000,P_3_8_15,so,1,
256608000,P_3_8_15,sw,0,
256608000,P_8_8_15,pressure,19042700,Pa
256608000,P_8_8_15,sg,0,
256608000,P_8_8_15,so,1,
256608000,P_8_8_15,sw,0,
256608000,P_13_8_15,pressure,19031300,Pa
256608000,P_13_8_15,sg,0,
256608000,P_13_8_15,so,1,
256608000,P_13_8_15,sw,0,
256608000,P_3_13_15,pressure,19055100,Pa
256608000,P_3_13_15,sg,0,
256608000,P_3_13_15,so,1,
256608000,P_3_13_15,sw,0,
256608000,P_8_13_15,pressure,19044800,Pa
256608000,P_8_13_15,sg,0,
256608000,P_8_13_15,so,1,
256608000,P_8_13_15,sw,0,
256608000,P_13_13_15,pressure,19003200,Pa
256608000,P_13_13_15,sg,0,
256608000,P_13_13_15,so,1,
256608000,P_13_13_15,sw,0,
256608000,P_3_3_14,pressure,19003400,Pa
256608000,P_3_3_14,sg,0,
256608000,P_3_3_14,so,1,
256608000,P_3_3_14,sw,0,
256608000,P_8_3_14,pressure,19035100,Pa
256608000,P_8_3_14,sg,0,
256608000,P_8_3_14,so,1,
256608000,P_8_3_14,sw,0,
256608000,P_13_3_14,pressure,19002500,Pa
256608000,P_13_3_14,sg,0,
256608000,P_13_3_14,so,1,
256608000,P_13_3_14,sw,0,
256608000,P_3_8_14,pressure,19048700,Pa
256608000,P_3_8_14,sg,0,
256608000,P_3_8_14,so,1,
256608000,P_3_8_14,sw,0,
256608000,P_8_8_14,pressure,19048400,Pa
256608000,P_8_8_14,sg,0,
256608000,P_8_8_14,so,1,
256608000,P_8_8_14,sw,0,
256608000,P_13_8_14,pressure,19035100,Pa
256608000,P_13_8_14,sg,0,
256608000,P_13_8_14,so,1,
256608000,P_13_8_14,sw,0,
256608000,P_3_13_14,pressure,19058700,Pa
256608000,P_3_13_14,sg,0,
256608000,P_3_13_14,so,1,
256608000,P_3_13_14,sw,0,
256608000,P_8_13_14,pressure,19048700,Pa
256608000,P_8_13_14,sg,0,
256608000,P_8_13_14,so,1,
256608000,P_8_13_14,sw,0,
256608000,P_13_13_14,pressure,19003400,Pa
256608000,P_13_13_14,sg,0,
256608000,P_13_13_14,so,1,
256608000,P_13_13_14,sw,0,
256608000,P_3_3_13,pressure,19003800,Pa
256608000,P_3_3_13,sg,0,
256608000,P_3_3_13,so,1,
256608000,P_3_3_13,sw,0,
256608000,P_8_3_13,pressure,19043200,Pa
256608000,P_8_3_13,sg,0,
256608000,P_8_3_13,so,1,
256608000,P_8_3_13,sw,0,
256608000,P_13_3_13,pressure,19003000,Pa
256608000,P_13_3_13,sg,0,
256608000,P_13_3_13,so,1,
256608000,P_13_3_13,sw,0,
256608000,P_3_8_13,pressure,19056800,Pa
256608000,P_3_8_13,sg,0,
256608000,P_3_8_13,so,1,
256608000,P_3_8_13,sw,0,
256608000,P_8_8_13,pressure,19062800,Pa
256608000,P_8_8_13,sg,0,
256608000,P_8_8_13,so,1,
256608000,P_8_8_13,sw,0,
256608000,P_13_8_13,pressure,19043200,Pa
256608000,P_13_8_13,sg,0,
256608000,P_13_8_13,so,1,
256608000,P_13_8_13,sw,0,
256608000,P_3_13_13,pressure,19065800,Pa
256608000,P_3_13_13,sg,0,
256608000,P_3_13_13,so,1,
256608000,P_3_13_13,sw,0,
256608000,P_8_13_13,pressure,19056800,Pa
256608000,P_8_13_13,sg,0,
256608000,P_8_13_13,so,1,
256608000,P_8_13_13,sw,0,
256608000,P_13_13_13,pressure,19003800,Pa
256608000,P_13_13_13,sg,0,
256608000,P_13_13_13,so,1,
256608000,P_13_13_13,sw,0,
259200000,P_3_3_15,pressure,19003200,Pa
259200000,P_3_3_15,sg,0,
259200000,P_3_3_15,so,1,
259200000,P_3_3_15,sw,0,
259200000,P_8_3_15,pressure,19031300,Pa
259200000,P_8_3_15,sg,0,
259200000,P_8_3_15,so,1,
259200000,P_8_3_15,sw,0,
259200000,P_13_3_15,pressure,19002300,Pa
259200000,P_13_3_15,sg,0,
259200000,P_13_3_15,so,1,
259200000,P_13_3_15,sw,0,
259200000,P_3_8_15,pressure,19044800,Pa
259200000,P_3_8_15,sg,0,
259200000,P_3_8_15,so,1,
259200000,P_3_8_15,sw,0,
259200000,P_8_8_15,pressure,19042700,Pa
259200000,P_8_8_15,sg,0,
259200000,P_8_8_15,so,1,
259200000,P_8_8_15,sw,0,
259200000,P_13_8_15,pressure,19031300,Pa
259200000,P_13_8_15,sg,0,
259200000,P_13_8_15,so,1,
259200000,P_13_8_15,sw,0,
259200000,P_3_13_15,pressure,19055100,Pa
259200000,P_3_13_15,sg,0,
259200000,P_3_13_15,so,1,
259200000,P_3_13_15,sw,0,
259200000,P_8_13_15,pressure,19044800,Pa
259200000,P_8_13_15,sg,0,
259200000,P_8_13_15,so,1,
259200000,P_8_13_15,sw,0,
259200000,P_13_13_15,pressure,19003200,Pa
259200000,P_13_13_15,sg,0,
259200000,P_13_13_15,so,1,
259200000,P_13_13_15,sw,0,
259200000,P_3_3_14,pressure,19003400,Pa
259200000,P_3_3_14,sg,0,
259200000,P_3_3_14,so,1,
259200000,P_3_3_14,sw,0,
259200000,P_8_3_14,pressure,19035100,Pa
259200000,P_8_3_14,sg,0,
259200000,P_8_3_14,so,1,
259200000,P_8_3_14,sw,0,
259200000,P_13_3_14,pressure,19002500,Pa
259200000,P_13_3_14,sg,0,
259200000,P_13_3_14,so,1,
259200000,P_13_3_14,sw,0,
259200000,P_3_8_14,pressure,19048700,Pa
259200000,P_3_8_14,sg,0,
259200000,P_3_8_14,so,1,
259200000,P_3_8_14,sw,0,
259200000,P_8_8_14,pressure,19048400,Pa
259200000,P_8_8_14,sg,0,
259200000,P_8_8_14,so,1,
259200000,P_8_8_14,sw,0,
259200000,P_13_8_14,pressure,19035100,Pa
259200000,P_13_8_14,sg,0,
259200000,P_13_8_14,so,1,
259200000,P_13_8_14,sw,0,
259200000,P_3_13_14,pressure,19058700,Pa
259200000,P_3_13_14,sg,0,
259200000,P_3_13_14,so,1,
259200000,P_3_13_14,sw,0,
259200000,P_8_13_14,pressure,19048700,Pa
259200000,P_8_13_14,sg,0,
259200000,P_8_13_14,so,1,
259200000,P_8_13_14,sw,0,
259200000,P_13_13_14,pressure,19003400,Pa
259200000,P_13_13_14,sg,0,
259200000,P_13_13_14,so,1,
259200000,P_13_13_14,sw,0,
259200000,P_3_3_13,pressure,19003800,Pa
259200000,P_3_3_13,sg,0,
259200000,P_3_3_13,so,1,
259200000,P_3_3_13,sw,0,
259200000,P_8_3_13,pressure,19043200,Pa
259200000,P_8_3_13,sg,0,
259200000,P_8_3_13,so,1,
259200000,P_8_3_13,sw,0,
259200000,P_13_3_13,pressure,19003000,Pa
259200000,P_13_3_13,sg,0,
259200000,P_13_3_13,so,1,
259200000,P_13_3_13,sw,0,
259200000,P_3_8_13,pressure,19056800,Pa
259200000,P_3_8_13,sg,0,
259200000,P_3_8_13,so,1,
259200000,P_3_8_13,sw,0,
259200000,P_8_8_13,pressure,19062800,Pa
259200000,P_8_8_13,sg,0,
259200000,P_8_8_13,so,1,
259200000,P_8_8_13,sw,0,
259200000,P_13_8_13,pressure,19043200,Pa
259200000,P_13_8_13,sg,0,
259200000,P_13_8_13,so,1,
259200000,P_13_8_13,sw,0,
259200000,P_3_13_13,pressure,19065800,Pa
259200000,P_3_13_13,sg,0,
259200000,P_3_13_13,so,1,
259200000,P_3_13_13,sw,0,
259200000,P_8_13_13,pressure,19056800,Pa
259200000,P_8_13_13,sg,0,
259200000,P_8_13_13,so,1,
259200000,P_8_13_13,sw,0,
259200000,P_13_13_13,pressure,19003800,Pa
259200000,P_13_13_13,sg,0,
259200000,P_13_13_13,so,1,
259200000,P_13_13_13,sw,0,
261792000,P_3_3_15,pressure,19003200,Pa
261792000,P_3_3_15,sg,0,
261792000,P_3_3_15,so,1,
261792000,P_3_3_15,sw,0,
261792000,P_8_3_15,pressure,19031300,Pa
261792000,P_8_3_15,sg,0,
261792000,P_8_3_15,so,1,
261792000,P_8_3_15,sw,0,
261792000,P_13_3_15,pressure,19002300,Pa
261792000,P_13_3_15,sg,0,
261792000,P_13_3_15,so,1,
261792000,P_13_3_15,sw,0,
261792000,P_3_8_15,pressure,19044800,Pa
261792000,P_3_8_15,sg,0,
261792000,P_3_8_15,so,1,
261792000,P_3_8_15,sw,0,
261792000,P_8_8_15,pressure,19042700,Pa
261792000,P_8_8_15,sg,0,
261792000,P_8_8_15,so,1,
261792000,P_8_8_15,sw,0,
261792000,P_13_8_15,pressure,19031300,Pa
261792000,P_13_8_15,sg,0,
261792000,P_13_8_15,so,1,
261792000,P_13_8_15,sw,0,
261792000,P_3_13_15,pressure,19055100,Pa
261792000,P_3_13_15,sg,0,
261792000,P_3_13_15,so,1,
261792000,P_3_13_15,sw,0,
261792000,P_8_13_15,pressure,19044800,Pa
261792000,P_8_13_15,sg,0,
261792000,P_8_13_15,so,1,
261792000,P_8_13_15,sw,0,
261792000,P_13_13_15,pressure,19003200,Pa
261792000,P_13_13_15,sg,0,
261792000,P_13_13_15,so,1,
261792000,P_13_13_15,sw,0,
261792000,P_3_3_14,pressure,19003400,Pa
261792000,P_3_3_14,sg,0,
261792000,P_3_3_14,so,1,
261792000,P_3_3_14,sw,0,
261792000,P_8_3_14,pressure,19035100,Pa
261792000,P_8_3_14,sg,0,
261792000,P_8_3_14,so,1,
261792000,P_8_3_14,sw,0,
261792000,P_13_3_14,pressure,19002500,Pa
261792000,P_13_3_14,sg,0,
261792000,P_13_3_14,so,1,
261792000,P_13_3_14,sw,0,
261792000,P_3_8_14,pressure,19048700,Pa
261792000,P_3_8_14,sg,0,
261792000,P_3_8_14,so,1,
261792000,P_3_8_14,sw,0,
261792000,P_8_8_14,pressure,19048400,Pa
261792000,P_8_8_14,sg,0,
261792000,P_8_8_14,so,1,
261792000,P_8_8_14,sw,0,
261792000,P_13_8_14,pressure,19035100,Pa
261792000,P_13_8_14,sg,0,
261792000,P_13_8_14,so,1,
261792000,P_13_8_14,sw,0,
261792000,P_3_13_14,pressure,19058700,Pa
261792000,P_3_13_14,sg,0,
261792000,P_3_13_14,so,1,
261792000,P_3_13_14,sw,0,
261792000,P_8_13_14,pressure,19048700,Pa
261792000,P_8_13_14,sg,0,
261792000,P_8_13_14,so,1,
261792000,P_8_13_14,sw,0,
261792000,P_13_13_14,pressure,19003400,Pa
261792000,P_13_13_14,sg,0,
261792000,P_13_13_14,so,1,
261792000,P_13_13_14,sw,0,
261792000,P_3_3_13,pressure,19003800,Pa
261792000,P_3_3_13,sg,0,
261792000,P_3_3_13,so,1,
261792000,P_3_3_13,sw,0,
261792000,P_8_3_13,pressure,19043200,Pa
261792000,P_8_3_13,sg,0,
261792000,P_8_3_13,so,1,
261792000,P_8_3_13,sw,0,
261792000,P_13_3_13,pressure,19003000,Pa
261792000,P_13_3_13,sg,0,
261792000,P_13_3_13,so,1,
261792000,P_13_3_13,sw,0,
261792000,P_3_8_13,pressure,19056800,Pa
261792000,P_3_8_13,sg,0,
261792000,P_3_8_13,so,1,
261792000,P_3_8_13,sw,0,
261792000,P_8_8_13,pressure,19062800,Pa
261792000,P_8_8_13,sg,0,
261792000,P_8_8_13,so,1,
261792000,P_8_8_13,sw,0,
261792000,P_13_8_13,pressure,19043200,Pa
261792000,P_13_8_13,sg,0,
261792000,P_13_8_13,so,1,
261792000,P_13_8_13,sw,0,
261792000,P_3_13_13,pressure,19065800,Pa
261792000,P_3_13_13,sg,0,
261792000,P_3_13_13,so,1,
261792000,P_3_13_13,sw,0,
261792000,P_8_13_13,pressure,19056800,Pa
261792000,P_8_13_13,sg,0,
261792000,P_8_13_13,so,1,
261792000,P_8_13_13,sw,0,
261792000,P_13_13_13,pressure,19003800,Pa
261792000,P_13_13_13,sg,0,
261792000,P_13_13_13,so,1,
261792000,P_13_13_13,sw,0,
264384000,P_3_3_15,pressure,19003200,Pa
264384000,P_3_3_15,sg,0,
264384000,P_3_3_15,so,1,
264384000,P_3_3_15,sw,0,
264384000,P_8_3_15,pressure,19031300,Pa
264384000,P_8_3_15,sg,0,
264384000,P_8_3_15,so,1,
264384000,P_8_3_15,sw,0,
264384000,P_13_3_15,pressure,19002300,Pa
264384000,P_13_3_15,sg,0,
264384000,P_13_3_15,so,1,
264384000,P_13_3_15,sw,0,
264384000,P_3_8_15,pressure,19044800,Pa
264384000,P_3_8_15,sg,0,
264384000,P_3_8_15,so,1,
264384000,P_3_8_15,sw,0,
264384000,P_8_8_15,pressure,19042700,Pa
264384000,P_8_8_15,sg,0,
264384000,P_8_8_15,so,1,
264384000,P_8_8_15,sw,0,
264384000,P_13_8_15,pressure,19031300,Pa
264384000,P_13_8_15,sg,0,
264384000,P_13_8_15,so,1,
264384000,P_13_8_15,sw,0,
264384000,P_3_13_15,pressure,19055100,Pa
264384000,P_3_13_15,sg,0,
264384000,P_3_13_15,so,1,
264384000,P_3_13_15,sw,0,
264384000,P_8_13_15,pressure,19044800,Pa
264384000,P_8_13_15,sg,0,
264384000,P_8_13_15,so,1,
264384000,P_8_13_15,sw,0,
264384000,P_13_13_15,pressure,19003200,Pa
264384000,P_13_13_15,sg,0,
264384000,P_13_13_15,so,1,
264384000,P_13_13_15,sw,0,
264384000,P_3_3_14,pressure,19003400,Pa
264384000,P_3_3_14,sg,0,
264384000,P_3_3_14,so,1,
264384000,P_3_3_14,sw,0,
264384000,P_8_3_14,pressure,19035100,Pa
264384000,P_8_3_14,sg,0,
264384000,P_8_3_14,so,1,
264384000,P_8_3_14,sw,0,
264384000,P_13_3_14,pressure,19002500,Pa
264384000,P_13_3_14,sg,0,
264384000,P_13_3_14,so,1,
264384000,P_13_3_14,sw,0,
264384000,P_3_8_14,pressure,19048700,Pa
264384000,P_3_8_14,sg,0,
264384000,P_3_8_14,so,1,
264384000,P_3_8_14,sw,0,
264384000,P_8_8_14,pressure,19048400,Pa
264384000,P_8_8_14,sg,0,
264384000,P_8_8_14,so,1,
264384000,P_8_8_14,sw,0,
264384000,P_13_8_14,pressure,19035100,Pa
264384000,P_13_8_14,sg,0,
264384000,P_13_8_14,so,1,
264384000,P_13_8_14,sw,0,
264384000,P_3_13_14,pressure,19058700,Pa
264384000,P_3_13_14,sg,0,
264384000,P_3_13_14,so,1,
264384000,P_3_13_14,sw,0,
264384000,P_8_13_14,pressure,19048700,Pa
264384000,P_8_13_14,sg,0,
264384000,P_8_13_14,so,1,
264384000,P_8_13_14,sw,0,
264384000,P_13_13_14,pressure,19003400,Pa
264384000,P_13_13_14,sg,0,
264384000,P_13_13_14,so,1,
264384000,P_13_13_14,sw,0,
264384000,P_3_3_13,pressure,19003800,Pa
264384000,P_3_3_13,sg,0,
264384000,P_3_3_13,so,1,
264384000,P_3_3_13,sw,0,
264384000,P_8_3_13,pressure,19043200,Pa
264384000,P_8_3_13,sg,0,
264384000,P_8_3_13,so,1,
264384000,P_8_3_13,sw,0,
264384000,P_13_3_13,pressure,19003000,Pa
264384000,P_13_3_13,sg,0,
264384000,P_13_3_13,so,1,
264384000,P_13_3_13,sw,0,
264384000,P_3_8_13,pressure,19056800,Pa
264384000,P_3_8_13,sg,0,
264384000,P_3_8_13,so,1,
264384000,P_3_8_13,sw,0,
264384000,P_8_8_13,pressure,19062800,Pa
264384000,P_8_8_13,sg,0,
264384000,P_8_8_13,so,1,
264384000,P_8_8_13,sw,0,
264384000,P_13_8_13,pressure,19043200,Pa
264384000,P_13_8_13,sg,0,
264384000,P_13_8_13,so,1,
264384000,P_13_8_13,sw,0,
264384000,P_3_13_13,pressure,19065800,Pa
264384000,P_3_13_13,sg,0,
264384000,P_3_13_13,so,1,
264384000,P_3_13_13,sw,0,
264384000,P_8_13_13,pressure,19056800,Pa
264384000,P_8_13_13,sg,0,
264384000,P_8_13_13,so,1,
264384000,P_8_13_13,sw,0,
264384000,P_13_13_13,pressure,19003800,Pa
264384000,P_13_13_13,sg,0,
264384000,P_13_13_13,so,1,
264384000,P_13_13_13,sw,0,
266976000,P_3_3_15,pressure,19003200,Pa
266976000,P_3_3_15,sg,0,
266976000,P_3_3_15,so,1,
266976000,P_3_3_15,sw,0,
266976000,P_8_3_15,pressure,19031300,Pa
266976000,P_8_3_15,sg,0,
266976000,P_8_3_15,so,1,
266976000,P_8_3_15,sw,0,
266976000,P_13_3_15,pressure,19002300,Pa
266976000,P_13_3_15,sg,0,
266976000,P_13_3_15,so,1,
266976000,P_13_3_15,sw,0,
266976000,P_3_8_15,pressure,19044800,Pa
266976000,P_3_8_15,sg,0,
266976000,P_3_8_15,so,1,
266976000,P_3_8_15,sw,0,
266976000,P_8_8_15,pressure,19042700,Pa
266976000,P_8_8_15,sg,0,
266976000,P_8_8_15,so,1,
266976000,P_8_8_15,sw,0,
266976000,P_13_8_15,pressure,19031300,Pa
266976000,P_13_8_15,sg,0,
266976000,P_13_8_15,so,1,
266976000,P_13_8_15,sw,0,
266976000,P_3_13_15,pressure,19055100,Pa
266976000,P_3_13_15,sg,0,
266976000,P_3_13_15,so,1,
266976000,P_3_13_15,sw,0,
266976000,P_8_13_15,pressure,19044800,Pa
266976000,P_8_13_15,sg,0,
266976000,P_8_13_15,so,1,
266976000,P_8_13_15,sw,0,
266976000,P_13_13_15,pressure,19003200,Pa
266976000,P_13_13_15,sg,0,
266976000,P_13_13_15,so,1,
266976000,P_13_13_15,sw,0,
266976000,P_3_3_14,pressure,19003400,Pa
266976000,P_3_3_14,sg,0,
266976000,P_3_3_14,so,1,
266976000,P_3_3_14,sw,0,
266976000,P_8_3_14,pressure,19035100,Pa
266976000,P_8_3_14,sg,0,
266976000,P_8_3_14,so,1,
266976000,P_8_3_14,sw,0,
266976000,P_13_3_14,pressure,19002500,Pa
266976000,P_13_3_14,sg,0,
266976000,P_13_3_14,so,1,
266976000,P_13_3_14,sw,0,
266976000,P_3_8_14,pressure,19048700,Pa
266976000,P_3_8_14,sg,0,
266976000,P_3_8_14,so,1,
266976000,P_3_8_14,sw,0,
266976000,P_8_8_14,pressure,19048400,Pa
266976000,P_8_8_14,sg,0,
266976000,P_8_8_14,so,1,
266976000,P_8_8_14,sw,0,
266976000,P_13_8_14,pressure,19035100,Pa
266976000,P_13_8_14,sg,0,
266976000,P_13_8_14,so,1,
266976000,P_13_8_14,sw,0,
266976000,P_3_13_14,pressure,19058700,Pa
266976000,P_3_13_14,sg,0,
266976000,P_3_13_14,so,1,
266976000,P_3_13_14,sw,0,
266976000,P_8_13_14,pressure,19048700,Pa
266976000,P_8_13_14,sg,0,
266976000,P_8_13_14,so,1,
266976000,P_8_13_14,sw,0,
266976000,P_13_13_14,pressure,19003400,Pa
266976000,P_13_13_14,sg,0,
266976000,P_13_13_14,so,1,
266976000,P_13_13_14,sw,0,
266976000,P_3_3_13,pressure,19003800,Pa
266976000,P_3_3_13,sg,0,
266976000,P_3_3_13,so,1,
266976000,P_3_3_13,sw,0,
266976000,P_8_3_13,pressure,19043200,Pa
266976000,P_8_3_13,sg,0,
266976000,P_8_3_13,so,1,
266976000,P_8_3_13,sw,0,
266976000,P_13_3_13,pressure,19003000,Pa
266976000,P_13_3_13,sg,0,
266976000,P_13_3_13,so,1,
266976000,P_13_3_13,sw,0,
266976000,P_3_8_13,pressure,19056800,Pa
266976000,P_3_8_13,sg,0,
266976000,P_3_8_13,so,1,
266976000,P_3_8_13,sw,0,
266976000,P_8_8_13,pressure,19062800,Pa
266976000,P_8_8_13,sg,0,
266976000,P_8_8_13,so,1,
266976000,P_8_8_13,sw,0,
266976000,P_13_8_13,pressure,19043200,Pa
266976000,P_13_8_13,sg,0,
266976000,P_13_8_13,so,1,
266976000,P_13_8_13,sw,0,
266976000,P_3_13_13,pressure,19065800,Pa
266976000,P_3_13_13,sg,0,
266976000,P_3_13_13,so,1,
266976000,P_3_13_13,sw,0,
266976000,P_8_13_13,pressure,19056800,Pa
266976000,P_8_13_13,sg,0,
266976000,P_8_13_13,so,1,
266976000,P_8_13_13,sw,0,
266976000,P_13_13_13,pressure,19003800,Pa
266976000,P_13_13_13,sg,0,
266976000,P_13_13_13,so,1,
266976000,P_13_13_13,sw,0,
269568000,P_3_3_15,pressure,19003200,Pa
269568000,P_3_3_15,sg,0,
269568000,P_3_3_15,so,1,
269568000,P_3_3_15,sw,0,
269568000,P_8_3_15,pressure,19031300,Pa
269568000,P_8_3_15,sg,0,
269568000,P_8_3_15,so,1,
269568000,P_8_3_15,sw,0,
269568000,P_13_3_15,pressure,19002300,Pa
269568000,P_13_3_15,sg,0,
269568000,P_13_3_15,so,1,
269568000,P_13_3_15,sw,0,
269568000,P_3_8_15,pressure,19044800,Pa
269568000,P_3_8_15,sg,0,
269568000,P_3_8_15,so,1,
269568000,P_3_8_15,sw,0,
269568000,P_8_8_15,pressure,19042700,Pa
269568000,P_8_8_15,sg,0,
269568000,P_8_8_15,so,1,
269568000,P_8_8_15,sw,0,
269568000,P_13_8_15,pressure,19031300,Pa
269568000,P_13_8_15,sg,0,
269568000,P_13_8_15,so,1,
269568000,P_13_8_15,sw,0,
269568000,P_3_13_15,pressure,19055100,Pa
269568000,P_3_13_15,sg,0,
269568000,P_3_13_15,so,1,
269568000,P_3_13_15,sw,0,
269568000,P_8_13_15,pressure,19044800,Pa
269568000,P_8_13_15,sg,0,
269568000,P_8_13_15,so,1,
269568000,P_8_13_15,sw,0,
269568000,P_13_13_15,pressure,19003200,Pa
269568000,P_13_13_15,sg,0,
269568000,P_13_13_15,so,1,
269568000,P_13_13_15,sw,0,
269568000,P_3_3_14,pressure,19003400,Pa
269568000,P_3_3_14,sg,0,
269568000,P_3_3_14,so,1,
269568000,P_3_3_14,sw,0,
269568000,P_8_3_14,pressure,19035100,Pa
269568000,P_8_3_14,sg,0,
269568000,P_8_3_14,so,1,
269568000,P_8_3_14,sw,0,
269568000,P_13_3_14,pressure,19002500,Pa
269568000,P_13_3_14,sg,0,
269568000,P_13_3_14,so,1,
269568000,P_13_3_14,sw,0,
269568000,P_3_8_14,pressure,19048700,Pa
269568000,P_3_8_14,sg,0,
269568000,P_3_8_14,so,1,
269568000,P_3_8_14,sw,0,
269568000,P_8_8_14,pressure,19048400,Pa
269568000,P_8_8_14,sg,0,
269568000,P_8_8_14,so,1,
269568000,P_8_8_14,sw,0,
269568000,P_13_8_14,pressure,19035100,Pa
269568000,P_13_8_14,sg,0,
269568000,P_13_8_14,so,1,
269568000,P_13_8_14,sw,0,
269568000,P_3_13_14,pressure,19058700,Pa
269568000,P_3_13_14,sg,0,
269568000,P_3_13_14,so,1,
269568000,P_3_13_14,sw,0,
269568000,P_8_13_14,pressure,19048700,Pa
269568000,P_8_13_14,sg,0,
269568000,P_8_13_14,so,1,
269568000,P_8_13_14,sw,0,
269568000,P_13_13_14,pressure,19003400,Pa
269568000,P_13_13_14,sg,0,
269568000,P_13_13_14,so,1,
269568000,P_13_13_14,sw,0,
269568000,P_3_3_13,pressure,19003800,Pa
269568000,P_3_3_13,sg,0,
269568000,P_3_3_13,so,1,
269568000,P_3_3_13,sw,0,
269568000,P_8_3_13,pressure,19043200,Pa
269568000,P_8_3_13,sg,0,
269568000,P_8_3_13,so,1,
269568000,P_8_3_13,sw,0,
269568000,P_13_3_13,pressure,19003000,Pa
269568000,P_13_3_13,sg,0,
269568000,P_13_3_13,so,1,
269568000,P_13_3_13,sw,0,
269568000,P_3_8_13,pressure,19056800,Pa
269568000,P_3_8_13,sg,0,
269568000,P_3_8_13,so,1,
269568000,P_3_8_13,sw,0,
269568000,P_8_8_13,pressure,19062800,Pa
269568000,P_8_8_13,sg,0,
269568000,P_8_8_13,so,1,
269568000,P_8_8_13,sw,0,
269568000,P_13_8_13,pressure,19043200,Pa
269568000,P_13_8_13,sg,0,
269568000,P_13_8_13,so,1,
269568000,P_13_8_13,sw,0,
269568000,P_3_13_13,pressure,19065800,Pa
269568000,P_3_13_13,sg,0,
269568000,P_3_13_13,so,1,
269568000,P_3_13_13,sw,0,
269568000,P_8_13_13,pressure,19056800,Pa
269568000,P_8_13_13,sg,0,
269568000,P_8_13_13,so,1,
269568000,P_8_13_13,sw,0,
269568000,P_13_13_13,pressure,19003800,Pa
269568000,P_13_13_13,sg,0,
269568000,P_13_13_13,so,1,
269568000,P_13_13_13,sw,0,
272160000,P_3_3_15,pressure,19003200,Pa
272160000,P_3_3_15,sg,0,
272160000,P_3_3_15,so,1,
272160000,P_3_3_15,sw,0,
272160000,P_8_3_15,pressure,19031300,Pa
272160000,P_8_3_15,sg,0,
272160000,P_8_3_15,so,1,
272160000,P_8_3_15,sw,0,
272160000,P_13_3_15,pressure,19002300,Pa
272160000,P_13_3_15,sg,0,
272160000,P_13_3_15,so,1,
272160000,P_13_3_15,sw,0,
272160000,P_3_8_15,pressure,19044800,Pa
272160000,P_3_8_15,sg,0,
272160000,P_3_8_15,so,1,
272160000,P_3_8_15,sw,0,
272160000,P_8_8_15,pressure,19042700,Pa
272160000,P_8_8_15,sg,0,
272160000,P_8_8_15,so,1,
272160000,P_8_8_15,sw,0,
272160000,P_13_8_15,pressure,19031300,Pa
272160000,P_13_8_15,sg,0,
272160000,P_13_8_15,so,1,
272160000,P_13_8_15,sw,0,
272160000,P_3_13_15,pressure,19055100,Pa
272160000,P_3_13_15,sg,0,
272160000,P_3_13_15,so,1,
272160000,P_3_13_15,sw,0,
272160000,P_8_13_15,pressure,19044800,Pa
272160000,P_8_13_15,sg,0,
272160000,P_8_13_15,so,1,
272160000,P_8_13_15,sw,0,
272160000,P_13_13_15,pressure,19003200,Pa
272160000,P_13_13_15,sg,0,
272160000,P_13_13_15,so,1,
272160000,P_13_13_15,sw,0,
272160000,P_3_3_14,pressure,19003400,Pa
272160000,P_3_3_14,sg,0,
272160000,P_3_3_14,so,1,
272160000,P_3_3_14,sw,0,
272160000,P_8_3_14,pressure,19035100,Pa
272160000,P_8_3_14,sg,0,
272160000,P_8_3_14,so,1,
272160000,P_8_3_14,sw,0,
272160000,P_13_3_14,pressure,19002500,Pa
272160000,P_13_3_14,sg,0,
272160000,P_13_3_14,so,1,
272160000,P_13_3_14,sw,0,
272160000,P_3_8_14,pressure,19048700,Pa
272160000,P_3_8_14,sg,0,
272160000,P_3_8_14,so,1,
272160000,P_3_8_14,sw,0,
272160000,P_8_8_14,pressure,19048400,Pa
272160000,P_8_8_14,sg,0,
272160000,P_8_8_14,so,1,
272160000,P_8_8_14,sw,0,
272160000,P_13_8_14,pressure,19035100,Pa
272160000,P_13_8_14,sg,0,
272160000,P_13_8_14,so,1,
272160000,P_13_8_14,sw,0,
272160000,P_3_13_14,pressure,19058700,Pa
272160000,P_3_13_14,sg,0,
272160000,P_3_13_14,so,1,
272160000,P_3_13_14,sw,0,
272160000,P_8_13_14,pressure,19048700,Pa
272160000,P_8_13_14,sg,0,
272160000,P_8_13_14,so,1,
272160000,P_8_13_14,sw,0,
272160000,P_13_13_14,pressure,19003400,Pa
272160000,P_13_13_14,sg,0,
272160000,P_13_13_14,so,1,
272160000,P_13_13_14,sw,0,
272160000,P_3_3_13,pressure,19003800,Pa
272160000,P_3_3_13,sg,0,
272160000,P_3_3_13,so,1,
272160000,P_3_3_13,sw,0,
272160000,P_8_3_13,pressure,19043200,Pa
272160000,P_8_3_13,sg,0,
272160000,P_8_3_13,so,1,
272160000,P_8_3_13,sw,0,
272160000,P_13_3_13,pressure,19003000,Pa
272160000,P_13_3_13,sg,0,
272160000,P_13_3_13,so,1,
272160000,P_13_3_13,sw,0,
272160000,P_3_8_13,pressure,19056800,Pa
272160000,P_3_8_13,sg,0,
272160000,P_3_8_13,so,1,
272160000,P_3_8_13,sw,0,
272160000,P_8_8_13,pressure,19062800,Pa
272160000,P_8_8_13,sg,0,
272160000,P_8_8_13,so,1,
272160000,P_8_8_13,sw,0,
272160000,P_13_8_13,pressure,19043200,Pa
272160000,P_13_8_13,sg,0,
272160000,P_13_8_13,so,1,
272160000,P_13_8_13,sw,0,
272160000,P_3_13_13,pressure,19065800,Pa
272160000,P_3_13_13,sg,0,
272160000,P_3_13_13,so,1,
272160000,P_3_13_13,sw,0,
272160000,P_8_13_13,pressure,19056800,Pa
272160000,P_8_13_13,sg,0,
272160000,P_8_13_13,so,1,
272160000,P_8_13_13,sw,0,
272160000,P_13_13_13,pressure,19003800,Pa
272160000,P_13_13_13,sg,0,
272160000,P_13_13_13,so,1,
272160000,P_13_13_13,sw,0,
274752000,P_3_3_15,pressure,19003200,Pa
274752000,P_3_3_15,sg,0,
274752000,P_3_3_15,so,1,
274752000,P_3_3_15,sw,0,
274752000,P_8_3_15,pressure,19031300,Pa
274752000,P_8_3_15,sg,0,
274752000,P_8_3_15,so,1,
274752000,P_8_3_15,sw,0,
274752000,P_13_3_15,pressure,19002300,Pa
274752000,P_13_3_15,sg,0,
274752000,P_13_3_15,so,1,
274752000,P_13_3_15,sw,0,
274752000,P_3_8_15,pressure,19044800,Pa
274752000,P_3_8_15,sg,0,
274752000,P_3_8_15,so,1,
274752000,P_3_8_15,sw,0,
274752000,P_8_8_15,pressure,19042700,Pa
274752000,P_8_8_15,sg,0,
274752000,P_8_8_15,so,1,
274752000,P_8_8_15,sw,0,
274752000,P_13_8_15,pressure,19031300,Pa
274752000,P_13_8_15,sg,0,
274752000,P_13_8_15,so,1,
274752000,P_13_8_15,sw,0,
274752000,P_3_13_15,pressure,19055100,Pa
274752000,P_3_13_15,sg,0,
274752000,P_3_13_15,so,1,
274752000,P_3_13_15,sw,0,
274752000,P_8_13_15,pressure,19044800,Pa
274752000,P_8_13_15,sg,0,
274752000,P_8_13_15,so,1,
274752000,P_8_13_15,sw,0,
274752000,P_13_13_15,pressure,19003200,Pa
274752000,P_13_13_15,sg,0,
274752000,P_13_13_15,so,1,
274752000,P_13_13_15,sw,0,
274752000,P_3_3_14,pressure,19003400,Pa
274752000,P_3_3_14,sg,0,
274752000,P_3_3_14,so,1,
274752000,P_3_3_14,sw,0,
274752000,P_8_3_14,pressure,19035100,Pa
274752000,P_8_3_14,sg,0,
274752000,P_8_3_14,so,1,
274752000,P_8_3_14,sw,0,
274752000,P_13_3_14,pressure,19002500,Pa
274752000,P_13_3_14,sg,0,
274752000,P_13_3_14,so,1,
274752000,P_13_3_14,sw,0,
274752000,P_3_8_14,pressure,19048700,Pa
274752000,P_3_8_14,sg,0,
274752000,P_3_8_14,so,1,
274752000,P_3_8_14,sw,0,
274752000,P_8_8_14,pressure,19048400,Pa
274752000,P_8_8_14,sg,0,
274752000,P_8_8_14,so,1,
274752000,P_8_8_14,sw,0,
274752000,P_13_8_14,pressure,19035100,Pa
274752000,P_13_8_14,sg,0,
274752000,P_13_8_14,so,1,
274752000,P_13_8_14,sw,0,
274752000,P_3_13_14,pressure,19058700,Pa
274752000,P_3_13_14,sg,0,
274752000,P_3_13_14,so,1,
274752000,P_3_13_14,sw,0,
274752000,P_8_13_14,pressure,19048700,Pa
274752000,P_8_13_14,sg,0,
274752000,P_8_13_14,so,1,
274752000,P_8_13_14,sw,0,
274752000,P_13_13_14,pressure,19003400,Pa
274752000,P_13_13_14,sg,0,
274752000,P_13_13_14,so,1,
274752000,P_13_13_14,sw,0,
274752000,P_3_3_13,pressure,19003800,Pa
274752000,P_3_3_13,sg,0,
274752000,P_3_3_13,so,1,
274752000,P_3_3_13,sw,0,
274752000,P_8_3_13,pressure,19043200,Pa
274752000,P_8_3_13,sg,0,
274752000,P_8_3_13,so,1,
274752000,P_8_3_13,sw,0,
274752000,P_13_3_13,pressure,19003000,Pa
274752000,P_13_3_13,sg,0,
274752000,P_13_3_13,so,1,
274752000,P_13_3_13,sw,0,
274752000,P_3_8_13,pressure,19056800,Pa
274752000,P_3_8_13,sg,0,
274752000,P_3_8_13,so,1,
274752000,P_3_8_13,sw,0,
274752000,P_8_8_13,pressure,19062800,Pa
274752000,P_8_8_13,sg,0,
274752000,P_8_8_13,so,1,
274752000,P_8_8_13,sw,0,
274752000,P_13_8_13,pressure,19043200,Pa
274752000,P_13_8_13,sg,0,
274752000,P_13_8_13,so,1,
274752000,P_13_8_13,sw,0,
274752000,P_3_13_13,pressure,19065800,Pa
274752000,P_3_13_13,sg,0,
274752000,P_3_13_13,so,1,
274752000,P_3_13_13,sw,0,
274752000,P_8_13_13,pressure,19056800,Pa
274752000,P_8_13_13,sg,0,
274752000,P_8_13_13,so,1,
274752000,P_8_13_13,sw,0,
274752000,P_13_13_13,pressure,19003800,Pa
274752000,P_13_13_13,sg,0,
274752000,P_13_13_13,so,1,
274752000,P_13_13_13,sw,0,
277344000,P_3_3_15,pressure,19003200,Pa
277344000,P_3_3_15,sg,0,
277344000,P_3_3_15,so,1,
277344000,P_3_3_15,sw,0,
277344000,P_8_3_15,pressure,19031300,Pa
277344000,P_8_3_15,sg,0,
277344000,P_8_3_15,so,1,
277344000,P_8_3_15,sw,0,
277344000,P_13_3_15,pressure,19002300,Pa
277344000,P_13_3_15,sg,0,
277344000,P_13_3_15,so,1,
277344000,P_13_3_15,sw,0,
277344000,P_3_8_15,pressure,19044800,Pa
277344000,P_3_8_15,sg,0,
277344000,P_3_8_15,so,1,
277344000,P_3_8_15,sw,0,
277344000,P_8_8_15,pressure,19042700,Pa
277344000,P_8_8_15,sg,0,
277344000,P_8_8_15,so,1,
277344000,P_8_8_15,sw,0,
277344000,P_13_8_15,pressure,19031300,Pa
277344000,P_13_8_15,sg,0,
277344000,P_13_8_15,so,1,
277344000,P_13_8_15,sw,0,
277344000,P_3_13_15,pressure,19055100,Pa
277344000,P_3_13_15,sg,0,
277344000,P_3_13_15,so,1,
277344000,P_3_13_15,sw,0,
277344000,P_8_13_15,pressure,19044800,Pa
277344000,P_8_13_15,sg,0,
277344000,P_8_13_15,so,1,
277344000,P_8_13_15,sw,0,
277344000,P_13_13_15,pressure,19003200,Pa
277344000,P_13_13_15,sg,0,
277344000,P_13_13_15,so,1,
277344000,P_13_13_15,sw,0,
277344000,P_3_3_14,pressure,19003400,Pa
277344000,P_3_3_14,sg,0,
277344000,P_3_3_14,so,1,
277344000,P_3_3_14,sw,0,
277344000,P_8_3_14,pressure,19035100,Pa
277344000,P_8_3_14,sg,0,
277344000,P_8_3_14,so,1,
277344000,P_8_3_14,sw,0,
277344000,P_13_3_14,pressure,19002500,Pa
277344000,P_13_3_14,sg,0,
277344000,P_13_3_14,so,1,
277344000,P_13_3_14,sw,0,
277344000,P_3_8_14,pressure,19048700,Pa
277344000,P_3_8_14,sg,0,
277344000,P_3_8_14,so,1,
277344000,P_3_8_14,sw,0,
277344000,P_8_8_14,pressure,19048400,Pa
277344000,P_8_8_14,sg,0,
277344000,P_8_8_14,so,1,
277344000,P_8_8_14,sw,0,
277344000,P_13_8_14,pressure,19035100,Pa
277344000,P_13_8_14,sg,0,
277344000,P_13_8_14,so,1,
277344000,P_13_8_14,sw,0,
277344000,P_3_13_14,pressure,19058700,Pa
277344000,P_3_13_14,sg,0,
277344000,P_3_13_14,so,1,
277344000,P_3_13_14,sw,0,
277344000,P_8_13_14,pressure,19048700,Pa
277344000,P_8_13_14,sg,0,
277344000,P_8_13_14,so,1,
277344000,P_8_13_14,sw,0,
277344000,P_13_13_14,pressure,19003400,Pa
277344000,P_13_13_14,sg,0,
277344000,P_13_13_14,so,1,
277344000,P_13_13_14,sw,0,
277344000,P_3_3_13,pressure,19003800,Pa
277344000,P_3_3_13,sg,0,
277344000,P_3_3_13,so,1,
277344000,P_3_3_13,sw,0,
277344000,P_8_3_13,pressure,19043200,Pa
277344000,P_8_3_13,sg,0,
277344000,P_8_3_13,so,1,
277344000,P_8_3_13,sw,0,
277344000,P_13_3_13,pressure,19003000,Pa
277344000,P_13_3_13,sg,0,
277344000,P_13_3_13,so,1,
277344000,P_13_3_13,sw,0,
277344000,P_3_8_13,pressure,19056800,Pa
277344000,P_3_8_13,sg,0,
277344000,P_3_8_13,so,1,
277344000,P_3_8_13,sw,0,
277344000,P_8_8_13,pressure,19062800,Pa
277344000,P_8_8_13,sg,0,
277344000,P_8_8_13,so,1,
277344000,P_8_8_13,sw,0,
277344000,P_13_8_13,pressure,19043200,Pa
277344000,P_13_8_13,sg,0,
277344000,P_13_8_13,so,1,
277344000,P_13_8_13,sw,0,
277344000,P_3_13_13,pressure,19065800,Pa
277344000,P_3_13_13,sg,0,
277344000,P_3_13_13,so,1,
277344000,P_3_13_13,sw,0,
277344000,P_8_13_13,pressure,19056800,Pa
277344000,P_8_13_13,sg,0,
277344000,P_8_13_13,so,1,
277344000,P_8_13_13,sw,0,
277344000,P_13_13_13,pressure,19003800,Pa
277344000,P_13_13_13,sg,0,
277344000,P_13_13_13,so,1,
277344000,P_13_13_13,sw,0,
279936000,P_3_3_15,pressure,19003200,Pa
279936000,P_3_3_15,sg,0,
279936000,P_3_3_15,so,1,
279936000,P_3_3_15,sw,0,
279936000,P_8_3_15,pressure,19031300,Pa
279936000,P_8_3_15,sg,0,
279936000,P_8_3_15,so,1,
279936000,P_8_3_15,sw,0,
279936000,P_13_3_15,pressure,19002300,Pa
279936000,P_13_3_15,sg,0,
279936000,P_13_3_15,so,1,
279936000,P_13_3_15,sw,0,
279936000,P_3_8_15,pressure,19044800,Pa
279936000,P_3_8_15,sg,0,
279936000,P_3_8_15,so,1,
279936000,P_3_8_15,sw,0,
279936000,P_8_8_15,pressure,19042700,Pa
279936000,P_8_8_15,sg,0,
279936000,P_8_8_15,so,1,
279936000,P_8_8_15,sw,0,
279936000,P_13_8_15,pressure,19031300,Pa
279936000,P_13_8_15,sg,0,
279936000,P_13_8_15,so,1,
279936000,P_13_8_15,sw,0,
279936000,P_3_13_15,pressure,19055100,Pa
279936000,P_3_13_15,sg,0,
279936000,P_3_13_15,so,1,
279936000,P_3_13_15,sw,0,
279936000,P_8_13_15,pressure,19044800,Pa
279936000,P_8_13_15,sg,0,
279936000,P_8_13_15,so,1,
279936000,P_8_13_15,sw,0,
279936000,P_13_13_15,pressure,19003200,Pa
279936000,P_13_13_15,sg,0,
279936000,P_13_13_15,so,1,
279936000,P_13_13_15,sw,0,
279936000,P_3_3_14,pressure,19003400,Pa
279936000,P_3_3_14,sg,0,
279936000,P_3_3_14,so,1,
279936000,P_3_3_14,sw,0,
279936000,P_8_3_14,pressure,19035100,Pa
279936000,P_8_3_14,sg,0,
279936000,P_8_3_14,so,1,
279936000,P_8_3_14,sw,0,
279936000,P_13_3_14,pressure,19002500,Pa
279936000,P_13_3_14,sg,0,
279936000,P_13_3_14,so,1,
279936000,P_13_3_14,sw,0,
279936000,P_3_8_14,pressure,19048700,Pa
279936000,P_3_8_14,sg,0,
279936000,P_3_8_14,so,1,
279936000,P_3_8_14,sw,0,
279936000,P_8_8_14,pressure,19048400,Pa
279936000,P_8_8_14,sg,0,
279936000,P_8_8_14,so,1,
279936000,P_8_8_14,sw,0,
279936000,P_13_8_14,pressure,19035100,Pa
279936000,P_13_8_14,sg,0,
279936000,P_13_8_14,so,1,
279936000,P_13_8_14,sw,0,
279936000,P_3_13_14,pressure,19058700,Pa
279936000,P_3_13_14,sg,0,
279936000,P_3_13_14,so,1,
279936000,P_3_13_14,sw,0,
279936000,P_8_13_14,pressure,19048700,Pa
279936000,P_8_13_14,sg,0,
279936000,P_8_13_14,so,1,
279936000,P_8_13_14,sw,0,
279936000,P_13_13_14,pressure,19003400,Pa
279936000,P_13_13_14,sg,0,
279936000,P_13_13_14,so,1,
279936000,P_13_13_14,sw,0,
279936000,P_3_3_13,pressure,19003800,Pa
279936000,P_3_3_13,sg,0,
279936000,P_3_3_13,so,1,
279936000,P_3_3_13,sw,0,
279936000,P_8_3_13,pressure,19043200,Pa
279936000,P_8_3_13,sg,0,
279936000,P_8_3_13,so,1,
279936000,P_8_3_13,sw,0,
279936000,P_13_3_13,pressure,19003000,Pa
279936000,P_13_3_13,sg,0,
279936000,P_13_3_13,so,1,
279936000,P_13_3_13,sw,0,
279936000,P_3_8_13,pressure,19056800,Pa
279936000,P_3_8_13,sg,0,
279936000,P_3_8_13,so,1,
279936000,P_3_8_13,sw,0,
279936000,P_8_8_13,pressure,19062800,Pa
279936000,P_8_8_13,sg,0,
279936000,P_8_8_13,so,1,
279936000,P_8_8_13,sw,0,
279936000,P_13_8_13,pressure,19043200,Pa
279936000,P_13_8_13,sg,0,
279936000,P_13_8_13,so,1,
279936000,P_13_8_13,sw,0,
279936000,P_3_13_13,pressure,19065800,Pa
279936000,P_3_13_13,sg,0,
279936000,P_3_13_13,so,1,
279936000,P_3_13_13,sw,0,
279936000,P_8_13_13,pressure,19056800,Pa
279936000,P_8_13_13,sg,0,
279936000,P_8_13_13,so,1,
279936000,P_8_13_13,sw,0,
279936000,P_13_13_13,pressure,19003800,Pa
279936000,P_13_13_13,sg,0,
279936000,P_13_13_13,so,1,
279936000,P_13_13_13,sw,0,
282528000,P_3_3_15,pressure,19003200,Pa
282528000,P_3_3_15,sg,0,
282528000,P_3_3_15,so,1,
282528000,P_3_3_15,sw,0,
282528000,P_8_3_15,pressure,19031300,Pa
282528000,P_8_3_15,sg,0,
282528000,P_8_3_15,so,1,
282528000,P_8_3_15,sw,0,
282528000,P_13_3_15,pressure,19002300,Pa
282528000,P_13_3_15,sg,0,
282528000,P_13_3_15,so,1,
282528000,P_13_3_15,sw,0,
282528000,P_3_8_15,pressure,19044800,Pa
282528000,P_3_8_15,sg,0,
282528000,P_3_8_15,so,1,
282528000,P_3_8_15,sw,0,
282528000,P_8_8_15,pressure,19042700,Pa
282528000,P_8_8_15,sg,0,
282528000,P_8_8_15,so,1,
282528000,P_8_8_15,sw,0,
282528000,P_13_8_15,pressure,19031300,Pa
282528000,P_13_8_15,sg,0,
282528000,P_13_8_15,so,1,
282528000,P_13_8_15,sw,0,
282528000,P_3_13_15,pressure,19055100,Pa
282528000,P_3_13_15,sg,0,
282528000,P_3_13_15,so,1,
282528000,P_3_13_15,sw,0,
282528000,P_8_13_15,pressure,19044800,Pa
282528000,P_8_13_15,sg,0,
282528000,P_8_13_15,so,1,
282528000,P_8_13_15,sw,0,
282528000,P_13_13_15,pressure,19003200,Pa
282528000,P_13_13_15,sg,0,
282528000,P_13_13_15,so,1,
282528000,P_13_13_15,sw,0,
282528000,P_3_3_14,pressure,19003400,Pa
282528000,P_3_3_14,sg,0,
282528000,P_3_3_14,so,1,
282528000,P_3_3_14,sw,0,
282528000,P_8_3_14,pressure,19035100,Pa
282528000,P_8_3_14,sg,0,
282528000,P_8_3_14,so,1,
282528000,P_8_3_14,sw,0,
282528000,P_13_3_14,pressure,19002500,Pa
282528000,P_13_3_14,sg,0,
282528000,P_13_3_14,so,1,
282528000,P_13_3_14,sw,0,
282528000,P_3_8_14,pressure,19048700,Pa
282528000,P_3_8_14,sg,0,
282528000,P_3_8_14,so,1,
282528000,P_3_8_14,sw,0,
282528000,P_8_8_14,pressure,19048400,Pa
282528000,P_8_8_14,sg,0,
282528000,P_8_8_14,so,1,
282528000,P_8_8_14,sw,0,
282528000,P_13_8_14,pressure,19035100,Pa
282528000,P_13_8_14,sg,0,
282528000,P_13_8_14,so,1,
282528000,P_13_8_14,sw,0,
282528000,P_3_13_14,pressure,19058700,Pa
282528000,P_3_13_14,sg,0,
282528000,P_3_13_14,so,1,
282528000,P_3_13_14,sw,0,
282528000,P_8_13_14,pressure,19048700,Pa
282528000,P_8_13_14,sg,0,
282528000,P_8_13_14,so,1,
282528000,P_8_13_14,sw,0,
282528000,P_13_13_14,pressure,19003400,Pa
282528000,P_13_13_14,sg,0,
282528000,P_13_13_14,so,1,
282528000,P_13_13_14,sw,0,
282528000,P_3_3_13,pressure,19003800,Pa
282528000,P_3_3_13,sg,0,
282528000,P_3_3_13,so,1,
282528000,P_3_3_13,sw,0,
282528000,P_8_3_13,pressure,19043200,Pa
282528000,P_8_3_13,sg,0,
282528000,P_8_3_13,so,1,
282528000,P_8_3_13,sw,0,
282528000,P_13_3_13,pressure,19003000,Pa
282528000,P_13_3_13,sg,0,
282528000,P_13_3_13,so,1,
282528000,P_13_3_13,sw,0,
282528000,P_3_8_13,pressure,19056800,Pa
282528000,P_3_8_13,sg,0,
282528000,P_3_8_13,so,1,
282528000,P_3_8_13,sw,0,
282528000,P_8_8_13,pressure,19062800,Pa
282528000,P_8_8_13,sg,0,
282528000,P_8_8_13,so,1,
282528000,P_8_8_13,sw,0,
282528000,P_13_8_13,pressure,19043200,Pa
282528000,P_13_8_13,sg,0,
282528000,P_13_8_13,so,1,
282528000,P_13_8_13,sw,0,
282528000,P_3_13_13,pressure,19065800,Pa
282528000,P_3_13_13,sg,0,
282528000,P_3_13_13,so,1,
282528000,P_3_13_13,sw,0,
282528000,P_8_13_13,pressure,19056800,Pa
282528000,P_8_13_13,sg,0,
282528000,P_8_13_13,so,1,
282528000,P_8_13_13,sw,0,
282528000,P_13_13_13,pressure,19003800,Pa
282528000,P_13_13_13,sg,0,
282528000,P_13_13_13,so,1,
282528000,P_13_13_13,sw,0,
285120000,P_3_3_15,pressure,19003200,Pa
285120000,P_3_3_15,sg,0,
285120000,P_3_3_15,so,1,
285120000,P_3_3_15,sw,0,
285120000,P_8_3_15,pressure,19031300,Pa
285120000,P_8_3_15,sg,0,
285120000,P_8_3_15,so,1,
285120000,P_8_3_15,sw,0,
285120000,P_13_3_15,pressure,19002300,Pa
285120000,P_13_3_15,sg,0,
285120000,P_13_3_15,so,1,
285120000,P_13_3_15,sw,0,
285120000,P_3_8_15,pressure,19044800,Pa
285120000,P_3_8_15,sg,0,
285120000,P_3_8_15,so,1,
285120000,P_3_8_15,sw,0,
285120000,P_8_8_15,pressure,19042700,Pa
285120000,P_8_8_15,sg,0,
285120000,P_8_8_15,so,1,
285120000,P_8_8_15,sw,0,
285120000,P_13_8_15,pressure,19031300,Pa
285120000,P_13_8_15,sg,0,
285120000,P_13_8_15,so,1,
285120000,P_13_8_15,sw,0,
285120000,P_3_13_15,pressure,19055100,Pa
285120000,P_3_13_15,sg,0,
285120000,P_3_13_15,so,1,
285120000,P_3_13_15,sw,0,
285120000,P_8_13_15,pressure,19044800,Pa
285120000,P_8_13_15,sg,0,
285120000,P_8_13_15,so,1,
285120000,P_8_13_15,sw,0,
285120000,P_13_13_15,pressure,19003200,Pa
285120000,P_13_13_15,sg,0,
285120000,P_13_13_15,so,1,
285120000,P_13_13_15,sw,0,
285120000,P_3_3_14,pressure,19003400,Pa
285120000,P_3_3_14,sg,0,
285120000,P_3_3_14,so,1,
285120000,P_3_3_14,sw,0,
285120000,P_8_3_14,pressure,19035100,Pa
285120000,P_8_3_14,sg,0,
285120000,P_8_3_14,so,1,
285120000,P_8_3_14,sw,0,
285120000,P_13_3_14,pressure,19002500,Pa
285120000,P_13_3_14,sg,0,
285120000,P_13_3_14,so,1,
285120000,P_13_3_14,sw,0,
285120000,P_3_8_14,pressure,19048700,Pa
285120000,P_3_8_14,sg,0,
285120000,P_3_8_14,so,1,
285120000,P_3_8_14,sw,0,
285120000,P_8_8_14,pressure,19048400,Pa
285120000,P_8_8_14,sg,0,
285120000,P_8_8_14,so,1,
285120000,P_8_8_14,sw,0,
285120000,P_13_8_14,pressure,19035100,Pa
285120000,P_13_8_14,sg,0,
285120000,P_13_8_14,so,1,
285120000,P_13_8_14,sw,0,
285120000,P_3_13_14,pressure,19058700,Pa
285120000,P_3_13_14,sg,0,
285120000,P_3_13_14,so,1,
285120000,P_3_13_14,sw,0,
285120000,P_8_13_14,pressure,19048700,Pa
285120000,P_8_13_14,sg,0,
285120000,P_8_13_14,so,1,
285120000,P_8_13_14,sw,0,
285120000,P_13_13_14,pressure,19003400,Pa
285120000,P_13_13_14,sg,0,
285120000,P_13_13_14,so,1,
285120000,P_13_13_14,sw,0,
285120000,P_3_3_13,pressure,19003800,Pa
285120000,P_3_3_13,sg,0,
285120000,P_3_3_13,so,1,
285120000,P_3_3_13,sw,0,
285120000,P_8_3_13,pressure,19043200,Pa
285120000,P_8_3_13,sg,0,
285120000,P_8_3_13,so,1,
285120000,P_8_3_13,sw,0,
285120000,P_13_3_13,pressure,19003000,Pa
285120000,P_13_3_13,sg,0,
285120000,P_13_3_13,so,1,
285120000,P_13_3_13,sw,0,
285120000,P_3_8_13,pressure,19056800,Pa
285120000,P_3_8_13,sg,0,
285120000,P_3_8_13,so,1,
285120000,P_3_8_13,sw,0,
285120000,P_8_8_13,pressure,19062800,Pa
285120000,P_8_8_13,sg,0,
285120000,P_8_8_13,so,1,
285120000,P_8_8_13,sw,0,
285120000,P_13_8_13,pressure,19043200,Pa
285120000,P_13_8_13,sg,0,
285120000,P_13_8_13,so,1,
285120000,P_13_8_13,sw,0,
285120000,P_3_13_13,pressure,19065800,Pa
285120000,P_3_13_13,sg,0,
285120000,P_3_13_13,so,1,
285120000,P_3_13_13,sw,0,
285120000,P_8_13_13,pressure,19056800,Pa
285120000,P_8_13_13,sg,0,
285120000,P_8_13_13,so,1,
285120000,P_8_13_13,sw,0,
285120000,P_13_13_13,pressure,19003800,Pa
285120000,P_13_13_13,sg,0,
285120000,P_13_13_13,so,1,
285120000,P_13_13_13,sw,0,
287712000,P_3_3_15,pressure,19003200,Pa
287712000,P_3_3_15,sg,0,
287712000,P_3_3_15,so,1,
287712000,P_3_3_15,sw,0,
287712000,P_8_3_15,pressure,19031300,Pa
287712000,P_8_3_15,sg,0,
287712000,P_8_3_15,so,1,
287712000,P_8_3_15,sw,0,
287712000,P_13_3_15,pressure,19002300,Pa
287712000,P_13_3_15,sg,0,
287712000,P_13_3_15,so,1,
287712000,P_13_3_15,sw,0,
287712000,P_3_8_15,pressure,19044800,Pa
287712000,P_3_8_15,sg,0,
287712000,P_3_8_15,so,1,
287712000,P_3_8_15,sw,0,
287712000,P_8_8_15,pressure,19042700,Pa
287712000,P_8_8_15,sg,0,
287712000,P_8_8_15,so,1,
287712000,P_8_8_15,sw,0,
287712000,P_13_8_15,pressure,19031300,Pa
287712000,P_13_8_15,sg,0,
287712000,P_13_8_15,so,1,
287712000,P_13_8_15,sw,0,
287712000,P_3_13_15,pressure,19055100,Pa
287712000,P_3_13_15,sg,0,
287712000,P_3_13_15,so,1,
287712000,P_3_13_15,sw,0,
287712000,P_8_13_15,pressure,19044800,Pa
287712000,P_8_13_15,sg,0,
287712000,P_8_13_15,so,1,
287712000,P_8_13_15,sw,0,
287712000,P_13_13_15,pressure,19003200,Pa
287712000,P_13_13_15,sg,0,
287712000,P_13_13_15,so,1,
287712000,P_13_13_15,sw,0,
287712000,P_3_3_14,pressure,19003400,Pa
287712000,P_3_3_14,sg,0,
287712000,P_3_3_14,so,1,
287712000,P_3_3_14,sw,0,
287712000,P_8_3_14,pressure,19035100,Pa
287712000,P_8_3_14,sg,0,
287712000,P_8_3_14,so,1,
287712000,P_8_3_14,sw,0,
287712000,P_13_3_14,pressure,19002500,Pa
287712000,P_13_3_14,sg,0,
287712000,P_13_3_14,so,1,
287712000,P_13_3_14,sw,0,
287712000,P_3_8_14,pressure,19048700,Pa
287712000,P_3_8_14,sg,0,
287712000,P_3_8_14,so,1,
287712000,P_3_8_14,sw,0,
287712000,P_8_8_14,pressure,19048400,Pa
287712000,P_8_8_14,sg,0,
287712000,P_8_8_14,so,1,
287712000,P_8_8_14,sw,0,
287712000,P_13_8_14,pressure,19035100,Pa
287712000,P_13_8_14,sg,0,
287712000,P_13_8_14,so,1,
287712000,P_13_8_14,sw,0,
287712000,P_3_13_14,pressure,19058700,Pa
287712000,P_3_13_14,sg,0,
287712000,P_3_13_14,so,1,
287712000,P_3_13_14,sw,0,
287712000,P_8_13_14,pressure,19048700,Pa
287712000,P_8_13_14,sg,0,
287712000,P_8_13_14,so,1,
287712000,P_8_13_14,sw,0,
287712000,P_13_13_14,pressure,19003400,Pa
287712000,P_13_13_14,sg,0,
287712000,P_13_13_14,so,1,
287712000,P_13_13_14,sw,0,
287712000,P_3_3_13,pressure,19003800,Pa
287712000,P_3_3_13,sg,0,
287712000,P_3_3_13,so,1,
287712000,P_3_3_13,sw,0,
287712000,P_8_3_13,pressure,19043200,Pa
287712000,P_8_3_13,sg,0,
287712000,P_8_3_13,so,1,
287712000,P_8_3_13,sw,0,
287712000,P_13_3_13,pressure,19003000,Pa
287712000,P_13_3_13,sg,0,
287712000,P_13_3_13,so,1,
287712000,P_13_3_13,sw,0,
287712000,P_3_8_13,pressure,19056800,Pa
287712000,P_3_8_13,sg,0,
287712000,P_3_8_13,so,1,
287712000,P_3_8_13,sw,0,
287712000,P_8_8_13,pressure,19062800,Pa
287712000,P_8_8_13,sg,0,
287712000,P_8_8_13,so,1,
287712000,P_8_8_13,sw,0,
287712000,P_13_8_13,pressure,19043200,Pa
287712000,P_13_8_13,sg,0,
287712000,P_13_8_13,so,1,
287712000,P_13_8_13,sw,0,
287712000,P_3_13_13,pressure,19065800,Pa
287712000,P_3_13_13,sg,0,
287712000,P_3_13_13,so,1,
287712000,P_3_13_13,sw,0,
287712000,P_8_13_13,pressure,19056800,Pa
287712000,P_8_13_13,sg,0,
287712000,P_8_13_13,so,1,
287712000,P_8_13_13,sw,0,
287712000,P_13_13_13,pressure,19003800,Pa
287712000,P_13_13_13,sg,0,
287712000,P_13_13_13,so,1,
287712000,P_13_13_13,sw,0,
290304000,P_3_3_15,pressure,19003200,Pa
290304000,P_3_3_15,sg,0,
290304000,P_3_3_15,so,1,
290304000,P_3_3_15,sw,0,
290304000,P_8_3_15,pressure,19031300,Pa
290304000,P_8_3_15,sg,0,
290304000,P_8_3_15,so,1,
290304000,P_8_3_15,sw,0,
290304000,P_13_3_15,pressure,19002300,Pa
290304000,P_13_3_15,sg,0,
290304000,P_13_3_15,so,1,
290304000,P_13_3_15,sw,0,
290304000,P_3_8_15,pressure,19044800,Pa
290304000,P_3_8_15,sg,0,
290304000,P_3_8_15,so,1,
290304000,P_3_8_15,sw,0,
290304000,P_8_8_15,pressure,19042700,Pa
290304000,P_8_8_15,sg,0,
290304000,P_8_8_15,so,1,
290304000,P_8_8_15,sw,0,
290304000,P_13_8_15,pressure,19031300,Pa
290304000,P_13_8_15,sg,0,
290304000,P_13_8_15,so,1,
290304000,P_13_8_15,sw,0,
290304000,P_3_13_15,pressure,19055100,Pa
290304000,P_3_13_15,sg,0,
290304000,P_3_13_15,so,1,
290304000,P_3_13_15,sw,0,
290304000,P_8_13_15,pressure,19044800,Pa
290304000,P_8_13_15,sg,0,
290304000,P_8_13_15,so,1,
290304000,P_8_13_15,sw,0,
290304000,P_13_13_15,pressure,19003200,Pa
290304000,P_13_13_15,sg,0,
290304000,P_13_13_15,so,1,
290304000,P_13_13_15,sw,0,
290304000,P_3_3_14,pressure,19003400,Pa
290304000,P_3_3_14,sg,0,
290304000,P_3_3_14,so,1,
290304000,P_3_3_14,sw,0,
290304000,P_8_3_14,pressure,19035100,Pa
290304000,P_8_3_14,sg,0,
290304000,P_8_3_14,so,1,
290304000,P_8_3_14,sw,0,
290304000,P_13_3_14,pressure,19002500,Pa
290304000,P_13_3_14,sg,0,
290304000,P_13_3_14,so,1,
290304000,P_13_3_14,sw,0,
290304000,P_3_8_14,pressure,19048700,Pa
290304000,P_3_8_14,sg,0,
290304000,P_3_8_14,so,1,
290304000,P_3_8_14,sw,0,
290304000,P_8_8_14,pressure,19048400,Pa
290304000,P_8_8_14,sg,0,
290304000,P_8_8_14,so,1,
290304000,P_8_8_14,sw,0,
290304000,P_13_8_14,pressure,19035100,Pa
290304000,P_13_8_14,sg,0,
290304000,P_13_8_14,so,1,
290304000,P_13_8_14,sw,0,
290304000,P_3_13_14,pressure,19058700,Pa
290304000,P_3_13_14,sg,0,
290304000,P_3_13_14,so,1,
290304000,P_3_13_14,sw,0,
290304000,P_8_13_14,pressure,19048700,Pa
290304000,P_8_13_14,sg,0,
290304000,P_8_13_14,so,1,
290304000,P_8_13_14,sw,0,
290304000,P_13_13_14,pressure,19003400,Pa
290304000,P_13_13_14,sg,0,
290304000,P_13_13_14,so,1,
290304000,P_13_13_14,sw,0,
290304000,P_3_3_13,pressure,19003800,Pa
290304000,P_3_3_13,sg,0,
290304000,P_3_3_13,so,1,
290304000,P_3_3_13,sw,0,
290304000,P_8_3_13,pressure,19043200,Pa
290304000,P_8_3_13,sg,0,
290304000,P_8_3_13,so,1,
290304000,P_8_3_13,sw,0,
290304000,P_13_3_13,pressure,19003000,Pa
290304000,P_13_3_13,sg,0,
290304000,P_13_3_13,so,1,
290304000,P_13_3_13,sw,0,
290304000,P_3_8_13,pressure,19056800,Pa
290304000,P_3_8_13,sg,0,
290304000,P_3_8_13,so,1,
290304000,P_3_8_13,sw,0,
290304000,P_8_8_13,pressure,19062800,Pa
290304000,P_8_8_13,sg,0,
290304000,P_8_8_13,so,1,
290304000,P_8_8_13,sw,0,
290304000,P_13_8_13,pressure,19043200,Pa
290304000,P_13_8_13,sg,0,
290304000,P_13_8_13,so,1,
290304000,P_13_8_13,sw,0,
290304000,P_3_13_13,pressure,19065800,Pa
290304000,P_3_13_13,sg,0,
290304000,P_3_13_13,so,1,
290304000,P_3_13_13,sw,0,
290304000,P_8_13_13,pressure,19056800,Pa
290304000,P_8_13_13,sg,0,
290304000,P_8_13_13,so,1,
290304000,P_8_13_13,sw,0,
290304000,P_13_13_13,pressure,19003800,Pa
290304000,P_13_13_13,sg,0,
290304000,P_13_13_13,so,1,
290304000,P_13_13_13,sw,0,
292896000,P_3_3_15,pressure,19003200,Pa
292896000,P_3_3_15,sg,0,
292896000,P_3_3_15,so,1,
292896000,P_3_3_15,sw,0,
292896000,P_8_3_15,pressure,19031300,Pa
292896000,P_8_3_15,sg,0,
292896000,P_8_3_15,so,1,
292896000,P_8_3_15,sw,0,
292896000,P_13_3_15,pressure,19002300,Pa
292896000,P_13_3_15,sg,0,
292896000,P_13_3_15,so,1,
292896000,P_13_3_15,sw,0,
292896000,P_3_8_15,pressure,19044800,Pa
292896000,P_3_8_15,sg,0,
292896000,P_3_8_15,so,1,
292896000,P_3_8_15,sw,0,
292896000,P_8_8_15,pressure,19042700,Pa
292896000,P_8_8_15,sg,0,
292896000,P_8_8_15,so,1,
292896000,P_8_8_15,sw,0,
292896000,P_13_8_15,pressure,19031300,Pa
292896000,P_13_8_15,sg,0,
292896000,P_13_8_15,so,1,
292896000,P_13_8_15,sw,0,
292896000,P_3_13_15,pressure,19055100,Pa
292896000,P_3_13_15,sg,0,
292896000,P_3_13_15,so,1,
292896000,P_3_13_15,sw,0,
292896000,P_8_13_15,pressure,19044800,Pa
292896000,P_8_13_15,sg,0,
292896000,P_8_13_15,so,1,
292896000,P_8_13_15,sw,0,
292896000,P_13_13_15,pressure,19003200,Pa
292896000,P_13_13_15,sg,0,
292896000,P_13_13_15,so,1,
292896000,P_13_13_15,sw,0,
292896000,P_3_3_14,pressure,19003400,Pa
292896000,P_3_3_14,sg,0,
292896000,P_3_3_14,so,1,
292896000,P_3_3_14,sw,0,
292896000,P_8_3_14,pressure,19035100,Pa
292896000,P_8_3_14,sg,0,
292896000,P_8_3_14,so,1,
292896000,P_8_3_14,sw,0,
292896000,P_13_3_14,pressure,19002500,Pa
292896000,P_13_3_14,sg,0,
292896000,P_13_3_14,so,1,
292896000,P_13_3_14,sw,0,
292896000,P_3_8_14,pressure,19048700,Pa
292896000,P_3_8_14,sg,0,
292896000,P_3_8_14,so,1,
292896000,P_3_8_14,sw,0,
292896000,P_8_8_14,pressure,19048400,Pa
292896000,P_8_8_14,sg,0,
292896000,P_8_8_14,so,1,
292896000,P_8_8_14,sw,0,
292896000,P_13_8_14,pressure,19035100,Pa
292896000,P_13_8_14,sg,0,
292896000,P_13_8_14,so,1,
292896000,P_13_8_14,sw,0,
292896000,P_3_13_14,pressure,19058700,Pa
292896000,P_3_13_14,sg,0,
292896000,P_3_13_14,so,1,
292896000,P_3_13_14,sw,0,
292896000,P_8_13_14,pressure,19048700,Pa
292896000,P_8_13_14,sg,0,
292896000,P_8_13_14,so,1,
292896000,P_8_13_14,sw,0,
292896000,P_13_13_14,pressure,19003400,Pa
292896000,P_13_13_14,sg,0,
292896000,P_13_13_14,so,1,
292896000,P_13_13_14,sw,0,
292896000,P_3_3_13,pressure,19003800,Pa
292896000,P_3_3_13,sg,0,
292896000,P_3_3_13,so,1,
292896000,P_3_3_13,sw,0,
292896000,P_8_3_13,pressure,19043200,Pa
292896000,P_8_3_13,sg,0,
292896000,P_8_3_13,so,1,
292896000,P_8_3_13,sw,0,
292896000,P_13_3_13,pressure,19003000,Pa
292896000,P_13_3_13,sg,0,
292896000,P_13_3_13,so,1,
292896000,P_13_3_13,sw,0,
292896000,P_3_8_13,pressure,19056800,Pa
292896000,P_3_8_13,sg,0,
292896000,P_3_8_13,so,1,
292896000,P_3_8_13,sw,0,
292896000,P_8_8_13,pressure,19062800,Pa
292896000,P_8_8_13,sg,0,
292896000,P_8_8_13,so,1,
292896000,P_8_8_13,sw,0,
292896000,P_13_8_13,pressure,19043200,Pa
292896000,P_13_8_13,sg,0,
292896000,P_13_8_13,so,1,
292896000,P_13_8_13,sw,0,
292896000,P_3_13_13,pressure,19065800,Pa
292896000,P_3_13_13,sg,0,
292896000,P_3_13_13,so,1,
292896000,P_3_13_13,sw,0,
292896000,P_8_13_13,pressure,19056800,Pa
292896000,P_8_13_13,sg,0,
292896000,P_8_13_13,so,1,
292896000,P_8_13_13,sw,0,
292896000,P_13_13_13,pressure,19003800,Pa
292896000,P_13_13_13,sg,0,
292896000,P_13_13_13,so,1,
292896000,P_13_13_13,sw,0,
295488000,P_3_3_15,pressure,19003200,Pa
295488000,P_3_3_15,sg,0,
295488000,P_3_3_15,so,1,
295488000,P_3_3_15,sw,0,
295488000,P_8_3_15,pressure,19031300,Pa
295488000,P_8_3_15,sg,0,
295488000,P_8_3_15,so,1,
295488000,P_8_3_15,sw,0,
295488000,P_13_3_15,pressure,19002300,Pa
295488000,P_13_3_15,sg,0,
295488000,P_13_3_15,so,1,
295488000,P_13_3_15,sw,0,
295488000,P_3_8_15,pressure,19044800,Pa
295488000,P_3_8_15,sg,0,
295488000,P_3_8_15,so,1,
295488000,P_3_8_15,sw,0,
295488000,P_8_8_15,pressure,19042700,Pa
295488000,P_8_8_15,sg,0,
295488000,P_8_8_15,so,1,
295488000,P_8_8_15,sw,0,
295488000,P_13_8_15,pressure,19031300,Pa
295488000,P_13_8_15,sg,0,
295488000,P_13_8_15,so,1,
295488000,P_13_8_15,sw,0,
295488000,P_3_13_15,pressure,19055100,Pa
295488000,P_3_13_15,sg,0,
295488000,P_3_13_15,so,1,
295488000,P_3_13_15,sw,0,
295488000,P_8_13_15,pressure,19044800,Pa
295488000,P_8_13_15,sg,0,
295488000,P_8_13_15,so,1,
295488000,P_8_13_15,sw,0,
295488000,P_13_13_15,pressure,19003200,Pa
295488000,P_13_13_15,sg,0,
295488000,P_13_13_15,so,1,
295488000,P_13_13_15,sw,0,
295488000,P_3_3_14,pressure,19003400,Pa
295488000,P_3_3_14,sg,0,
295488000,P_3_3_14,so,1,
295488000,P_3_3_14,sw,0,
295488000,P_8_3_14,pressure,19035100,Pa
295488000,P_8_3_14,sg,0,
295488000,P_8_3_14,so,1,
295488000,P_8_3_14,sw,0,
295488000,P_13_3_14,pressure,19002500,Pa
295488000,P_13_3_14,sg,0,
295488000,P_13_3_14,so,1,
295488000,P_13_3_14,sw,0,
295488000,P_3_8_14,pressure,19048700,Pa
295488000,P_3_8_14,sg,0,
295488000,P_3_8_14,so,1,
295488000,P_3_8_14,sw,0,
295488000,P_8_8_14,pressure,19048400,Pa
295488000,P_8_8_14,sg,0,
295488000,P_8_8_14,so,1,
295488000,P_8_8_14,sw,0,
295488000,P_13_8_14,pressure,19035100,Pa
295488000,P_13_8_14,sg,0,
295488000,P_13_8_14,so,1,
295488000,P_13_8_14,sw,0,
295488000,P_3_13_14,pressure,19058700,Pa
295488000,P_3_13_14,sg,0,
295488000,P_3_13_14,so,1,
295488000,P_3_13_14,sw,0,
295488000,P_8_13_14,pressure,19048700,Pa
295488000,P_8_13_14,sg,0,
295488000,P_8_13_14,so,1,
295488000,P_8_13_14,sw,0,
295488000,P_13_13_14,pressure,19003400,Pa
295488000,P_13_13_14,sg,0,
295488000,P_13_13_14,so,1,
295488000,P_13_13_14,sw,0,
295488000,P_3_3_13,pressure,19003800,Pa
295488000,P_3_3_13,sg,0,
295488000,P_3_3_13,so,1,
295488000,P_3_3_13,sw,0,
295488000,P_8_3_13,pressure,19043200,Pa
295488000,P_8_3_13,sg,0,
295488000,P_8_3_13,so,1,
295488000,P_8_3_13,sw,0,
295488000,P_13_3_13,pressure,19003000,Pa
295488000,P_13_3_13,sg,0,
295488000,P_13_3_13,so,1,
295488000,P_13_3_13,sw,0,
295488000,P_3_8_13,pressure,19056800,Pa
295488000,P_3_8_13,sg,0,
295488000,P_3_8_13,so,1,
295488000,P_3_8_13,sw,0,
295488000,P_8_8_13,pressure,19062800,Pa
295488000,P_8_8_13,sg,0,
295488000,P_8_8_13,so,1,
295488000,P_8_8_13,sw,0,
295488000,P_13_8_13,pressure,19043200,Pa
295488000,P_13_8_13,sg,0,
295488000,P_13_8_13,so,1,
295488000,P_13_8_13,sw,0,
295488000,P_3_13_13,pressure,19065800,Pa
295488000,P_3_13_13,sg,0,
295488000,P_3_13_13,so,1,
295488000,P_3_13_13,sw,0,
295488000,P_8_13_13,pressure,19056800,Pa
295488000,P_8_13_13,sg,0,
295488000,P_8_13_13,so,1,
295488000,P_8_13_13,sw,0,
295488000,P_13_13_13,pressure,19003800,Pa
295488000,P_13_13_13,sg,0,
295488000,P_13_13_13,so,1,
295488000,P_13_13_13,sw,0,
298080000,P_3_3_15,pressure,19003200,Pa
298080000,P_3_3_15,sg,0,
298080000,P_3_3_15,so,1,
298080000,P_3_3_15,sw,0,
298080000,P_8_3_15,pressure,19031300,Pa
298080000,P_8_3_15,sg,0,
298080000,P_8_3_15,so,1,
298080000,P_8_3_15,sw,0,
298080000,P_13_3_15,pressure,19002300,Pa
298080000,P_13_3_15,sg,0,
298080000,P_13_3_15,so,1,
298080000,P_13_3_15,sw,0,
298080000,P_3_8_15,pressure,19044800,Pa
298080000,P_3_8_15,sg,0,
298080000,P_3_8_15,so,1,
298080000,P_3_8_15,sw,0,
298080000,P_8_8_15,pressure,19042700,Pa
298080000,P_8_8_15,sg,0,
298080000,P_8_8_15,so,1,
298080000,P_8_8_15,sw,0,
298080000,P_13_8_15,pressure,19031300,Pa
298080000,P_13_8_15,sg,0,
298080000,P_13_8_15,so,1,
298080000,P_13_8_15,sw,0,
298080000,P_3_13_15,pressure,19055100,Pa
298080000,P_3_13_15,sg,0,
298080000,P_3_13_15,so,1,
298080000,P_3_13_15,sw,0,
298080000,P_8_13_15,pressure,19044800,Pa
298080000,P_8_13_15,sg,0,
298080000,P_8_13_15,so,1,
298080000,P_8_13_15,sw,0,
298080000,P_13_13_15,pressure,19003200,Pa
298080000,P_13_13_15,sg,0,
298080000,P_13_13_15,so,1,
298080000,P_13_13_15,sw,0,
298080000,P_3_3_14,pressure,19003400,Pa
298080000,P_3_3_14,sg,0,
298080000,P_3_3_14,so,1,
298080000,P_3_3_14,sw,0,
298080000,P_8_3_14,pressure,19035100,Pa
298080000,P_8_3_14,sg,0,
298080000,P_8_3_14,so,1,
298080000,P_8_3_14,sw,0,
298080000,P_13_3_14,pressure,19002500,Pa
298080000,P_13_3_14,sg,0,
298080000,P_13_3_14,so,1,
298080000,P_13_3_14,sw,0,
298080000,P_3_8_14,pressure,19048700,Pa
298080000,P_3_8_14,sg,0,
298080000,P_3_8_14,so,1,
298080000,P_3_8_14,sw,0,
298080000,P_8_8_14,pressure,19048400,Pa
298080000,P_8_8_14,sg,0,
298080000,P_8_8_14,so,1,
298080000,P_8_8_14,sw,0,
298080000,P_13_8_14,pressure,19035100,Pa
298080000,P_13_8_14,sg,0,
298080000,P_13_8_14,so,1,
298080000,P_13_8_14,sw,0,
298080000,P_3_13_14,pressure,19058700,Pa
298080000,P_3_13_14,sg,0,
298080000,P_3_13_14,so,1,
298080000,P_3_13_14,sw,0,
298080000,P_8_13_14,pressure,19048700,Pa
298080000,P_8_13_14,sg,0,
298080000,P_8_13_14,so,1,
298080000,P_8_13_14,sw,0,
298080000,P_13_13_14,pressure,19003400,Pa
298080000,P_13_13_14,sg,0,
298080000,P_13_13_14,so,1,
298080000,P_13_13_14,sw,0,
298080000,P_3_3_13,pressure,19003800,Pa
298080000,P_3_3_13,sg,0,
298080000,P_3_3_13,so,1,
298080000,P_3_3_13,sw,0,
298080000,P_8_3_13,pressure,19043200,Pa
298080000,P_8_3_13,sg,0,
298080000,P_8_3_13,so,1,
298080000,P_8_3_13,sw,0,
298080000,P_13_3_13,pressure,19003000,Pa
298080000,P_13_3_13,sg,0,
298080000,P_13_3_13,so,1,
298080000,P_13_3_13,sw,0,
298080000,P_3_8_13,pressure,19056800,Pa
298080000,P_3_8_13,sg,0,
298080000,P_3_8_13,so,1,
298080000,P_3_8_13,sw,0,
298080000,P_8_8_13,pressure,19062800,Pa
298080000,P_8_8_13,sg,0,
298080000,P_8_8_13,so,1,
298080000,P_8_8_13,sw,0,
298080000,P_13_8_13,pressure,19043200,Pa
298080000,P_13_8_13,sg,0,
298080000,P_13_8_13,so,1,
298080000,P_13_8_13,sw,0,
298080000,P_3_13_13,pressure,19065800,Pa
298080000,P_3_13_13,sg,0,
298080000,P_3_13_13,so,1,
298080000,P_3_13_13,sw,0,
298080000,P_8_13_13,pressure,19056800,Pa
298080000,P_8_13_13,sg,0,
298080000,P_8_13_13,so,1,
298080000,P_8_13_13,sw,0,
298080000,P_13_13_13,pressure,19003800,Pa
298080000,P_13_13_13,sg,0,
298080000,P_13_13_13,so,1,
298080000,P_13_13_13,sw,0,
300672000,P_3_3_15,pressure,19003200,Pa
300672000,P_3_3_15,sg,0,
300672000,P_3_3_15,so,1,
300672000,P_3_3_15,sw,0,
300672000,P_8_3_15,pressure,19031300,Pa
300672000,P_8_3_15,sg,0,
300672000,P_8_3_15,so,1,
300672000,P_8_3_15,sw,0,
300672000,P_13_3_15,pressure,19002300,Pa
300672000,P_13_3_15,sg,0,
300672000,P_13_3_15,so,1,
300672000,P_13_3_15,sw,0,
300672000,P_3_8_15,pressure,19044800,Pa
300672000,P_3_8_15,sg,0,
300672000,P_3_8_15,so,1,
300672000,P_3_8_15,sw,0,
300672000,P_8_8_15,pressure,19042700,Pa
300672000,P_8_8_15,sg,0,
300672000,P_8_8_15,so,1,
300672000,P_8_8_15,sw,0,
300672000,P_13_8_15,pressure,19031300,Pa
300672000,P_13_8_15,sg,0,
300672000,P_13_8_15,so,1,
300672000,P_13_8_15,sw,0,
300672000,P_3_13_15,pressure,19055100,Pa
300672000,P_3_13_15,sg,0,
300672000,P_3_13_15,so,1,
300672000,P_3_13_15,sw,0,
300672000,P_8_13_15,pressure,19044800,Pa
300672000,P_8_13_15,sg,0,
300672000,P_8_13_15,so,1,
300672000,P_8_13_15,sw,0,
300672000,P_13_13_15,pressure,19003200,Pa
300672000,P_13_13_15,sg,0,
300672000,P_13_13_15,so,1,
300672000,P_13_13_15,sw,0,
300672000,P_3_3_14,pressure,19003400,Pa
300672000,P_3_3_14,sg,0,
300672000,P_3_3_14,so,1,
300672000,P_3_3_14,sw,0,
300672000,P_8_3_14,pressure,19035100,Pa
300672000,P_8_3_14,sg,0,
300672000,P_8_3_14,so,1,
300672000,P_8_3_14,sw,0,
300672000,P_13_3_14,pressure,19002500,Pa
300672000,P_13_3_14,sg,0,
300672000,P_13_3_14,so,1,
300672000,P_13_3_14,sw,0,
300672000,P_3_8_14,pressure,19048700,Pa
300672000,P_3_8_14,sg,0,
300672000,P_3_8_14,so,1,
300672000,P_3_8_14,sw,0,
300672000,P_8_8_14,pressure,19048400,Pa
300672000,P_8_8_14,sg,0,
300672000,P_8_8_14,so,1,
300672000,P_8_8_14,sw,0,
300672000,P_13_8_14,pressure,19035100,Pa
300672000,P_13_8_14,sg,0,
300672000,P_13_8_14,so,1,
300672000,P_13_8_14,sw,0,
300672000,P_3_13_14,pressure,19058700,Pa
300672000,P_3_13_14,sg,0,
300672000,P_3_13_14,so,1,
300672000,P_3_13_14,sw,0,
300672000,P_8_13_14,pressure,19048700,Pa
300672000,P_8_13_14,sg,0,
300672000,P_8_13_14,so,1,
300672000,P_8_13_14,sw,0,
300672000,P_13_13_14,pressure,19003400,Pa
300672000,P_13_13_14,sg,0,
300672000,P_13_13_14,so,1,
300672000,P_13_13_14,sw,0,
300672000,P_3_3_13,pressure,19003800,Pa
300672000,P_3_3_13,sg,0,
300672000,P_3_3_13,so,1,
300672000,P_3_3_13,sw,0,
300672000,P_8_3_13,pressure,19043200,Pa
300672000,P_8_3_13,sg,0,
300672000,P_8_3_13,so,1,
300672000,P_8_3_13,sw,0,
300672000,P_13_3_13,pressure,19003000,Pa
300672000,P_13_3_13,sg,0,
300672000,P_13_3_13,so,1,
300672000,P_13_3_13,sw,0,
300672000,P_3_8_13,pressure,19056800,Pa
300672000,P_3_8_13,sg,0,
300672000,P_3_8_13,so,1,
300672000,P_3_8_13,sw,0,
300672000,P_8_8_13,pressure,19062800,Pa
300672000,P_8_8_13,sg,0,
300672000,P_8_8_13,so,1,
300672000,P_8_8_13,sw,0,
300672000,P_13_8_13,pressure,19043200,Pa
300672000,P_13_8_13,sg,0,
300672000,P_13_8_13,so,1,
300672000,P_13_8_13,sw,0,
300672000,P_3_13_13,pressure,19065800,Pa
300672000,P_3_13_13,sg,0,
300672000,P_3_13_13,so,1,
300672000,P_3_13_13,sw,0,
300672000,P_8_13_13,pressure,19056800,Pa
300672000,P_8_13_13,sg,0,
300672000,P_8_13_13,so,1,
300672000,P_8_13_13,sw,0,
300672000,P_13_13_13,pressure,19003800,Pa
300672000,P_13_13_13,sg,0,
300672000,P_13_13_13,so,1,
300672000,P_13_13_13,sw,0,
303264000,P_3_3_15,pressure,19003200,Pa
303264000,P_3_3_15,sg,0,
303264000,P_3_3_15,so,1,
303264000,P_3_3_15,sw,0,
303264000,P_8_3_15,pressure,19031300,Pa
303264000,P_8_3_15,sg,0,
303264000,P_8_3_15,so,1,
303264000,P_8_3_15,sw,0,
303264000,P_13_3_15,pressure,19002300,Pa
303264000,P_13_3_15,sg,0,
303264000,P_13_3_15,so,1,
303264000,P_13_3_15,sw,0,
303264000,P_3_8_15,pressure,19044800,Pa
303264000,P_3_8_15,sg,0,
303264000,P_3_8_15,so,1,
303264000,P_3_8_15,sw,0,
303264000,P_8_8_15,pressure,19042700,Pa
303264000,P_8_8_15,sg,0,
303264000,P_8_8_15,so,1,
303264000,P_8_8_15,sw,0,
303264000,P_13_8_15,pressure,19031300,Pa
303264000,P_13_8_15,sg,0,
303264000,P_13_8_15,so,1,
303264000,P_13_8_15,sw,0,
303264000,P_3_13_15,pressure,19055100,Pa
303264000,P_3_13_15,sg,0,
303264000,P_3_13_15,so,1,
303264000,P_3_13_15,sw,0,
303264000,P_8_13_15,pressure,19044800,Pa
303264000,P_8_13_15,sg,0,
303264000,P_8_13_15,so,1,
303264000,P_8_13_15,sw,0,
303264000,P_13_13_15,pressure,19003200,Pa
303264000,P_13_13_15,sg,0,
303264000,P_13_13_15,so,1,
303264000,P_13_13_15,sw,0,
303264000,P_3_3_14,pressure,19003400,Pa
303264000,P_3_3_14,sg,0,
303264000,P_3_3_14,so,1,
303264000,P_3_3_14,sw,0,
303264000,P_8_3_14,pressure,19035100,Pa
303264000,P_8_3_14,sg,0,
303264000,P_8_3_14,so,1,
303264000,P_8_3_14,sw,0,
303264000,P_13_3_14,pressure,19002500,Pa
303264000,P_13_3_14,sg,0,
303264000,P_13_3_14,so,1,
303264000,P_13_3_14,sw,0,
303264000,P_3_8_14,pressure,19048700,Pa
303264000,P_3_8_14,sg,0,
303264000,P_3_8_14,so,1,
303264000,P_3_8_14,sw,0,
303264000,P_8_8_14,pressure,19048400,Pa
303264000,P_8_8_14,sg,0,
303264000,P_8_8_14,so,1,
303264000,P_8_8_14,sw,0,
303264000,P_13_8_14,pressure,19035100,Pa
303264000,P_13_8_14,sg,0,
303264000,P_13_8_14,so,1,
303264000,P_13_8_14,sw,0,
303264000,P_3_13_14,pressure,19058700,Pa
303264000,P_3_13_14,sg,0,
303264000,P_3_13_14,so,1,
303264000,P_3_13_14,sw,0,
303264000,P_8_13_14,pressure,19048700,Pa
303264000,P_8_13_14,sg,0,
303264000,P_8_13_14,so,1,
303264000,P_8_13_14,sw,0,
303264000,P_13_13_14,pressure,19003400,Pa
303264000,P_13_13_14,sg,0,
303264000,P_13_13_14,so,1,
303264000,P_13_13_14,sw,0,
303264000,P_3_3_13,pressure,19003800,Pa
303264000,P_3_3_13,sg,0,
303264000,P_3_3_13,so,1,
303264000,P_3_3_13,sw,0,
303264000,P_8_3_13,pressure,19043200,Pa
303264000,P_8_3_13,sg,0,
303264000,P_8_3_13,so,1,
303264000,P_8_3_13,sw,0,
303264000,P_13_3_13,pressure,19003000,Pa
303264000,P_13_3_13,sg,0,
303264000,P_13_3_13,so,1,
303264000,P_13_3_13,sw,0,
303264000,P_3_8_13,pressure,19056800,Pa
303264000,P_3_8_13,sg,0,
303264000,P_3_8_13,so,1,
303264000,P_3_8_13,sw,0,
303264000,P_8_8_13,pressure,19062800,Pa
303264000,P_8_8_13,sg,0,
303264000,P_8_8_13,so,1,
303264000,P_8_8_13,sw,0,
303264000,P_13_8_13,pressure,19043200,Pa
303264000,P_13_8_13,sg,0,
303264000,P_13_8_13,so,1,
303264000,P_13_8_13,sw,0,
303264000,P_3_13_13,pressure,19065800,Pa
303264000,P_3_13_13,sg,0,
303264000,P_3_13_13,so,1,
303264000,P_3_13_13,sw,0,
303264000,P_8_13_13,pressure,19056800,Pa
303264000,P_8_13_13,sg,0,
303264000,P_8_13_13,so,1,
303264000,P_8_13_13,sw,0,
303264000,P_13_13_13,pressure,19003800,Pa
303264000,P_13_13_13,sg,0,
303264000,P_13_13_13,so,1,
303264000,P_13_13_13,sw,0,
305856000,P_3_3_15,pressure,19003200,Pa
305856000,P_3_3_15,sg,0,
305856000,P_3_3_15,so,1,
305856000,P_3_3_15,sw,0,
305856000,P_8_3_15,pressure,19031300,Pa
305856000,P_8_3_15,sg,0,
305856000,P_8_3_15,so,1,
305856000,P_8_3_15,sw,0,
305856000,P_13_3_15,pressure,19002300,Pa
305856000,P_13_3_15,sg,0,
305856000,P_13_3_15,so,1,
305856000,P_13_3_15,sw,0,
305856000,P_3_8_15,pressure,19044800,Pa
305856000,P_3_8_15,sg,0,
305856000,P_3_8_15,so,1,
305856000,P_3_8_15,sw,0,
305856000,P_8_8_15,pressure,19042700,Pa
305856000,P_8_8_15,sg,0,
305856000,P_8_8_15,so,1,
305856000,P_8_8_15,sw,0,
305856000,P_13_8_15,pressure,19031300,Pa
305856000,P_13_8_15,sg,0,
305856000,P_13_8_15,so,1,
305856000,P_13_8_15,sw,0,
305856000,P_3_13_15,pressure,19055100,Pa
305856000,P_3_13_15,sg,0,
305856000,P_3_13_15,so,1,
305856000,P_3_13_15,sw,0,
305856000,P_8_13_15,pressure,19044800,Pa
305856000,P_8_13_15,sg,0,
305856000,P_8_13_15,so,1,
305856000,P_8_13_15,sw,0,
305856000,P_13_13_15,pressure,19003200,Pa
305856000,P_13_13_15,sg,0,
305856000,P_13_13_15,so,1,
305856000,P_13_13_15,sw,0,
305856000,P_3_3_14,pressure,19003400,Pa
305856000,P_3_3_14,sg,0,
305856000,P_3_3_14,so,1,
305856000,P_3_3_14,sw,0,
305856000,P_8_3_14,pressure,19035100,Pa
305856000,P_8_3_14,sg,0,
305856000,P_8_3_14,so,1,
305856000,P_8_3_14,sw,0,
305856000,P_13_3_14,pressure,19002500,Pa
305856000,P_13_3_14,sg,0,
305856000,P_13_3_14,so,1,
305856000,P_13_3_14,sw,0,
305856000,P_3_8_14,pressure,19048700,Pa
305856000,P_3_8_14,sg,0,
305856000,P_3_8_14,so,1,
305856000,P_3_8_14,sw,0,
305856000,P_8_8_14,pressure,19048400,Pa
305856000,P_8_8_14,sg,0,
305856000,P_8_8_14,so,1,
305856000,P_8_8_14,sw,0,
305856000,P_13_8_14,pressure,19035100,Pa
305856000,P_13_8_14,sg,0,
305856000,P_13_8_14,so,1,
305856000,P_13_8_14,sw,0,
305856000,P_3_13_14,pressure,19058700,Pa
305856000,P_3_13_14,sg,0,
305856000,P_3_13_14,so,1,
305856000,P_3_13_14,sw,0,
305856000,P_8_13_14,pressure,19048700,Pa
305856000,P_8_13_14,sg,0,
305856000,P_8_13_14,so,1,
305856000,P_8_13_14,sw,0,
305856000,P_13_13_14,pressure,19003400,Pa
305856000,P_13_13_14,sg,0,
305856000,P_13_13_14,so,1,
305856000,P_13_13_14,sw,0,
305856000,P_3_3_13,pressure,19003800,Pa
305856000,P_3_3_13,sg,0,
305856000,P_3_3_13,so,1,
305856000,P_3_3_13,sw,0,
305856000,P_8_3_13,pressure,19043200,Pa
305856000,P_8_3_13,sg,0,
305856000,P_8_3_13,so,1,
305856000,P_8_3_13,sw,0,
305856000,P_13_3_13,pressure,19003000,Pa
305856000,P_13_3_13,sg,0,
305856000,P_13_3_13,so,1,
305856000,P_13_3_13,sw,0,
305856000,P_3_8_13,pressure,19056800,Pa
305856000,P_3_8_13,sg,0,
305856000,P_3_8_13,so,1,
305856000,P_3_8_13,sw,0,
305856000,P_8_8_13,pressure,19062800,Pa
305856000,P_8_8_13,sg,0,
305856000,P_8_8_13,so,1,
305856000,P_8_8_13,sw,0,
305856000,P_13_8_13,pressure,19043200,Pa
305856000,P_13_8_13,sg,0,
305856000,P_13_8_13,so,1,
305856000,P_13_8_13,sw,0,
305856000,P_3_13_13,pressure,19065800,Pa
305856000,P_3_13_13,sg,0,
305856000,P_3_13_13,so,1,
305856000,P_3_13_13,sw,0,
305856000,P_8_13_13,pressure,19056800,Pa
305856000,P_8_13_13,sg,0,
305856000,P_8_13_13,so,1,
305856000,P_8_13_13,sw,0,
305856000,P_13_13_13,pressure,19003800,Pa
305856000,P_13_13_13,sg,0,
305856000,P_13_13_13,so,1,
305856000,P_13_13_13,sw,0,
308448000,P_3_3_15,pressure,19003200,Pa
308448000,P_3_3_15,sg,0,
308448000,P_3_3_15,so,1,
308448000,P_3_3_15,sw,0,
308448000,P_8_3_15,pressure,19031300,Pa
308448000,P_8_3_15,sg,0,
308448000,P_8_3_15,so,1,
308448000,P_8_3_15,sw,0,
308448000,P_13_3_15,pressure,19002300,Pa
308448000,P_13_3_15,sg,0,
308448000,P_13_3_15,so,1,
308448000,P_13_3_15,sw,0,
308448000,P_3_8_15,pressure,19044800,Pa
308448000,P_3_8_15,sg,0,
308448000,P_3_8_15,so,1,
308448000,P_3_8_15,sw,0,
308448000,P_8_8_15,pressure,19042700,Pa
308448000,P_8_8_15,sg,0,
308448000,P_8_8_15,so,1,
308448000,P_8_8_15,sw,0,
308448000,P_13_8_15,pressure,19031300,Pa
308448000,P_13_8_15,sg,0,
308448000,P_13_8_15,so,1,
308448000,P_13_8_15,sw,0,
308448000,P_3_13_15,pressure,19055100,Pa
308448000,P_3_13_15,sg,0,
308448000,P_3_13_15,so,1,
308448000,P_3_13_15,sw,0,
308448000,P_8_13_15,pressure,19044800,Pa
308448000,P_8_13_15,sg,0,
308448000,P_8_13_15,so,1,
308448000,P_8_13_15,sw,0,
308448000,P_13_13_15,pressure,19003200,Pa
308448000,P_13_13_15,sg,0,
308448000,P_13_13_15,so,1,
308448000,P_13_13_15,sw,0,
308448000,P_3_3_14,pressure,19003400,Pa
308448000,P_3_3_14,sg,0,
308448000,P_3_3_14,so,1,
308448000,P_3_3_14,sw,0,
308448000,P_8_3_14,pressure,19035100,Pa
308448000,P_8_3_14,sg,0,
308448000,P_8_3_14,so,1,
308448000,P_8_3_14,sw,0,
308448000,P_13_3_14,pressure,19002500,Pa
308448000,P_13_3_14,sg,0,
308448000,P_13_3_14,so,1,
308448000,P_13_3_14,sw,0,
308448000,P_3_8_14,pressure,19048700,Pa
308448000,P_3_8_14,sg,0,
308448000,P_3_8_14,so,1,
308448000,P_3_8_14,sw,0,
308448000,P_8_8_14,pressure,19048400,Pa
308448000,P_8_8_14,sg,0,
308448000,P_8_8_14,so,1,
308448000,P_8_8_14,sw,0,
308448000,P_13_8_14,pressure,19035100,Pa
308448000,P_13_8_14,sg,0,
308448000,P_13_8_14,so,1,
308448000,P_13_8_14,sw,0,
308448000,P_3_13_14,pressure,19058700,Pa
308448000,P_3_13_14,sg,0,
308448000,P_3_13_14,so,1,
308448000,P_3_13_14,sw,0,
308448000,P_8_13_14,pressure,19048700,Pa
308448000,P_8_13_14,sg,0,
308448000,P_8_13_14,so,1,
308448000,P_8_13_14,sw,0,
308448000,P_13_13_14,pressure,19003400,Pa
308448000,P_13_13_14,sg,0,
308448000,P_13_13_14,so,1,
308448000,P_13_13_14,sw,0,
308448000,P_3_3_13,pressure,19003800,Pa
308448000,P_3_3_13,sg,0,
308448000,P_3_3_13,so,1,
308448000,P_3_3_13,sw,0,
308448000,P_8_3_13,pressure,19043200,Pa
308448000,P_8_3_13,sg,0,
308448000,P_8_3_13,so,1,
308448000,P_8_3_13,sw,0,
308448000,P_13_3_13,pressure,19003000,Pa
308448000,P_13_3_13,sg,0,
308448000,P_13_3_13,so,1,
308448000,P_13_3_13,sw,0,
308448000,P_3_8_13,pressure,19056800,Pa
308448000,P_3_8_13,sg,0,
308448000,P_3_8_13,so,1,
308448000,P_3_8_13,sw,0,
308448000,P_8_8_13,pressure,19062800,Pa
308448000,P_8_8_13,sg,0,
308448000,P_8_8_13,so,1,
308448000,P_8_8_13,sw,0,
308448000,P_13_8_13,pressure,19043200,Pa
308448000,P_13_8_13,sg,0,
308448000,P_13_8_13,so,1,
308448000,P_13_8_13,sw,0,
308448000,P_3_13_13,pressure,19065800,Pa
308448000,P_3_13_13,sg,0,
308448000,P_3_13_13,so,1,
308448000,P_3_13_13,sw,0,
308448000,P_8_13_13,pressure,19056800,Pa
308448000,P_8_13_13,sg,0,
308448000,P_8_13_13,so,1,
308448000,P_8_13_13,sw,0,
308448000,P_13_13_13,pressure,19003800,Pa
308448000,P_13_13_13,sg,0,
308448000,P_13_13_13,so,1,
308448000,P_13_13_13,sw,0,
311040000,P_3_3_15,pressure,19003200,Pa
311040000,P_3_3_15,sg,0,
311040000,P_3_3_15,so,1,
311040000,P_3_3_15,sw,0,
311040000,P_8_3_15,pressure,19031300,Pa
311040000,P_8_3_15,sg,0,
311040000,P_8_3_15,so,1,
311040000,P_8_3_15,sw,0,
311040000,P_13_3_15,pressure,19002300,Pa
311040000,P_13_3_15,sg,0,
311040000,P_13_3_15,so,1,
311040000,P_13_3_15,sw,0,
311040000,P_3_8_15,pressure,19044800,Pa
311040000,P_3_8_15,sg,0,
311040000,P_3_8_15,so,1,
311040000,P_3_8_15,sw,0,
311040000,P_8_8_15,pressure,19042700,Pa
311040000,P_8_8_15,sg,0,
311040000,P_8_8_15,so,1,
311040000,P_8_8_15,sw,0,
311040000,P_13_8_15,pressure,19031300,Pa
311040000,P_13_8_15,sg,0,
311040000,P_13_8_15,so,1,
311040000,P_13_8_15,sw,0,
311040000,P_3_13_15,pressure,19055100,Pa
311040000,P_3_13_15,sg,0,
311040000,P_3_13_15,so,1,
311040000,P_3_13_15,sw,0,
311040000,P_8_13_15,pressure,19044800,Pa
311040000,P_8_13_15,sg,0,
311040000,P_8_13_15,so,1,
311040000,P_8_13_15,sw,0,
311040000,P_13_13_15,pressure,19003200,Pa
311040000,P_13_13_15,sg,0,
311040000,P_13_13_15,so,1,
311040000,P_13_13_15,sw,0,
311040000,P_3_3_14,pressure,19003400,Pa
311040000,P_3_3_14,sg,0,
311040000,P_3_3_14,so,1,
311040000,P_3_3_14,sw,0,
311040000,P_8_3_14,pressure,19035100,Pa
311040000,P_8_3_14,sg,0,
311040000,P_8_3_14,so,1,
311040000,P_8_3_14,sw,0,
311040000,P_13_3_14,pressure,19002500,Pa
311040000,P_13_3_14,sg,0,
311040000,P_13_3_14,so,1,
311040000,P_13_3_14,sw,0,
311040000,P_3_8_14,pressure,19048700,Pa
311040000,P_3_8_14,sg,0,
311040000,P_3_8_14,so,1,
311040000,P_3_8_14,sw,0,
311040000,P_8_8_14,pressure,19048400,Pa
311040000,P_8_8_14,sg,0,
311040000,P_8_8_14,so,1,
311040000,P_8_8_14,sw,0,
311040000,P_13_8_14,pressure,19035100,Pa
311040000,P_13_8_14,sg,0,
311040000,P_13_8_14,so,1,
311040000,P_13_8_14,sw,0,
311040000,P_3_13_14,pressure,19058700,Pa
311040000,P_3_13_14,sg,0,
311040000,P_3_13_14,so,1,
311040000,P_3_13_14,sw,0,
311040000,P_8_13_14,pressure,19048700,Pa
311040000,P_8_13_14,sg,0,
311040000,P_8_13_14,so,1,
311040000,P_8_13_14,sw,0,
311040000,P_13_13_14,pressure,19003400,Pa
311040000,P_13_13_14,sg,0,
311040000,P_13_13_14,so,1,
311040000,P_13_13_14,sw,0,
311040000,P_3_3_13,pressure,19003800,Pa
311040000,P_3_3_13,sg,0,
311040000,P_3_3_13,so,1,
311040000,P_3_3_13,sw,0,
311040000,P_8_3_13,pressure,19043200,Pa
311040000,P_8_3_13,sg,0,
311040000,P_8_3_13,so,1,
311040000,P_8_3_13,sw,0,
311040000,P_13_3_13,pressure,19003000,Pa
311040000,P_13_3_13,sg,0,
311040000,P_13_3_13,so,1,
311040000,P_13_3_13,sw,0,
311040000,P_3_8_13,pressure,19056800,Pa
311040000,P_3_8_13,sg,0,
311040000,P_3_8_13,so,1,
311040000,P_3_8_13,sw,0,
311040000,P_8_8_13,pressure,19062800,Pa
311040000,P_8_8_13,sg,0,
311040000,P_8_8_13,so,1,
311040000,P_8_8_13,sw,0,
311040000,P_13_8_13,pressure,19043200,Pa
311040000,P_13_8_13,sg,0,
311040000,P_13_8_13,so,1,
311040000,P_13_8_13,sw,0,
311040000,P_3_13_13,pressure,19065800,Pa
311040000,P_3_13_13,sg,0,
311040000,P_3_13_13,so,1,
311040000,P_3_13_13,sw,0,
311040000,P_8_13_13,pressure,19056800,Pa
311040000,P_8_13_13,sg,0,
311040000,P_8_13_13,so,1,
311040000,P_8_13_13,sw,0,
311040000,P_13_13_13,pressure,19003800,Pa
311040000,P_13_13_13,sg,0,
311040000,P_13_13_13,so,1,
311040000,P_13_13_13,sw,0,
