
 *** Starting Date and Time of Simulation Run:  2026-Sep-29   11:04:08
 ********************************************************************************
 *                                                                              *
 *                                 GEM  2024.20                                 *
 *           Adaptive-Implicit EOS Compositional Reservoir Simulator            *
 *                       Quarterly Release 2 for Win x64                        *
 *                            2024-Jun-18   08:48:12                            *
 *                                                                              *
 *                          (c) Copyright 1977 - 2024                           *
 *                Computer Modelling Group Ltd., Calgary, Canada                *
 *                             All Rights Reserved                              *
 *                                                                              *
 ********************************************************************************


 Command-line Arguments:  -f shailoil_layered_k.dat

*** Input/Output files specification :
    Opened data file        on unit 10, filename is 'shailoil_layered_k.dat'
    Opened Scratch file     on unit 11
    Scanning data for dimensioning information ...
    Opened Scratch file     on unit 12
    Opened output file      on unit 13, filename is 'shailoil_layered_k.out'
    Opened SR3-OUT          on unit 14, filename is 'shailoil_layered_k.sr3'
    Opened Scratch file     on unit 15
    Opened GRID scratchfile on unit 16
  
    Main Grid-based Allocations:          2524 (kB)

 ===================== SUMMARY (from subroutine: INDATA) ======================
  Error summary before initialization ...
  Will terminate if data errors have been found.
     0 Warning messages.    0 Error messages.
 ==============================================================================

    Opened GEOMECHOUT       on unit 17, filename is 'shailoil_layered_k.geo'

 *** End of data input
 *** Begin simulation ...

 
    GEM Dynamic Allocations:             28500 (kB)
    Pointer-based Allocations:             319 (kB)
    Well Management Allocations:           127 (kB)
    Geomech Allocations:                 34645 (kB)
    Final Grid-based Allocations:         2524 (kB)
  
    Current Total Memory Allocation:     66116 (kB)
                                            65 (MB)
  
 
    Jacobian-based Allocations:         129227 (kB)
  
    Current Total Memory Allocation:    195343 (kB)
                                           191 (MB)
  
    --- Repeat time step: pressure variation too large, block: 193 ( 13,13,1 )    728.7     kpa
    --- Repeat time step: pressure variation too large, block: 183 ( 3,13,1 )    620.3     kpa
    --- Repeat time step: pressure variation too large, block: 183 ( 3,13,1 )    247.2     kpa
1

                                     G E M   T I M E   S T E P   S U M M A R Y
                                               sanwei 30cm shale CO2
 ====================================================================================================================
     Time Step            Time                            Maximum Changes                       Mat  Cum    Solver
 ----------------- ----------------- ---------------------------------------------------------  Bal  time -----------
       Size Newton                        Pressure         Saturation         Composition       Err  step Iter/   Cum
 No.   days  cycls  Days     Date      Block     kpa     Block   Fraction   Block    Fraction    %   cuts  Cycl  Fail
 ----  ------ ---- ------ ---------- --------- ------ --------- --------- --------- ---------- ----- ---- ----- -----
    1  3.2e-8   6  3.2e-8 2026.01.01   3,13,1  -121      1,1,1        (w)    8,8,9  1.4e-6( 5)   0      3   1.0    0
    2  2.7e-8   1  5.9e-8 2026.01.01   3,13,1  -271      1,1,1        (w)    8,8,9  1.1e-6( 5) 58e-8    3   1.0    0
    3  9.9e-9   1  6.9e-8 2026.01.01    3,3,1  -81.3     1,1,1        (w)    8,8,9  4.2e-7( 5) 60e-8    3   1.0    0
    4  1.2e-8   1  8.1e-8 2026.01.01  13,13,1  -80.1     1,1,1        (w)    8,8,9  5.1e-7( 5) 63e-8    3   1.0    0
    5  1.5e-8   1  9.7e-8 2026.01.01   3,13,1  -75.5     1,1,1        (w)    8,8,9  6.3e-7( 5) 66e-8    3   1.0    0
    6  2.0e-8   1  1.1e-7 2026.01.01  13,13,8  -75.1     1,1,1        (w)    8,8,9  8.1e-7( 5) 70e-8    3   1.0    0
    7  2.6e-8   1  1.4e-7 2026.01.01    3,3,8  -77.6     1,1,1        (w)    8,8,9  1.0e-6( 5) 75e-8    3   1.0    0
    8  3.4e-8   1  1.7e-7 2026.01.01  13,3,14  -75.9     1,1,1        (w)    8,8,9  1.2e-6( 5) 80e-8    3   1.0    0
    9  4.5e-8   1  2.2e-7 2026.01.01  13,3,14  -77.3     1,1,1        (w)    8,8,9  1.6e-6( 5) 85e-8    3   1.0    0
   10  5.9e-8   1  2.8e-7 2026.01.01  13,3,14  -72.8     1,1,1        (w)    8,8,9  1.9e-6( 5) 90e-8    3   1.0    0
   11  8.1e-8   1  3.6e-7 2026.01.01  13,13,4  -74.8     1,1,1        (w)    8,8,9  2.4e-6( 5) 95e-8    3   1.0    0
   12  1.0e-7   1  4.7e-7 2026.01.01  13,13,6  -80.9     1,1,1        (w)    8,8,9  2.8e-6( 5) 99e-8    3   1.0    0
   13  1.3e-7   1  6.0e-7 2026.01.01  13,13,6  -77.7     1,1,1        (w)    8,8,9  3.1e-6( 5) 10e-7    3   1.0    0
   14  1.7e-7   1  7.8e-7 2026.01.01  13,3,12  -73.8     1,1,1        (w)    8,8,9  3.4e-6( 5) 95e-8    3   1.0    0
   15  2.3e-7   1  1.0e-6 2026.01.01  13,3,12  -79.8     1,1,1        (w)    8,8,9  3.9e-6( 5) 74e-8    3   1.0    0
   16  2.9e-7   1  1.3e-6 2026.01.01  13,3,12  -76.1     1,1,1        (w)    8,8,9  4.1e-6( 5) 78e-8    3   2.0    0
   17  3.8e-7   1  1.6e-6 2026.01.01 13,13,11  -71.1     1,1,1        (w)    8,8,9  4.6e-6( 5) 82e-8    3   2.0    0
   18  5.4e-7   1  2.2e-6 2026.01.01   3,3,11  -64.0     1,1,1        (w)    8,8,9  5.6e-6( 5) 86e-8    3   2.0    0
   19  8.4e-7   1  3.0e-6 2026.01.01   2,15,1  -55.9     1,1,1        (w)    8,8,9  7.8e-6( 5) 89e-8    3   2.0    0
   20  1.5e-6   1  4.6e-6 2026.01.01   1,15,1  -88.5     1,1,1        (w)    8,8,2  5.7e-5( 5) 51e-8    3   2.0    0
1

                                     G E M   T I M E   S T E P   S U M M A R Y
                                               sanwei 30cm shale CO2
 ====================================================================================================================
     Time Step            Time                            Maximum Changes                       Mat  Cum    Solver
 ----------------- ----------------- ---------------------------------------------------------  Bal  time -----------
       Size Newton                        Pressure         Saturation         Composition       Err  step Iter/   Cum
 No.   days  cycls  Days     Date      Block     kpa     Block   Fraction   Block    Fraction    %   cuts  Cycl  Fail
 ----  ------ ---- ------ ---------- --------- ------ --------- --------- --------- ---------- ----- ---- ----- -----
   21  1.7e-6   1  6.3e-6 2026.01.01   1,15,1  -84.0     1,1,1        (w)    8,8,1  4.4e-4( 5) 52e-8    3   3.0    0
   22  2.0e-6   1  8.3e-6 2026.01.01   1,15,1  -79.7     1,1,1        (w)    8,8,1  1.5e-3( 5) 50e-8    3   3.0    0
   23  2.5e-6   1  1.0e-5 2026.01.01   1,15,1  -76.0     1,1,1        (w)    8,8,1  3.4e-3( 5) 41e-8    3   3.0    0
   24  3.3e-6   1  1.4e-5 2026.01.01   1,15,1  -72.4     1,1,1        (w)    8,8,1  7.0e-3( 5) 28e-8    3   3.0    0
   25  4.6e-6   1  1.8e-5 2026.01.01   8,15,1  -75.9     1,1,1        (w)    8,8,1  1.4e-2( 5) 17e-7    3   4.0    0
   26  6.1e-6   1  2.5e-5 2026.01.01   8,15,1  -78.3     1,1,1        (w)    8,8,1  2.4e-2( 5) 72e-7    3   4.0    0
   27  7.8e-6   1  3.2e-5 2026.01.01  15,15,4  -83.9     1,1,1        (w)    8,8,1  3.7e-2( 5) 23e-6    3   4.0    0
   28  9.3e-6   1  4.2e-5 2026.01.01  15,15,4  -82.2     1,1,1        (w)    8,8,1  4.9e-2( 5) 60e-6    3   4.0    0
   29  1.1e-5   1  5.3e-5 2026.01.01  15,15,5  -83.3     1,1,1        (w)    8,8,1  6.2e-2( 5) 13e-5    3   5.0    0
   30  1.3e-5   1  6.7e-5 2026.01.01  15,15,5  -82.7     1,1,1        (w)    8,8,1  6.4e-2( 5) 13e-5    3   5.0    0
   31  1.6e-5   2  8.3e-5 2026.01.01  15,15,5  -78.5     8,8,1  -16e-4(o)    8,8,1  6.7e-2( 5) 13e-5    3   6.5    0
   32  2.1e-5   2  1.0e-4 2026.01.01   1,1,11  -78.6     8,8,1  -.113 (o)    8,8,3  6.6e-2( 5) 13e-5    3   6.5    0
   33  2.6e-5   1  1.3e-4 2026.01.01   1,1,11  -83.1     8,8,3  -.129 (o)    8,8,3  6.6e-2( 5) 13e-5    3   6.0    0
   34  3.2e-5   1  1.6e-4 2026.01.01 15,15,11  -79.3     8,8,3  -.111 (o)    8,8,1  6.4e-2( 5) 13e-5    3   7.0    0
   35  4.0e-5   1  2.0e-4 2026.01.01   15,1,5  -81.0     8,8,3  -96e-3(o)    8,8,2  6.3e-2( 5) 12e-5    3   7.0    0
   36  5.0e-5   1  2.5e-4 2026.01.01    8,8,6  -101      8,8,3  -75e-3(o)    8,8,2  6.2e-2( 5) 10e-5    3   7.0    0
   37  4.9e-5   2  3.0e-4 2026.01.01   9,7,11  -75.8     8,8,3  -50e-3(o)    8,8,2  4.9e-2( 5) 10e-5    3   7.5    0
   38  6.5e-5   1  3.6e-4 2026.01.01  1,15,12  -90.7     8,8,7  -79e-3(o)    8,9,1  6.0e-2( 5) 10e-5    3   8.0    0
   39  7.2e-5   2  4.4e-4 2026.01.01  1,15,11  -89.1     8,8,9  -80e-3(o)    8,9,3  5.9e-2( 5) 10e-5    3   8.0    0
   40  8.0e-5   2  5.2e-4 2026.01.01  1,15,11  -87.2     8,9,2  -93e-3(o)    9,8,3  5.8e-2( 5) 10e-5    3   8.0    0
1

                                     G E M   T I M E   S T E P   S U M M A R Y
                                               sanwei 30cm shale CO2
 ====================================================================================================================
     Time Step            Time                            Maximum Changes                       Mat  Cum    Solver
 ----------------- ----------------- ---------------------------------------------------------  Bal  time -----------
       Size Newton                        Pressure         Saturation         Composition       Err  step Iter/   Cum
 No.   days  cycls  Days     Date      Block     kpa     Block   Fraction   Block    Fraction    %   cuts  Cycl  Fail
 ----  ------ ---- ------ ---------- --------- ------ --------- --------- --------- ---------- ----- ---- ----- -----
   41  9.2e-5   1  6.1e-4 2026.01.01  1,15,11  -82.2     9,8,3  -.113 (o)    9,8,3  6.0e-2( 5) 95e-6    3   8.0    0
   42  1.1e-4   1  7.2e-4 2026.01.01  1,15,11  -76.8     8,7,3  -.110 (o)    7,8,2  6.1e-2( 5) 11e-5    3   8.0    0
   43  1.4e-4   1  8.7e-4 2026.01.01  1,15,11  -70.4     9,8,3  -84e-3(o)    8,8,9  6.2e-2( 5) 13e-5    3   9.0    0
   44  2.0e-4   2  1.0e-3 2026.01.01  1,15,11  -61.7     8,7,3  -85e-3(o)    7,9,2  7.1e-2( 5) 13e-5    3   8.0    0
   45  2.9e-4   2  1.3e-3 2026.01.01  1,15,11  -44.5     7,9,1  -85e-3(o)    7,8,9  8.7e-2( 5) 12e-5    3   9.5    0
   46  3.3e-4   2  1.7e-3 2026.01.01    7,8,8  52.69    8,10,2  -.158 (o)   8,10,3  9.3e-2( 5) 11e-5    3   8.5    0
   47  3.5e-4   2  2.0e-3 2026.01.01   10,8,3  16.39     8,6,3  -.145 (o)    6,8,3  8.6e-2( 5) 10e-5    3   8.5    0
   48  4.0e-4   2  2.4e-3 2026.01.01    9,8,1  -24.9     8,6,3  -.122 (o)    6,8,3  7.8e-2( 5) 10e-5    3   8.0    0
   49  5.1e-4   2  2.9e-3 2026.01.01   8,9,11  -20.3    7,10,1  -.124 (o)   9,10,3  8.6e-2( 5) 91e-6    3   8.5    0
   50  6.0e-4   2  3.5e-3 2026.01.01    7,6,3  15.48     7,6,3  -.151 (o)    5,8,3  9.2e-2( 5) 71e-6    3   7.5    0
   51  6.4e-4   2  4.2e-3 2026.01.01    9,9,8  24.11     5,8,3  -.147 (o)   8,11,3  8.9e-2( 5) 97e-6    3   8.0    0
   52  7.2e-4   2  4.9e-3 2026.01.01   6,10,1  13.62    6,10,1  -.151 (o)   7,11,3  8.5e-2( 5) 10e-5    3   8.5    0
   53  8.4e-4   2  5.8e-3 2026.01.01    7,8,9  -11.7     5,7,3  -.160 (o)   8,12,2  9.1e-2( 5) 12e-5    3   7.5    0
   54  9.2e-4   2  6.7e-3 2026.01.01    7,8,9  -16.1     4,8,2  -.158 (o)    4,8,1  8.4e-2( 5) 77e-6    3   8.0    0
   55  1.0e-3   2  7.8e-3 2026.01.01    6,7,9  14.62    5,10,3  -.170 (o)    4,9,3  9.0e-2( 5) 11e-5    3   8.5    0
   56  1.2e-3   3  9.0e-3 2026.01.01    9,8,5  21.22     4,7,3  -.173 (o)   6,11,3  9.1e-2( 5) 10e-5    3   8.0    0
   57w 9.7e-4   2  1.0e-2 2026.01.01   5,11,3  11.00    5,11,3  -.145 (o)   4,10,3  6.8e-2( 5) 12e-5    3   8.5    0
   58  1.3e-3   2  1.1e-2 2026.01.01   9,8,11  11.74     4,6,3  -.168 (o)   5,11,3  8.6e-2( 5) 52e-6    3   7.5    0
   59  1.5e-3   2  1.2e-2 2026.01.01   7,8,11  13.09    5,12,1  -.182 (o)   5,12,3  9.1e-2( 5) 13e-5    3   8.5    0
   60  1.6e-3   3  1.4e-2 2026.01.01    9,7,8  -6.69     5,4,3  -.179 (o)   4,12,1  9.2e-2( 5) 14e-5    3   7.0    0
1

                                     G E M   T I M E   S T E P   S U M M A R Y
                                               sanwei 30cm shale CO2
 ====================================================================================================================
     Time Step            Time                            Maximum Changes                       Mat  Cum    Solver
 ----------------- ----------------- ---------------------------------------------------------  Bal  time -----------
       Size Newton                        Pressure         Saturation         Composition       Err  step Iter/   Cum
 No.   days  cycls  Days     Date      Block     kpa     Block   Fraction   Block    Fraction    %   cuts  Cycl  Fail
 ----  ------ ---- ------ ---------- --------- ------ --------- --------- --------- ---------- ----- ---- ----- -----
   61  1.8e-3   2  1.6e-2 2026.01.01    4,4,3  8.588   12,12,3  -.191 (o)   4,12,1  9.5e-2( 5) 19e-5    3   8.0    0
   62  1.8e-3   3  1.8e-2 2026.01.01   4,13,1  16.52     8,8,2  .9900 (o)   3,12,2  9.5e-2( 5) 20e-5    3   8.7    0
   63  1.9e-3   3  2.0e-2 2026.01.01    4,3,3  9.717    3,13,3  -.260 (o)   3,13,3  9.7e-2( 5) 20e-3    3   9.7    0
   64  2.0e-3   5  2.2e-2 2026.01.01   9,8,11  -9.95     3,3,3  -.169 (o)  12,13,3  8.2e-2( 5) 19e-3    3   9.8    0
   65  2.4e-3   2  2.4e-2 2026.01.01   7,11,1  -12.1     5,5,7  -.151 (o)   4,13,3  8.7e-2( 5) 20e-3    3   8.0    0
   66  2.8e-3   3  2.7e-2 2026.01.01   5,10,1  -12.3   12,10,7  -.145 (o)    3,4,3  7.9e-2( 5) 20e-3    3   8.0    0
   67  3.5e-3   2  3.1e-2 2026.01.01    8,9,4  -11.5     5,4,7  -.187 (o)    4,5,7  8.8e-2( 5) 20e-3    3   8.5    0
   68  3.9e-3   3  3.5e-2 2026.01.01    8,7,4  -12.9   12,12,9  -.179 (o)    4,4,7  9.2e-2( 5) 20e-3    3   7.7    0
   69  4.3e-3   3  3.9e-2 2026.01.01    7,8,4  -9.69   11,13,7  -.174 (o)    4,4,9  9.5e-2( 5) 20e-3    3   8.7    0
   70  4.5e-3   3  4.3e-2 2026.01.01    4,3,8  12.65     4,3,7  -.201 (o)    3,4,7  9.3e-2( 5) 19e-3    3   8.0    0
   71  4.8e-3   4  4.8e-2 2026.01.01   8,7,12  6.855     8,8,9  .9968 (o)    3,4,7  8.7e-2( 5) 19e-3    3   7.2    0
   72  5.4e-3   3  5.4e-2 2026.01.01  10,10,8  -6.46     2,6,7  -.115 (o)    3,4,7  8.6e-2( 5) 19e-3    3   8.0    0
   73  6.3e-3   2  6.0e-2 2026.01.01   7,8,10  -7.11   14,11,9  -.137 (o)  12,13,7  8.8e-2( 5) 20e-3    3   6.5    0
   74  7.1e-3   3  6.7e-2 2026.01.01  10,11,8  -9.54    5,12,7  -.118 (o)    4,3,7  7.4e-2( 5) 20e-3    3   7.7    0
   75  9.5e-3   2  7.7e-2 2026.01.01    9,7,6  -7.18   12,14,8  -.186 (o)  12,14,7  8.3e-2( 5) 20e-3    3   8.5    0
   76  1.0e-2   5  8.7e-2 2026.01.01    4,7,8  -6.32     7,8,1  .9938 (o)    2,4,9  8.5e-2( 5) 20e-3    3   5.0    0
   77  1.0e-2   4  9.7e-2 2026.01.01    9,7,5  -5.82     8,7,1  .9986 (o)    2,4,9  6.8e-2( 5) 20e-3    3   5.8    0
   78w 2.7e-3   2  .1000  2026.01.01  8,10,12  2.536     2,3,7  -37e-3(o)   3,15,1  1.7e-2( 5) 20e-3    3   8.0    0
   79  1.0e-2   3  .1100  2026.01.01    7,9,5  -3.73     4,8,5  -.106 (o)    1,3,2  6.2e-2( 5) 20e-3    3   7.0    0
   80  1.0e-2   3  .1200  2026.01.01    5,6,5  3.864     6,5,5  -.114 (o)   3,15,1  5.8e-2( 5) 20e-3    3   7.0    0
1

                                     G E M   T I M E   S T E P   S U M M A R Y
                                               sanwei 30cm shale CO2
 ====================================================================================================================
     Time Step            Time                            Maximum Changes                       Mat  Cum    Solver
 ----------------- ----------------- ---------------------------------------------------------  Bal  time -----------
       Size Newton                        Pressure         Saturation         Composition       Err  step Iter/   Cum
 No.   days  cycls  Days     Date      Block     kpa     Block   Fraction   Block    Fraction    %   cuts  Cycl  Fail
 ----  ------ ---- ------ ---------- --------- ------ --------- --------- --------- ---------- ----- ---- ----- -----
   81  1.0e-2   2  .1300  2026.01.01   9,7,11  -3.07     6,5,5  -.102 (o)   3,15,1  5.5e-2( 5) 20e-3    3   7.5    0
   82  1.0e-2   2  .1400  2026.01.01    9,7,5  -2.73     4,7,5  -95e-3(o)   1,13,1  5.0e-2( 5) 20e-3    3   7.0    0
   83  1.0e-2   2  .1500  2026.01.01   7,10,5  -2.51    2,14,2  -.107 (o)   2,14,2  4.7e-2( 5) 20e-3    3   7.0    0
   84  1.0e-2   3  .1600  2026.01.01  11,11,5  2.782     5,5,5  -.100 (o)   2,14,2  4.5e-2( 5) 20e-3    3   6.7    0
   85  1.0e-2   2  .1700  2026.01.01    6,4,5  1.978     4,6,5  -93e-3(o)   2,14,1  4.4e-2( 5) 20e-3    3   6.5    0
   86  1.0e-2   2  .1800  2026.01.01  11,8,12  2.185     6,4,5  -87e-3(o)   2,14,1  4.3e-2( 5) 20e-3    3   7.5    0
   87  1.0e-2   3  .1900  2026.01.01    6,9,5  -1.78     7,9,1  .9939 (o)   2,14,1  4.2e-2( 5) 20e-3    3   7.0    0
   88  1.0e-2   2  .2000  2026.01.01  11,12,5  2.669     4,5,5  -92e-3(o)   2,14,1  4.1e-2( 5) 20e-3    3   6.0    0
   89  1.0e-2   3  .2100  2026.01.01  12,12,5  -1.95     7,7,1  .9992 (o)   2,14,1  3.9e-2( 5) 20e-3    3   8.0    0
   90  1.0e-2   4  .2200  2026.01.01   9,9,10  -1.63     6,8,1  .9965 (o)  11,12,5  3.8e-2( 5) 20e-3    3   5.5    0
   91  1.0e-2   3  .2300  2026.01.01   4,12,5  -2.07     9,9,3  .9997 (o)    4,4,5  3.7e-2( 5) 20e-3    3   5.3    0
   92  1.0e-2   3  .2400  2026.01.01    4,4,5  2.072     6,8,3  .9968 (o)    4,4,5  3.6e-2( 5) 20e-3    3   6.0    0
   93  1.0e-2   3  .2500  2026.01.01    3,5,5  1.934     9,7,1  .9996 (o)    4,4,5  3.5e-2( 5) 20e-3    3   7.0    0
   94  1.0e-2   2  .2600  2026.01.01   4,12,5  1.601     8,6,1  .9995 (o)  12,12,5  3.5e-2( 5) 20e-3    3   6.0    0
   95  1.0e-2   2  .2700  2026.01.01    4,3,6  1.812     9,7,3  .9952 (o)  12,12,5  3.4e-2( 5) 20e-3    3   6.5    0
   96  1.0e-2   3  .2800  2026.01.01  12,13,5  3.852    10,8,3  .9978 (o)    3,4,5  3.4e-2( 5) 20e-3    3   6.0    0
   97  1.0e-2   2  .2900  2026.01.01    4,3,5  3.239     3,4,4  -84e-3(o)    4,3,5  3.4e-2( 5) 20e-3    3   6.0    0
   98  1.0e-2   2  .3000  2026.01.01  13,12,4  2.645     4,3,4  -75e-3(o)    4,3,5  3.3e-2( 5) 20e-3    3   6.0    0
   99  1.0e-2   2  .3100  2026.01.01   4,13,5  3.189    3,12,4  -77e-3(o)  12,13,4  3.2e-2( 5) 20e-3    3   6.0    0
  100  1.0e-2   2  .3200  2026.01.01   3,12,5  2.339     3,3,5  -80e-3(o)   3,12,4  3.1e-2( 5) 19e-3    3   6.0    0
1

                                     G E M   T I M E   S T E P   S U M M A R Y
                                               sanwei 30cm shale CO2
 ====================================================================================================================
     Time Step            Time                            Maximum Changes                       Mat  Cum    Solver
 ----------------- ----------------- ---------------------------------------------------------  Bal  time -----------
       Size Newton                        Pressure         Saturation         Composition       Err  step Iter/   Cum
 No.   days  cycls  Days     Date      Block     kpa     Block   Fraction   Block    Fraction    %   cuts  Cycl  Fail
 ----  ------ ---- ------ ---------- --------- ------ --------- --------- --------- ---------- ----- ---- ----- -----
  101  1.0e-2   2  .3300  2026.01.01 11,10,12  1.768    8,8,11  .9997 (o)    3,4,4  3.0e-2( 5) 19e-3    3   6.5    0
  102  1.0e-2   2  .3400  2026.01.01    6,5,5  -.938   13,13,4  -72e-3(o)    3,4,4  2.9e-2( 5) 20e-3    3   6.0    0
  103  1.0e-2   3  .3500  2026.01.01   3,13,5  1.098    7,10,1  .9964 (o)  12,13,4  2.9e-2( 5) 20e-3    3   5.0    0
  104  1.0e-2   2  .3600  2026.01.01   3,13,5  .9696    3,13,4  -56e-3(o)  12,13,4  2.8e-2( 5) 20e-3    3   6.5    0
  105  1.0e-2   3  .3700  2026.01.01   5,4,11  1.724    9,10,1  .9965 (o)    3,4,4  2.8e-2( 5) 20e-3    3   5.7    0
  106  1.0e-2   2  .3800  2026.01.01  11,11,5  -.855   14,14,8  -46e-3(o)    3,4,4  2.7e-2( 5) 20e-3    3   6.5    0
  107  1.0e-2   2  .3900  2026.01.01  12,5,11  1.145    10,9,1  .9996 (o)    3,4,4  2.5e-2( 5) 20e-3    3   5.5    0
  108  1.0e-2   2  .4000  2026.01.01    4,5,5  -.962   10,5,13  -49e-3(o)  12,13,4  2.4e-2( 5) 20e-3    3   5.0    0
  109  1.0e-2   2  .4100  2026.01.01  11,12,5  -.936    7,10,3  .9946 (o)    3,4,4  2.3e-2( 5) 20e-3    3   7.0    0
  110  1.0e-2   2  .4200  2026.01.01    5,5,5  -.882    6,5,13  -48e-3(o)    3,4,4  2.2e-2( 5) 20e-3    3   6.0    0
  111  1.0e-2   2  .4300  2026.01.01 11,11,12  1.269    9,10,3  .9952 (o)    3,4,4  2.1e-2( 5) 20e-3    3   6.5    0
  112  1.0e-2   3  .4400  2026.01.01    5,4,5  -.762    8,11,1  .9988 (o)  11,6,13  2.0e-2( 5) 20e-3    3   5.7    0
  113  1.0e-2   2  .4500  2026.01.01 12,12,11  1.155    10,9,3  .9993 (o)  10,5,13  1.9e-2( 5) 20e-3    3   6.5    0
  114  1.0e-2   2  .4600  2026.01.01   8,3,12  1.075    8,8,10  .9985 (o)   6,5,13  1.9e-2( 5) 20e-3    3   6.5    0
  115  1.0e-2   2  .4700  2026.01.01    5,4,5  -.639    7,4,13  -41e-3(o)   6,5,13  1.9e-2( 5) 20e-3    3   6.5    0
  116  1.0e-2   2  .4800  2026.01.01  12,6,12  1.113   11,5,13  -46e-3(o)   6,5,13  1.8e-2( 5) 20e-3    3   6.0    0
  117  1.0e-2   2  .4900  2026.01.01   3,5,11  .8607     7,7,8  .9997 (o)  11,5,13  1.8e-2( 5) 20e-3    3   6.5    0
  118  1.0e-2   2  .5000  2026.01.01  14,9,11  .7030     9,6,1  .9976 (o)   5,5,13  1.8e-2( 5) 20e-3    3   6.5    0
  119  1.0e-2   2  .5100  2026.01.01  10,6,10  -.558     7,7,7  1.000 (o) 11,11,13  1.8e-2( 5) 20e-3    3   6.0    0
  120  1.0e-2   2  .5200  2026.01.01  13,5,11  .9401    8,11,3  .9994 (o)  11,5,13  1.8e-2( 5) 20e-3    3   6.5    0
1

                                     G E M   T I M E   S T E P   S U M M A R Y
                                               sanwei 30cm shale CO2
 ====================================================================================================================
     Time Step            Time                            Maximum Changes                       Mat  Cum    Solver
 ----------------- ----------------- ---------------------------------------------------------  Bal  time -----------
       Size Newton                        Pressure         Saturation         Composition       Err  step Iter/   Cum
 No.   days  cycls  Days     Date      Block     kpa     Block   Fraction   Block    Fraction    %   cuts  Cycl  Fail
 ----  ------ ---- ------ ---------- --------- ------ --------- --------- --------- ---------- ----- ---- ----- -----
  121  1.0e-2   2  .5300  2026.01.01  11,3,11  .7318    6,10,2  .9996 (o)  11,5,13  1.8e-2( 5) 20e-3    3   6.5    0
  122  1.0e-2   2  .5400  2026.01.01  13,4,11  .8313     9,7,8  .9989 (o)  11,5,13  1.8e-2( 5) 20e-3    3   6.5    0
  123  1.0e-2   2  .5500  2026.01.01  12,3,11  1.156     7,9,7  .9999 (o)  11,5,13  1.7e-2( 5) 20e-3    3   6.0    0
  124  1.0e-2   3  .5600  2026.01.01  13,4,11  1.268     8,5,1  .9992 (o) 11,11,13  1.7e-2( 5) 20e-3    3   5.3    0
  125  1.0e-2   2  .5700  2026.01.01  12,5,12  .9894     6,8,8  .9995 (o)  11,4,13  1.7e-2( 5) 20e-3    3   6.5    0
  126  1.0e-2   3  .5800  2026.01.01   4,3,11  .8285     8,6,9  .9999 (o)   5,4,13  1.7e-2( 5) 20e-3    3   4.7    0
  127  1.0e-2   2  .5900  2026.01.01   3,4,11  .9369    5,4,13  -45e-3(o)   5,4,13  1.7e-2( 5) 20e-3    3   5.5    0
  128  1.0e-2   2  .6000  2026.01.01 12,13,11  .9244     8,6,7  1.000 (o) 12,11,13  1.7e-2( 5) 20e-3    3   6.5    0
  129  1.0e-2   2  .6100  2026.01.01   2,13,5  .8789     9,6,3  .9995 (o)   5,4,13  1.6e-2( 5) 20e-3    3   6.0    0
  130  1.0e-2   2  .6200  2026.01.01   3,14,5  .7027  11,12,13  -42e-3(o) 12,11,13  1.6e-2( 5) 20e-3    3   6.5    0
  131  1.0e-2   2  .6300  2026.01.01  13,3,11  .5629    4,5,13  -40e-3(o) 12,11,13  1.6e-2( 5) 20e-3    3   6.5    0
  132  1.0e-2   2  .6400  2026.01.01  10,3,12  .7969   12,4,13  -48e-3(o)  12,4,13  1.6e-2( 5) 20e-3    3   7.0    0
  133  1.0e-2   2  .6500  2026.01.01  13,2,10  .6302    11,8,3  .9976 (o)  12,4,13  1.6e-2( 5) 20e-3    3   6.5    0
  134  1.0e-2   2  .6600  2026.01.01   4,4,12  .8749    4,4,13  -47e-3(o)   4,4,13  1.6e-2( 5) 20e-3    3   5.5    0
  135  1.0e-2   3  .6700  2026.01.01 11,14,11  .6226     7,5,1  .9990 (o)   4,4,13  1.6e-2( 5) 20e-3    3   4.7    0
  136  1.0e-2   2  .6800  2026.01.01   2,13,4  .4948    4,4,13  -43e-3(o)   4,4,13  1.6e-2( 5) 20e-3    3   5.0    0
  137  1.0e-2   3  .6900  2026.01.01  14,13,5  .4964   10,10,3  .9977 (o) 12,12,13  1.5e-2( 5) 20e-3    3   5.3    0
  138  1.0e-2   2  .7000  2026.01.01 13,11,12  .7232  13,11,13  -39e-3(o) 12,12,13  1.5e-2( 5) 20e-3    3   6.0    0
  139  1.0e-2   2  .7100  2026.01.01  11,3,12  .6331  13,11,13  -38e-3(o) 12,12,13  1.5e-2( 5) 20e-3    3   6.0    0
  140  1.0e-2   2  .7200  2026.01.01   3,5,12  .6959    4,3,13  -40e-3(o)   4,4,13  1.5e-2( 5) 20e-3    3   5.5    0
1

                                     G E M   T I M E   S T E P   S U M M A R Y
                                               sanwei 30cm shale CO2
 ====================================================================================================================
     Time Step            Time                            Maximum Changes                       Mat  Cum    Solver
 ----------------- ----------------- ---------------------------------------------------------  Bal  time -----------
       Size Newton                        Pressure         Saturation         Composition       Err  step Iter/   Cum
 No.   days  cycls  Days     Date      Block     kpa     Block   Fraction   Block    Fraction    %   cuts  Cycl  Fail
 ----  ------ ---- ------ ---------- --------- ------ --------- --------- --------- ---------- ----- ---- ----- -----
  141  1.0e-2   2  .7300  2026.01.01  15,8,11  .6691  13,12,13  -47e-3(o) 13,12,13  1.5e-2( 5) 20e-3    3   6.0    0
  142  1.0e-2   2  .7400  2026.01.01  12,2,11  .4114    7,11,3  .9969 (o) 13,12,13  1.5e-2( 5) 20e-3    3   5.0    0
  143  1.0e-2   3  .7500  2026.01.01  14,9,12  .7474    6,11,1  .9975 (o) 13,12,13  1.6e-2( 5) 20e-3    3   4.7    0
  144  1.0e-2   3  .7600  2026.01.01  12,3,13  .4568    8,12,1  .9994 (o) 13,12,13  1.5e-2( 5) 20e-3    3   5.3    0
  145  1.0e-2   2  .7700  2026.01.01  11,3,12  .4165    5,4,14  -36e-3(o) 13,12,13  1.5e-2( 5) 20e-3    3   5.5    0
  146  1.0e-2   2  .7800  2026.01.01  14,7,12  .7865   10,11,1  .9965 (o) 13,12,13  1.5e-2( 5) 20e-3    3   6.0    0
  147  1.0e-2   2  .7900  2026.01.01 13,12,12  .6657   10,11,2  .9994 (o)  12,4,14  1.5e-2( 5) 20e-3    3   6.0    0
  148  1.0e-2   2  .8000  2026.01.01   3,4,12  .6022   13,3,13  -51e-3(o)  12,4,14  1.5e-2( 5) 20e-3    3   6.0    0
  149  1.0e-2   2  .8100  2026.01.01  4,11,12  .4840   12,4,14  -44e-3(o)  12,4,14  1.5e-2( 5) 20e-3    3   6.0    0
  150  1.0e-2   3  .8200  2026.01.01  12,3,12  .4723    11,9,3  .9983 (o)  12,4,14  1.5e-2( 5) 20e-3    3   5.0    0
  151  1.0e-2   2  .8300  2026.01.01  13,4,12  .5409   11,10,1  .9999 (o)  12,4,14  1.4e-2( 5) 20e-3    3   6.0    0
  152  1.0e-2   2  .8400  2026.01.01  13,4,12  .5450    10,6,1  .9996 (o)  12,4,14  1.4e-2( 5) 20e-3    3   6.0    0
  153  1.0e-2   2  .8500  2026.01.01   4,3,12  .4655    9,10,8  .9975 (o)  12,4,14  1.4e-2( 5) 20e-3    3   5.5    0
  154  1.0e-2   2  .8600  2026.01.01 12,13,12  .4438    10,9,8  .9993 (o)  12,4,14  1.4e-2( 5) 20e-3    3   6.0    0
  155  1.0e-2   2  .8700  2026.01.01  8,15,11  .5790     6,7,9  .9984 (o)  12,4,14  1.4e-2( 5) 20e-3    3   6.0    0
  156  1.0e-2   2  .8800  2026.01.01 11,11,11  -.261   13,4,14  -39e-3(o)  13,4,14  1.3e-2( 5) 20e-3    3   6.0    0
  157  1.0e-2   2  .8900  2026.01.01 10,14,12  .4622     9,5,1  .9997 (o)  12,3,14  1.4e-2( 5) 20e-3    3   5.5    0
  158  1.0e-2   2  .9000  2026.01.01  13,2,11  .7786    7,12,2  .9996 (o)  13,4,14  1.4e-2( 5) 20e-3    3   5.5    0
  159  1.0e-2   2  .9100  2026.01.01  15,5,11  .4856    9,12,1  .9973 (o)  12,3,14  1.4e-2( 5) 20e-3    3   6.0    0
  160  1.0e-2   2  .9200  2026.01.01  13,2,11  .4037     4,7,2  .9991 (o)  13,4,14  1.3e-2( 5) 20e-3    3   5.0    0
1

                                     G E M   T I M E   S T E P   S U M M A R Y
                                               sanwei 30cm shale CO2
 ====================================================================================================================
     Time Step            Time                            Maximum Changes                       Mat  Cum    Solver
 ----------------- ----------------- ---------------------------------------------------------  Bal  time -----------
       Size Newton                        Pressure         Saturation         Composition       Err  step Iter/   Cum
 No.   days  cycls  Days     Date      Block     kpa     Block   Fraction   Block    Fraction    %   cuts  Cycl  Fail
 ----  ------ ---- ------ ---------- --------- ------ --------- --------- --------- ---------- ----- ---- ----- -----
  161  1.0e-2   2  .9300  2026.01.01  14,3,11  .6212    4,3,14  -41e-3(o)   4,3,14  1.3e-2( 5) 20e-3    3   5.5    0
  162  1.0e-2   2  .9400  2026.01.01 14,11,12  .5113     8,9,4  .9995 (o)   4,3,14  1.3e-2( 5) 20e-3    3   6.5    0
  163  1.0e-2   2  .9500  2026.01.01  14,3,11  .5746  13,12,14  -38e-3(o) 13,12,14  1.3e-2( 5) 20e-3    3   6.0    0
  164  1.0e-2   2  .9600  2026.01.01  13,2,11  .5906    5,11,1  .9970 (o)  13,3,14  1.3e-2( 5) 20e-3    3   6.0    0
  165  1.0e-2   2  .9700  2026.01.01  14,3,11  .5655    5,11,2  .9990 (o)  13,3,14  1.2e-2( 5) 20e-3    3   5.5    0
  166  1.0e-2   2  .9800  2026.01.01  14,3,11  .5319    8,12,3  .9981 (o)  12,3,14  1.2e-2( 5) 20e-3    3   5.5    0
  167  1.0e-2   2  .9900  2026.01.01  14,3,11  .5116     9,8,4  .9990 (o)  12,3,14  1.1e-2( 5) 20e-3    3   6.0    0
  168w 1.0e-2   2  1.000  2026.01.02   1,14,6  .2701    7,10,8  .9982 (o)  12,3,14  1.1e-2( 5) 20e-3    3   6.0    0
  169  1.0e-2   2  1.010  2026.01.02   3,2,11  .4115     8,9,5  .9995 (o)  12,3,14  1.1e-2( 5) 20e-3    3   6.0    0
  170  1.0e-2   3  1.020  2026.01.02   1,5,11  .3406   11,11,1  .9997 (o)  13,4,14  1.1e-2( 5) 20e-3    3   3.7    0
  171  1.0e-2   2  1.030  2026.01.02  4,12,12  .3692    7,10,9  .9998 (o)  13,4,14  1.1e-2( 5) 20e-3    3   5.0    0
  172  1.0e-2   2  1.040  2026.01.02  12,5,11  -.222     9,6,9  .9999 (o)  12,3,14  1.1e-2( 5) 20e-3    3   5.0    0
  173  1.0e-2   2  1.050  2026.01.02   8,1,12  .3498     9,8,5  .9994 (o)  13,4,14  1.0e-2( 5) 20e-3    3   5.0    0
  174  1.0e-2   2  1.060  2026.01.02  5,13,12  .4262    6,12,2  .9996 (o)  13,4,14  1.0e-2( 5) 20e-3    3   5.5    0
  175  1.0e-2   2  1.070  2026.01.02  1,10,11  .3324     9,8,6  .9997 (o)  12,3,14  1.0e-2( 5) 20e-3    3   6.0    0
  176  1.0e-2   2  1.080  2026.01.02  2,14,10  .3088   10,12,2  .9999 (o)  12,3,14  1.0e-2( 5) 20e-3    3   5.0    0
  177  1.0e-2   2  1.090  2026.01.02   2,15,5  -.203    10,6,3  .9976 (o)  12,3,14  1.0e-2( 5) 20e-3    3   6.0    0
  178  1.0e-2   2  1.100  2026.01.02  15,4,11  .4649   12,2,13  -21e-3(o)  13,4,14  1.0e-2( 5) 20e-3    3   5.5    0
  179  1.0e-2   2  1.110  2026.01.02  15,9,12  .3916     9,6,7  .9992 (o)  12,3,14  1.0e-2( 5) 20e-3    3   6.0    0
  180  1.0e-2   2  1.120  2026.01.02   9,1,12  .3946   11,4,15  -22e-3(o)  12,3,14  1.0e-2( 5) 20e-3    3   5.5    0
1

                                     G E M   T I M E   S T E P   S U M M A R Y
                                               sanwei 30cm shale CO2
 ====================================================================================================================
     Time Step            Time                            Maximum Changes                       Mat  Cum    Solver
 ----------------- ----------------- ---------------------------------------------------------  Bal  time -----------
       Size Newton                        Pressure         Saturation         Composition       Err  step Iter/   Cum
 No.   days  cycls  Days     Date      Block     kpa     Block   Fraction   Block    Fraction    %   cuts  Cycl  Fail
 ----  ------ ---- ------ ---------- --------- ------ --------- --------- --------- ---------- ----- ---- ----- -----
  181  1.0e-2   2  1.130  2026.01.02   3,2,11  .2005    12,9,1  .9976 (o)  13,4,14  1.0e-2( 5) 20e-3    3   6.0    0
  182  1.0e-2   2  1.140  2026.01.02   4,2,12  .3301    8,11,8  .9996 (o)  13,4,14  1.0e-2( 5) 20e-3    3   5.5    0
  183  1.0e-2   2  1.150  2026.01.02  6,14,12  .3169    8,11,9  .9992 (o)  12,3,14  1.0e-2( 5) 20e-3    3   6.0    0
  184  1.0e-2   2  1.160  2026.01.02   4,1,11  .3269    11,8,9  .9993 (o)  13,4,14  1.0e-2( 5) 20e-3    3   5.5    0
  185  1.0e-2   2  1.170  2026.01.02  15,6,12  .3980    11,7,3  .9981 (o)  12,3,14  9.7e-3( 5) 20e-3    3   6.5    0
  186  1.0e-2   2  1.180  2026.01.02  15,13,5  .2026   12,4,15  -25e-3(o)  12,3,14  9.4e-3( 5) 20e-3    3   6.5    0
  187  1.0e-2   2  1.190  2026.01.02  11,5,11  -.170   12,4,15  -25e-3(o)  12,4,15  9.2e-3( 5) 20e-3    3   5.5    0
  188  1.0e-2   2  1.200  2026.01.02 12,14,12  .3431   12,4,15  -24e-3(o)  12,4,15  8.9e-3( 5) 20e-3    3   6.0    0
  189  1.0e-2   2  1.210  2026.01.02  1,11,11  .3407   12,4,15  -21e-3(o)  11,3,15  8.8e-3( 5) 20e-3    3   5.0    0
  190  1.0e-2   1  1.220  2026.01.02  5,15,11  .2052    8,13,1  .9987 (o)  13,5,15  8.8e-3( 5) 20e-3    3   3.0    0
  191  1.0e-2   3  1.230  2026.01.02  10,4,11  -.170    5,12,1  .9999 (o)  13,5,15  8.5e-3( 5) 20e-3    3   4.7    0
  192  1.0e-2   2  1.240  2026.01.02  3,12,12  .2305   12,10,2  .9988 (o)  13,4,15  8.6e-3( 5) 20e-3    3   5.0    0
  193  1.0e-2   2  1.250  2026.01.02  3,14,11  .5257   11,12,1  .9987 (o)  13,4,15  8.9e-3( 5) 20e-3    3   5.0    0
  194  1.0e-2   2  1.260  2026.01.02 12,15,11  .1461    7,12,3  .9978 (o)  12,3,15  8.8e-3( 5) 20e-3    3   5.5    0
  195  1.0e-2   2  1.270  2026.01.02  9,15,12  .3818   12,3,15  -23e-3(o)  12,3,15  8.7e-3( 5) 20e-3    3   5.0    0
  196  1.0e-2   2  1.280  2026.01.02   1,14,5  .1800   13,4,15  -23e-3(o)  13,4,15  8.6e-3( 5) 20e-3    3   6.5    0
  197  1.0e-2   2  1.290  2026.01.02  8,15,12  .2439   10,10,7  .9985 (o)  12,3,15  8.6e-3( 5) 20e-3    3   6.0    0
  198  1.0e-2   1  1.300  2026.01.02  12,3,15  .1684   13,4,15  -24e-3(o)  13,4,15  8.5e-3( 5) 20e-3    3   3.0    0
  199  1.0e-2   2  1.310  2026.01.02  5,14,12  .3606   12,3,15  -23e-3(o)  12,3,15  8.3e-3( 5) 20e-3    3   6.5    0
  200  1.0e-2   2  1.320  2026.01.02  14,3,12  .2481   12,3,15  -19e-3(o)   4,2,14  8.0e-3( 5) 20e-3    3   5.5    0
1

                                     G E M   T I M E   S T E P   S U M M A R Y
                                               sanwei 30cm shale CO2
 ====================================================================================================================
     Time Step            Time                            Maximum Changes                       Mat  Cum    Solver
 ----------------- ----------------- ---------------------------------------------------------  Bal  time -----------
       Size Newton                        Pressure         Saturation         Composition       Err  step Iter/   Cum
 No.   days  cycls  Days     Date      Block     kpa     Block   Fraction   Block    Fraction    %   cuts  Cycl  Fail
 ----  ------ ---- ------ ---------- --------- ------ --------- --------- --------- ---------- ----- ---- ----- -----
  201  1.0e-2   2  1.330  2026.01.02   1,6,12  .2899   14,4,14  -17e-3(o)   4,2,14  7.9e-3( 5) 20e-3    3   5.5    0
  202  1.0e-2   1  1.340  2026.01.02  11,4,11  -.116    7,13,1  .9979 (o) 14,12,14  7.8e-3( 5) 19e-3    3   3.0    0
  203  1.0e-2   2  1.350  2026.01.02  12,5,11  -.151    7,13,2  .9983 (o)   4,2,14  7.7e-3( 5) 19e-3    3   6.0    0
  204  1.0e-2   3  1.360  2026.01.02 15,11,12  .2763    11,6,1  .9995 (o)   4,2,14  7.6e-3( 5) 19e-3    3   4.7    0
  205  1.0e-2   2  1.370  2026.01.02  14,3,12  .1986   11,11,3  .9996 (o)  13,3,15  8.2e-3( 5) 19e-3    3   5.0    0
  206  1.0e-2   2  1.380  2026.01.02  13,1,11  .5911     8,4,3  .9996 (o)  13,3,15  8.1e-3( 5) 19e-3    3   6.0    0
  207  1.0e-2   2  1.390  2026.01.02  13,2,12  .1458    11,9,8  .9990 (o)   4,2,14  7.4e-3( 5) 19e-3    3   6.0    0
  208  1.0e-2   2  1.400  2026.01.02  7,15,12  .3154    9,11,9  .9998 (o)   4,2,14  7.4e-3( 5) 19e-3    3   5.0    0
  209  1.0e-2   2  1.410  2026.01.02  1,12,11  .2013    4,12,1  .9962 (o)   4,2,14  7.3e-3( 5) 19e-3    3   5.5    0
  210  1.0e-2   2  1.420  2026.01.02 15,13,11  .4793    4,12,2  .9972 (o)   4,2,14  7.3e-3( 5) 19e-3    3   5.5    0
  211  1.0e-2   2  1.430  2026.01.02  14,3,12  .1351    5,11,3  .9972 (o)   4,2,14  7.2e-3( 5) 19e-3    3   6.0    0
  212  1.0e-2   2  1.440  2026.01.02  14,3,12  .1390    9,11,7  1.000 (o)   4,2,14  7.1e-3( 5) 19e-3    3   5.5    0
  213  1.0e-2   1  1.450  2026.01.02  3,13,12  .2739  13,12,15  -18e-3(o) 14,12,14  7.1e-3( 5) 19e-3    3   3.0    0
  214  1.0e-2   2  1.460  2026.01.02  12,1,11  -.165    12,7,1  .9994 (o)   4,2,14  7.0e-3( 5) 19e-3    3   6.0    0
  215  1.0e-2   2  1.470  2026.01.02  14,2,11  .1736    4,3,15  -17e-3(o)   4,2,14  6.9e-3( 5) 19e-3    3   6.0    0
  216  1.0e-2   2  1.480  2026.01.02  15,4,12  .4262    12,9,3  .9997 (o)   4,2,14  6.8e-3( 5) 19e-3    3   4.0    0
  217  1.0e-2   3  1.490  2026.01.02  2,12,12  .3918   10,13,2  .9999 (o)   4,2,14  6.8e-3( 5) 19e-3    3   4.0    0
  218  1.0e-2   2  1.500  2026.01.02   1,15,6  -.109   10,12,3  .9987 (o)   4,2,14  6.7e-3( 5) 19e-3    3   5.0    0
  219  1.0e-2   1  1.510  2026.01.02   1,3,11  .3692  14,13,14  -15e-3(o) 14,12,14  6.6e-3( 5) 19e-3    3   3.0    0
  220  1.0e-2   1  1.520  2026.01.02   4,5,12  -.124  14,13,14  -14e-3(o)   3,15,4  6.5e-3( 5) 19e-3    3   3.0    0
1

                                     G E M   T I M E   S T E P   S U M M A R Y
                                               sanwei 30cm shale CO2
 ====================================================================================================================
     Time Step            Time                            Maximum Changes                       Mat  Cum    Solver
 ----------------- ----------------- ---------------------------------------------------------  Bal  time -----------
       Size Newton                        Pressure         Saturation         Composition       Err  step Iter/   Cum
 No.   days  cycls  Days     Date      Block     kpa     Block   Fraction   Block    Fraction    %   cuts  Cycl  Fail
 ----  ------ ---- ------ ---------- --------- ------ --------- --------- --------- ---------- ----- ---- ----- -----
  221  1.0e-2   2  1.530  2026.01.02  1,10,12  .3661  14,13,14  -13e-3(o)   3,15,4  6.5e-3( 5) 19e-3    3   6.0    0
  222  1.0e-2   2  1.540  2026.01.02 13,14,12  .2074  14,13,14  -13e-3(o)   3,15,4  6.4e-3( 5) 19e-3    3   6.0    0
  223  1.0e-2   1  1.550  2026.01.02   2,3,12  .1217    8,7,11  .9998 (o)   3,15,4  6.3e-3( 5) 19e-3    3   3.0    0
  224  1.0e-2   2  1.560  2026.01.02   1,15,6  -.114    7,8,11  .9995 (o)   3,15,4  6.2e-3( 5) 19e-3    3   6.0    0
  225  1.0e-2   1  1.570  2026.01.02  2,14,11  .4164   12,1,12  -12e-3(o)   3,15,4  6.2e-3( 5) 19e-3    3   3.0    0
  226  1.0e-2   2  1.580  2026.01.02  14,1,10  -.119   12,1,12  -12e-3(o)   3,15,4  6.1e-3( 5) 19e-3    3   5.0    0
  227  1.0e-2   2  1.590  2026.01.02   9,1,11  -95e-3   4,10,3  .9993 (o)   3,15,4  6.0e-3( 5) 19e-3    3   3.5    0
  228  1.0e-2   2  1.600  2026.01.02   2,3,12  .1183   11,13,2  .9990 (o) 14,13,14  5.9e-3( 5) 19e-3    3   4.5    0
  229  1.0e-2   2  1.610  2026.01.02  2,15,10  .3747    3,11,1  .9997 (o)   3,2,14  5.9e-3( 5) 19e-3    3   5.0    0
  230  1.0e-2   2  1.620  2026.01.02  15,4,12  .1142    6,10,9  .9995 (o)   3,15,4  5.8e-3( 5) 19e-3    3   4.0    0
  231  1.0e-2   2  1.630  2026.01.02    2,1,5  .1520    6,10,7  .9998 (o)   3,15,4  5.7e-3( 5) 19e-3    3   5.5    0
  232  1.0e-2   2  1.640  2026.01.02  15,7,11  -.101    10,6,9  .9987 (o) 14,11,15  5.6e-3( 5) 19e-3    3   5.5    0
  233  1.0e-2   1  1.650  2026.01.02   2,3,12  9.9e-2   10,6,8  .9989 (o) 14,11,15  5.6e-3( 5) 19e-3    3   2.0    0
  234  1.0e-2   2  1.660  2026.01.02 15,12,12  .5775   12,10,3  .9996 (o)   5,2,15  5.5e-3( 5) 19e-3    3   5.0    0
  235  1.0e-2   2  1.670  2026.01.02 15,12,12  -.126   15,4,13  -14e-3(o)   4,2,14  5.5e-3( 5) 19e-3    3   6.0    0
  236  1.0e-2   2  1.680  2026.01.02    2,1,4  .1481   15,4,13  -14e-3(o)   4,2,14  5.5e-3( 5) 19e-3    3   6.0    0
  237  1.0e-2   2  1.690  2026.01.02  1,11,12  .4291   10,11,8  .9980 (o)   4,2,14  5.5e-3( 5) 19e-3    3   3.5    0
  238  1.0e-2   2  1.700  2026.01.02   9,1,11  -.103  13,13,15  -15e-3(o)   4,2,14  5.5e-3( 5) 19e-3    3   6.0    0
  239  1.0e-2   2  1.710  2026.01.02  1,13,11  .1091   11,10,8  1.000 (o)   4,2,14  5.5e-3( 5) 19e-3    3   5.0    0
  240  1.0e-2   2  1.720  2026.01.02  2,13,12  .4538   10,11,9  .9989 (o)   4,2,14  5.4e-3( 5) 19e-3    3   5.5    0
1

                                     G E M   T I M E   S T E P   S U M M A R Y
                                               sanwei 30cm shale CO2
 ====================================================================================================================
     Time Step            Time                            Maximum Changes                       Mat  Cum    Solver
 ----------------- ----------------- ---------------------------------------------------------  Bal  time -----------
       Size Newton                        Pressure         Saturation         Composition       Err  step Iter/   Cum
 No.   days  cycls  Days     Date      Block     kpa     Block   Fraction   Block    Fraction    %   cuts  Cycl  Fail
 ----  ------ ---- ------ ---------- --------- ------ --------- --------- --------- ---------- ----- ---- ----- -----
  241  1.0e-2   2  1.730  2026.01.02  3,14,12  .1440    7,11,8  .9991 (o)   4,2,14  5.4e-3( 5) 19e-3    3   5.5    0
  242  1.0e-2   2  1.740  2026.01.02   9,1,11  -96e-3   4,13,2  .9984 (o)   4,2,14  5.4e-3( 5) 19e-3    3   5.5    0
  243  1.0e-2   2  1.750  2026.01.02  15,3,12  .5468   14,4,15  -14e-3(o)   4,2,14  5.3e-3( 5) 19e-3    3   5.5    0
  244  1.0e-2   2  1.760  2026.01.02   9,1,11  -93e-3  11,12,3  .9997 (o)   4,2,14  5.2e-3( 5) 19e-3    3   4.0    0
  245  1.0e-2   1  1.770  2026.01.02   1,15,5  -77e-3  12,2,15  -14e-3(o) 14,12,15  5.2e-3( 5) 19e-3    3   2.0    0
  246  1.0e-2   2  1.780  2026.01.02 12,15,12  .3183    8,13,3  .9998 (o) 14,12,15  5.3e-3( 5) 19e-3    3   5.0    0
  247  1.0e-2   1  1.790  2026.01.02   1,15,5  -76e-3  10,11,7  .9989 (o) 14,12,15  5.3e-3( 5) 19e-3    3   2.0    0
  248  1.0e-2   2  1.800  2026.01.02   1,15,5  -.116    4,2,15  -14e-3(o) 14,12,15  5.3e-3( 5) 19e-3    3   6.0    0
  249  1.0e-2   1  1.810  2026.01.02   1,15,5  -.110    4,2,15  -14e-3(o) 14,12,15  5.3e-3( 5) 19e-3    3   2.0    0
  250  1.0e-2   2  1.820  2026.01.02   1,15,5  -.133    10,6,7  .9997 (o) 14,12,15  5.3e-3( 5) 19e-3    3   4.5    0
  251  1.0e-2   2  1.830  2026.01.02   1,15,5  -.119    4,2,15  -14e-3(o) 14,12,15  5.3e-3( 5) 19e-3    3   5.5    0
  252  1.0e-2   2  1.840  2026.01.02   1,15,5  -.116    4,2,15  -14e-3(o)   4,2,15  5.3e-3( 5) 19e-3    3   5.5    0
  253  1.0e-2   2  1.850  2026.01.02   1,15,5  -.114    4,2,15  -14e-3(o)   4,2,15  5.2e-3( 5) 19e-3    3   5.5    0
  254  1.0e-2   2  1.860  2026.01.02   1,15,5  -.112    8,7,10  .9995 (o)   4,2,15  5.2e-3( 5) 19e-3    3   4.5    0
  255  1.0e-2   1  1.870  2026.01.02   1,15,5  -98e-3   7,8,10  .9995 (o) 14,12,15  5.2e-3( 5) 19e-3    3   2.0    0
  256  1.0e-2   2  1.880  2026.01.02   1,15,5  -.102    3,13,1  .9991 (o)   4,2,15  5.1e-3( 5) 19e-3    3   6.0    0
  257  1.0e-2   2  1.890  2026.01.02  15,3,12  9.8e-2  13,1,13  -13e-3(o)   4,2,15  5.0e-3( 5) 19e-3    3   5.5    0
  258  1.0e-2   2  1.900  2026.01.02  1,12,12  .1550    3,13,2  .9980 (o)  3,12,13  5.0e-3( 5) 19e-3    3   5.0    0
  259  1.0e-2   1  1.910  2026.01.02  1,12,12  .3201   15,3,13  -13e-3(o)  4,13,13  5.0e-3( 5) 19e-3    3   2.0    0
  260  1.0e-2   2  1.920  2026.01.02 15,14,11  .2982    11,6,3  .9988 (o)  3,12,13  5.0e-3( 5) 19e-3    3   5.0    0
1

                                     G E M   T I M E   S T E P   S U M M A R Y
                                               sanwei 30cm shale CO2
 ====================================================================================================================
     Time Step            Time                            Maximum Changes                       Mat  Cum    Solver
 ----------------- ----------------- ---------------------------------------------------------  Bal  time -----------
       Size Newton                        Pressure         Saturation         Composition       Err  step Iter/   Cum
 No.   days  cycls  Days     Date      Block     kpa     Block   Fraction   Block    Fraction    %   cuts  Cycl  Fail
 ----  ------ ---- ------ ---------- --------- ------ --------- --------- --------- ---------- ----- ---- ----- -----
  261  1.0e-2   1  1.930  2026.01.02    2,2,4  .1205    13,9,1  .9989 (o)  3,12,13  4.9e-3( 5) 19e-3    3   2.0    0
  262  1.0e-2   1  1.940  2026.01.02  14,1,11  -94e-3   13,9,2  .9992 (o)  3,12,13  4.9e-3( 5) 19e-3    3   3.0    0
  263  1.0e-2   1  1.950  2026.01.02  15,2,11  -88e-3  15,3,13  -13e-3(o)  3,12,13  4.8e-3( 5) 19e-3    3   3.0    0
  264  1.0e-2   1  1.960  2026.01.02  3,15,11  -.121     9,5,7  .9990 (o)  3,12,13  4.8e-3( 5) 18e-3    3   3.0    0
  265  1.0e-2   2  1.970  2026.01.02  15,2,11  -.107     2,8,1  .9996 (o)  4,13,13  4.7e-3( 5) 18e-3    3   4.5    0
  266  1.0e-2   2  1.980  2026.01.02  14,1,11  -93e-3   13,8,1  .9999 (o)  3,12,13  4.7e-3( 5) 18e-3    3   4.5    0
  267  1.0e-2   2  1.990  2026.01.02 14,15,11  .1446     8,3,2  1.000 (o)  4,13,13  4.7e-3( 5) 18e-3    3   5.0    0
  268  1.0e-2   2  2.000  2026.01.03   1,2,11  .1968   12,1,14  -12e-3(o)  12,1,12  4.6e-3( 5) 18e-3    3   4.5    0
  269  1.0e-2   2  2.010  2026.01.03 15,13,12  .3421   13,11,1  .9981 (o)  15,3,12  4.6e-3( 5) 18e-3    3   4.5    0
  270  1.0e-2   2  2.020  2026.01.03  14,1,11  -.109    8,12,8  .9996 (o)  15,3,12  4.6e-3( 5) 18e-3    3   4.0    0
  271  1.0e-2   2  2.030  2026.01.03  14,1,11  -.103   14,3,15  -10e-3(o)  3,13,13  4.6e-3( 5) 18e-3    3   5.0    0
  272  1.0e-2   1  2.040  2026.01.03  15,2,11  -88e-3    4,8,7  .9994 (o)  3,13,13  4.7e-3( 5) 18e-3    3   2.0    0
  273  1.0e-2   1  2.050  2026.01.03  14,1,11  -.105    11,5,1  .9997 (o)  3,13,13  4.7e-3( 5) 18e-3    3   3.0    0
  274  1.0e-2   1  2.060  2026.01.03  2,14,12  .4528    11,5,2  .9992 (o)  3,13,13  4.7e-3( 5) 18e-3    3   3.0    0
  275  1.0e-2   2  2.070  2026.01.03  15,2,11  -.118  12,15,13  -11e-3(o)  3,13,13  4.8e-3( 5) 18e-3    3   6.5    0
  276  1.0e-2   2  2.080  2026.01.03  14,1,11  -.103    12,7,3  .9999 (o)  3,13,13  4.8e-3( 5) 18e-3    3   3.5    0
  277  1.0e-2   2  2.090  2026.01.03  15,3,14  .1010    9,14,1  1.000 (o)  3,13,13  4.8e-3( 5) 18e-3    3   4.5    0
  278  1.0e-2   2  2.100  2026.01.03  14,3,11  -92e-3   1,4,13  -12e-3(o)  3,13,13  4.8e-3( 5) 18e-3    3   5.0    0
  279  1.0e-2   2  2.110  2026.01.03   1,3,12  .1219    9,14,2  .9999 (o)  3,13,13  4.8e-3( 5) 18e-3    3   5.0    0
  280  1.0e-2   2  2.120  2026.01.03 13,15,12  .2544   11,11,9  .9997 (o)  3,13,13  4.9e-3( 5) 18e-3    3   4.5    0
1

                                     G E M   T I M E   S T E P   S U M M A R Y
                                               sanwei 30cm shale CO2
 ====================================================================================================================
     Time Step            Time                            Maximum Changes                       Mat  Cum    Solver
 ----------------- ----------------- ---------------------------------------------------------  Bal  time -----------
       Size Newton                        Pressure         Saturation         Composition       Err  step Iter/   Cum
 No.   days  cycls  Days     Date      Block     kpa     Block   Fraction   Block    Fraction    %   cuts  Cycl  Fail
 ----  ------ ---- ------ ---------- --------- ------ --------- --------- --------- ---------- ----- ---- ----- -----
  281  1.0e-2   2  2.130  2026.01.03  14,3,11  -94e-3  13,13,1  .9992 (o)  3,13,13  4.9e-3( 5) 18e-3    3   5.0    0
  282  1.0e-2   2  2.140  2026.01.03  2,15,11  .5274    1,4,13  -12e-3(o)  3,13,13  4.9e-3( 5) 18e-3    3   4.5    0
  283  1.0e-2   2  2.150  2026.01.03  14,3,11  -89e-3   12,6,1  .9997 (o)  3,13,13  4.9e-3( 5) 18e-3    3   5.0    0
  284  1.0e-2   2  2.160  2026.01.03  14,3,11  -86e-3   12,6,2  .9994 (o)  3,13,13  4.8e-3( 5) 18e-3    3   5.0    0
  285  1.0e-2   1  2.170  2026.01.03  14,3,11  -77e-3   1,4,13  -12e-3(o)  3,13,13  4.8e-3( 5) 18e-3    3   2.0    0
  286  1.0e-2   2  2.180  2026.01.03  13,1,11  -92e-3   9,12,9  .9997 (o)  3,13,13  4.8e-3( 5) 18e-3    3   4.5    0
  287  1.0e-2   1  2.190  2026.01.03  15,3,11  -69e-3  13,1,14  -12e-3(o)  3,13,13  4.8e-3( 5) 18e-3    3   2.0    0
  288  1.0e-2   1  2.200  2026.01.03  13,1,11  -85e-3   12,9,9  .9986 (o)  3,13,13  4.7e-3( 5) 18e-3    3   3.0    0
  289  1.0e-2   2  2.210  2026.01.03  15,3,11  -90e-3    9,9,4  .9999 (o)  3,13,13  4.7e-3( 5) 18e-3    3   5.5    0
  290  1.0e-2   2  2.220  2026.01.03  1,13,12  .4356    9,12,7  .9998 (o)  3,13,13  4.7e-3( 5) 18e-3    3   4.5    0
  291  1.0e-2   2  2.230  2026.01.03  14,2,12  .1204   11,11,7  .9998 (o)  3,13,13  4.7e-3( 5) 18e-3    3   4.5    0
  292  1.0e-2   2  2.240  2026.01.03  15,3,11  -73e-3   6,14,1  .9993 (o)  3,13,13  4.6e-3( 5) 18e-3    3   5.0    0
  293  1.0e-2   2  2.250  2026.01.03  13,1,11  -75e-3  10,13,3  .9997 (o)  3,13,13  4.6e-3( 5) 18e-3    3   4.0    0
  294  1.0e-2   1  2.260  2026.01.03  15,3,11  -64e-3 13,15,13  -11e-3(o)  3,13,13  4.6e-3( 5) 18e-3    3   2.0    0
  295  1.0e-2   1  2.270  2026.01.03  13,1,11  -75e-3    7,9,5  .9999 (o)  3,13,13  4.5e-3( 5) 18e-3    3   3.0    0
  296  1.0e-2   1  2.280  2026.01.03  13,1,11  -74e-3   6,14,2  .9988 (o)  15,3,12  4.5e-3( 5) 18e-3    3   3.0    0
  297  1.0e-2   2  2.290  2026.01.03  15,3,11  -82e-3    7,7,5  .9996 (o)  15,3,12  4.5e-3( 5) 18e-3    3   5.5    0
  298  1.0e-2   2  2.300  2026.01.03  15,3,11  -73e-3   4,12,3  .9989 (o)  15,3,12  4.5e-3( 5) 18e-3    3   4.5    0
  299  1.0e-2   1  2.310  2026.01.03  15,3,11  -59e-3    9,9,6  .9994 (o)  13,1,12  4.5e-3( 5) 18e-3    3   2.0    0
  300  1.0e-2   1  2.320  2026.01.03  13,1,11  -71e-3   1,3,13  -12e-3(o)  15,3,12  4.5e-3( 5) 18e-3    3   3.0    0
1

                                     G E M   T I M E   S T E P   S U M M A R Y
                                               sanwei 30cm shale CO2
 ====================================================================================================================
     Time Step            Time                            Maximum Changes                       Mat  Cum    Solver
 ----------------- ----------------- ---------------------------------------------------------  Bal  time -----------
       Size Newton                        Pressure         Saturation         Composition       Err  step Iter/   Cum
 No.   days  cycls  Days     Date      Block     kpa     Block   Fraction   Block    Fraction    %   cuts  Cycl  Fail
 ----  ------ ---- ------ ---------- --------- ------ --------- --------- --------- ---------- ----- ---- ----- -----
  301  1.0e-2   2  2.330  2026.01.03  15,2,11  .4203    1,3,13  -12e-3(o)  15,3,12  4.5e-3( 5) 18e-3    3   6.0    0
  302  1.0e-2   1  2.340  2026.01.03  15,2,11  -.140  13,15,13  -12e-3(o)  13,1,12  4.4e-3( 5) 18e-3    3   2.0    0
  303  1.0e-2   1  2.350  2026.01.03  10,1,11  -65e-3   1,3,13  -12e-3(o)  15,3,12  4.4e-3( 5) 18e-3    3   3.0    0
  304  1.0e-2   1  2.360  2026.01.03  6,15,11  -59e-3  10,12,8  .9990 (o)  15,3,12  4.4e-3( 5) 18e-3    3   3.0    0
  305  1.0e-2   1  2.370  2026.01.03  10,1,11  -56e-3    7,9,6  .9999 (o)  15,3,12  4.4e-3( 5) 18e-3    3   3.0    0
  306  1.0e-2   2  2.380  2026.01.03  6,15,11  -73e-3   12,9,7  .9992 (o)  15,3,12  4.4e-3( 5) 18e-3    3   5.5    0
  307  1.0e-2   1  2.390  2026.01.03  14,13,5  -44e-3  10,12,9  .9988 (o)  2,13,13  4.4e-3( 5) 18e-3    3   2.0    0
  308  1.0e-2   2  2.400  2026.01.03  1,10,11  -70e-3  12,10,8  .9984 (o)  3,14,13  4.4e-3( 5) 18e-3    3   6.0    0
  309  1.0e-2   2  2.410  2026.01.03  1,10,11  -56e-3   8,10,4  .9999 (o)  3,14,13  4.4e-3( 5) 18e-3    3   4.0    0
  310  1.0e-2   1  2.420  2026.01.03  15,6,12  -40e-3   13,7,1  .9992 (o)  2,13,13  4.5e-3( 5) 18e-3    3   2.0    0
  311  1.0e-2   1  2.430  2026.01.03  1,15,11  -.102   2,13,13  -95e-4(o)  2,13,13  4.5e-3( 5) 18e-3    3   3.0    0
  312  1.0e-2   1  2.440  2026.01.03 15,12,15  7.9e-2   13,7,2  .9994 (o)  2,13,13  4.5e-3( 5) 18e-3    3   3.0    0
  313  1.0e-2   2  2.450  2026.01.03   1,15,4  .1264    5,14,1  .9993 (o)  3,14,13  4.5e-3( 5) 18e-3    3   4.5    0
  314  1.0e-2   2  2.460  2026.01.03 14,14,11  .1689    6,11,8  .9991 (o)  3,14,13  4.5e-3( 5) 18e-3    3   5.5    0
  315  1.0e-2   2  2.470  2026.01.03   14,3,6  6.9e-2  10,12,7  .9995 (o)  3,14,13  4.5e-3( 5) 18e-3    3   5.0    0
  316  1.0e-2   1  2.480  2026.01.03  1,15,11  -57e-3   5,10,7  .9999 (o)  2,13,13  4.5e-3( 5) 18e-3    3   2.0    0
  317  1.0e-2   1  2.490  2026.01.03  2,11,14  7.9e-2  2,13,13  -88e-4(o)  2,13,13  4.5e-3( 5) 18e-3    3   2.0    0
  318  1.0e-2   2  2.500  2026.01.03  1,15,11  -90e-3   6,11,9  .9992 (o)  3,14,13  4.4e-3( 5) 18e-3    3   5.0    0
  319  1.0e-2   2  2.510  2026.01.03  1,15,11  -80e-3   5,14,2  .9994 (o)  3,14,13  4.4e-3( 5) 18e-3    3   5.5    0
  320  1.0e-2   1  2.520  2026.01.03  1,15,11  -59e-3    9,7,4  .9995 (o)  2,13,13  4.4e-3( 5) 18e-3    3   2.0    0
1

                                     G E M   T I M E   S T E P   S U M M A R Y
                                               sanwei 30cm shale CO2
 ====================================================================================================================
     Time Step            Time                            Maximum Changes                       Mat  Cum    Solver
 ----------------- ----------------- ---------------------------------------------------------  Bal  time -----------
       Size Newton                        Pressure         Saturation         Composition       Err  step Iter/   Cum
 No.   days  cycls  Days     Date      Block     kpa     Block   Fraction   Block    Fraction    %   cuts  Cycl  Fail
 ----  ------ ---- ------ ---------- --------- ------ --------- --------- --------- ---------- ----- ---- ----- -----
  321  1.0e-2   1  2.530  2026.01.03  1,15,11  -73e-3  12,1,15  -89e-4(o)  2,13,13  4.4e-3( 5) 18e-3    3   3.0    0
  322  1.0e-2   1  2.540  2026.01.03  1,15,11  -77e-3    6,8,5  .9998 (o)  2,13,13  4.3e-3( 5) 18e-3    3   3.0    0
  323  1.0e-2   1  2.550  2026.01.03  1,15,11  -69e-3  12,1,15  -90e-4(o)  2,13,13  4.3e-3( 5) 18e-3    3   3.0    0
  324  1.0e-2   2  2.560  2026.01.03   13,2,5  .1011    11,6,9  .9997 (o)  3,14,13  4.3e-3( 5) 18e-3    3   5.5    0
  325  1.0e-2   1  2.570  2026.01.03  1,15,11  -60e-3  15,4,15  -90e-4(o)  2,13,13  4.3e-3( 5) 18e-3    3   2.0    0
  326  1.0e-2   1  2.580  2026.01.03  1,15,11  -75e-3    9,7,6  .9999 (o)  2,13,13  4.2e-3( 5) 18e-3    3   3.0    0
  327  1.0e-2   1  2.590  2026.01.03  1,15,11  -75e-3   11,6,8  .9997 (o)  2,13,13  4.2e-3( 5) 18e-3    3   3.0    0
  328  1.0e-2   1  2.600  2026.01.03  1,15,11  -73e-3  12,1,15  -90e-4(o)  3,14,13  4.2e-3( 5) 18e-3    3   3.0    0
  329  1.0e-2   1  2.610  2026.01.03  1,15,11  -71e-3  12,1,15  -90e-4(o)  2,13,13  4.1e-3( 5) 17e-3    3   3.0    0
  330  1.0e-2   2  2.620  2026.01.03  1,15,11  -88e-3  11,12,8  .9999 (o)  3,14,13  4.1e-3( 5) 17e-3    3   5.0    0
  331  1.0e-2   1  2.630  2026.01.03  2,14,13  5.9e-2  12,1,15  -88e-4(o)  13,1,13  4.0e-3( 5) 17e-3    3   2.0    0
  332  1.0e-2   1  2.640  2026.01.03  1,15,11  -59e-3  12,11,8  .9983 (o)  13,1,13  4.0e-3( 5) 17e-3    3   2.0    0
  333  1.0e-2   2  2.650  2026.01.03  1,15,11  -89e-3  11,12,9  .9992 (o)  13,1,13  4.0e-3( 5) 17e-3    3   5.0    0
  334  1.0e-2   1  2.660  2026.01.03  1,15,11  -57e-3  12,11,9  .9985 (o)  13,1,13  3.9e-3( 5) 17e-3    3   2.0    0
  335  1.0e-2   2  2.670  2026.01.03  2,15,12  .3597    13,9,3  .9997 (o)  15,3,13  3.9e-3( 5) 17e-3    3   5.0    0
  336  1.0e-2   2  2.680  2026.01.03  1,14,12  9.9e-2   10,8,4  .9999 (o)  13,1,13  3.9e-3( 5) 17e-3    3   5.0    0
  337  1.0e-2   2  2.690  2026.01.03  1,15,11  -58e-3   1,15,4  -81e-4(o)  13,1,13  3.9e-3( 5) 17e-3    3   5.0    0
  338  1.0e-2   1  2.700  2026.01.03  15,1,10  -60e-3   1,15,4  -81e-4(o)  13,1,13  3.9e-3( 5) 17e-3    3   2.0    0
  339  1.0e-2   2  2.710  2026.01.03  15,3,15  8.2e-2  2,14,13  -81e-4(o)  15,3,13  3.8e-3( 5) 17e-3    3   5.5    0
  340  1.0e-2   1  2.720  2026.01.03  15,1,10  -56e-3  2,14,13  -82e-4(o) 15,13,12  3.8e-3( 5) 17e-3    3   2.0    0
1

                                     G E M   T I M E   S T E P   S U M M A R Y
                                               sanwei 30cm shale CO2
 ====================================================================================================================
     Time Step            Time                            Maximum Changes                       Mat  Cum    Solver
 ----------------- ----------------- ---------------------------------------------------------  Bal  time -----------
       Size Newton                        Pressure         Saturation         Composition       Err  step Iter/   Cum
 No.   days  cycls  Days     Date      Block     kpa     Block   Fraction   Block    Fraction    %   cuts  Cycl  Fail
 ----  ------ ---- ------ ---------- --------- ------ --------- --------- --------- ---------- ----- ---- ----- -----
  341  1.0e-2   2  2.730  2026.01.03 15,14,12  .2441   2,14,13  -83e-4(o)  13,1,13  3.8e-3( 5) 17e-3    3   5.5    0
  342  1.0e-2   2  2.740  2026.01.03 14,15,13  7.6e-2   7,12,8  .9999 (o)  2,14,13  3.8e-3( 5) 17e-3    3   4.5    0
  343  1.0e-2   1  2.750  2026.01.03  15,1,10  -51e-3    8,6,5  1.000 (o)  2,14,13  3.9e-3( 5) 17e-3    3   2.0    0
  344  1.0e-2   2  2.760  2026.01.03  15,1,10  -64e-3  13,10,3  .9998 (o)  2,14,13  3.9e-3( 5) 17e-3    3   4.0    0
  345  1.0e-2   2  2.770  2026.01.03 14,15,12  .2280    7,12,9  .9995 (o)  2,14,13  4.0e-3( 5) 17e-3    3   5.5    0
  346  1.0e-2   1  2.780  2026.01.03  15,1,10  -43e-3   13,8,3  .9992 (o)  2,14,13  4.0e-3( 5) 17e-3    3   2.0    0
  347  1.0e-2   1  2.790  2026.01.03  15,1,10  -51e-3  15,3,15  -88e-4(o)  2,14,13  4.1e-3( 5) 17e-3    3   3.0    0
  348  1.0e-2   1  2.800  2026.01.03  1,13,13  .1536   15,3,15  -89e-4(o)  2,14,13  4.1e-3( 5) 17e-3    3   3.0    0
  349  1.0e-2   1  2.810  2026.01.03  1,13,13  -53e-3  13,1,15  -89e-4(o)  2,14,13  4.1e-3( 5) 17e-3    3   3.0    0
  350  1.0e-2   2  2.820  2026.01.03   12,1,6  .1042    12,7,9  .9999 (o)  2,14,13  4.1e-3( 5) 17e-3    3   5.0    0
  351  1.0e-2   2  2.830  2026.01.03  15,1,10  -48e-3  12,11,7  .9981 (o)  2,14,13  4.1e-3( 5) 17e-3    3   3.5    0
  352  1.0e-2   1  2.840  2026.01.03  15,1,10  -43e-3   12,7,8  .9998 (o)  2,14,13  4.1e-3( 5) 17e-3    3   2.0    0
  353  1.0e-2   1  2.850  2026.01.03  12,1,11  -61e-3  2,14,13  -88e-4(o)  2,14,13  4.2e-3( 5) 17e-3    3   3.0    0
  354  1.0e-2   1  2.860  2026.01.03  15,1,10  -48e-3  2,14,13  -88e-4(o)  2,14,13  4.2e-3( 5) 17e-3    3   3.0    0
  355  1.0e-2   1  2.870  2026.01.03  12,1,11  -60e-3  2,14,13  -88e-4(o)  2,14,13  4.2e-3( 5) 17e-3    3   3.0    0
  356  1.0e-2   1  2.880  2026.01.03   2,7,12  -56e-3  12,14,1  .9992 (o)  2,14,13  4.1e-3( 5) 17e-3    3   3.0    0
  357  1.0e-2   1  2.890  2026.01.03  3,15,11  -50e-3  13,1,15  -85e-4(o)  2,14,13  4.1e-3( 5) 17e-3    3   3.0    0
  358  1.0e-2   3  2.900  2026.01.03  1,13,11  -59e-3   3,12,3  .9998 (o)  2,14,13  4.1e-3( 5) 17e-3    3   6.7    0
  359  1.0e-2   3  2.910  2026.01.03 13,15,10  -.445   12,14,2  .9993 (o)  2,14,13  4.1e-3( 5) 17e-3    3   2.7    0
  360  1.0e-2   1  2.920  2026.01.03 13,14,10  .4142   13,12,3  .9960 (o)  2,14,13  4.1e-3( 5) 17e-3    3   3.0    0
1

                                     G E M   T I M E   S T E P   S U M M A R Y
                                               sanwei 30cm shale CO2
 ====================================================================================================================
     Time Step            Time                            Maximum Changes                       Mat  Cum    Solver
 ----------------- ----------------- ---------------------------------------------------------  Bal  time -----------
       Size Newton                        Pressure         Saturation         Composition       Err  step Iter/   Cum
 No.   days  cycls  Days     Date      Block     kpa     Block   Fraction   Block    Fraction    %   cuts  Cycl  Fail
 ----  ------ ---- ------ ---------- --------- ------ --------- --------- --------- ---------- ----- ---- ----- -----
  361  1.0e-2   1  2.930  2026.01.03   14,3,4  7.3e-2  13,13,3  1.0e-2(g)  2,14,13  4.1e-3( 5) 17e-3    3   3.0    0
  362  1.0e-2   2  2.940  2026.01.03  1,13,11  -57e-3   4,14,1  .9995 (o)  2,14,13  4.1e-3( 5) 17e-3    3   5.0    0
  363  1.0e-2   2  2.950  2026.01.03   12,1,5  7.3e-2  12,12,8  .9984 (o)  2,14,13  4.1e-3( 5) 17e-3    3   4.5    0
  364  1.0e-2   2  2.960  2026.01.03  3,14,14  5.3e-2  13,13,3  .9989 (o)  2,14,13  4.0e-3( 5) 17e-3    3   6.5    0
  365  1.0e-2   1  2.970  2026.01.03  15,1,10  -35e-3   3,13,3  -94e-4(o)  2,14,13  4.0e-3( 5) 17e-3    3   2.0    0
  366  1.0e-2   1  2.980  2026.01.03  1,11,14  8.6e-2  12,12,9  .9983 (o)  2,14,13  4.0e-3( 5) 17e-3    3   2.0    0
  367  1.0e-2   1  2.990  2026.01.03  1,13,11  -52e-3   3,13,3  9.4e-3(g)  2,14,13  4.0e-3( 5) 17e-3    3   3.0    0
  368w 1.0e-2   1  3.000  2026.01.04  3,15,11  -51e-3   3,13,3  -94e-4(o)  2,14,13  4.0e-3( 5) 17e-3    3   3.0    0
  369  1.0e-2   1  3.010  2026.01.04  1,15,12  -81e-3   3,13,3  9.3e-3(g)  2,14,13  3.9e-3( 5) 17e-3    3   3.0    0
  370  1.0e-2   1  3.020  2026.01.04  1,15,12  -52e-3   3,13,3  -93e-4(o)  2,14,13  3.9e-3( 5) 17e-3    3   3.0    0
  371  1.0e-2   1  3.030  2026.01.04  1,15,12  -63e-3   3,13,3  -93e-4(o)  2,14,13  3.9e-3( 5) 17e-3    3   3.0    0
  372  1.0e-2   1  3.040  2026.01.04  1,15,12  -59e-3   4,14,2  .9985 (o)  2,14,13  3.9e-3( 5) 17e-3    3   3.0    0
  373  1.0e-2   1  3.050  2026.01.04  1,15,12  -59e-3   11,5,3  .9993 (o)  2,14,13  3.9e-3( 5) 17e-3    3   3.0    0
  374  1.0e-2   1  3.060  2026.01.04  1,15,12  -56e-3   3,13,3  -93e-4(o)  2,14,13  3.8e-3( 5) 17e-3    3   3.0    0
  375  1.0e-2   1  3.070  2026.01.04  1,15,12  -55e-3   3,13,3  -93e-4(o)  2,14,13  3.8e-3( 5) 17e-3    3   3.0    0
  376  1.0e-2   1  3.080  2026.01.04    1,1,6  6.5e-2   3,13,3  9.3e-3(g)  2,14,13  3.8e-3( 5) 17e-3    3   3.0    0
  377  1.0e-2   1  3.090  2026.01.04  15,1,10  .2793    3,13,3  9.3e-3(g)  2,14,13  3.8e-3( 5) 17e-3    3   3.0    0
  378  1.0e-2   1  3.100  2026.01.04  15,1,10  -.100    3,13,3  -93e-4(o)  2,14,13  3.8e-3( 5) 17e-3    3   3.0    0
  379  1.0e-2   1  3.110  2026.01.04 10,14,15  4.9e-2   3,13,3  -93e-4(o)  2,14,13  3.7e-3( 5) 17e-3    3   2.0    0
  380  1.0e-2   1  3.120  2026.01.04  1,15,12  -67e-3   3,13,3  -93e-4(o)  2,14,13  3.7e-3( 5) 17e-3    3   3.0    0
1

                                     G E M   T I M E   S T E P   S U M M A R Y
                                               sanwei 30cm shale CO2
 ====================================================================================================================
     Time Step            Time                            Maximum Changes                       Mat  Cum    Solver
 ----------------- ----------------- ---------------------------------------------------------  Bal  time -----------
       Size Newton                        Pressure         Saturation         Composition       Err  step Iter/   Cum
 No.   days  cycls  Days     Date      Block     kpa     Block   Fraction   Block    Fraction    %   cuts  Cycl  Fail
 ----  ------ ---- ------ ---------- --------- ------ --------- --------- --------- ---------- ----- ---- ----- -----
  381  1.0e-2   1  3.130  2026.01.04  1,15,12  -68e-3   3,13,3  -93e-4(o)  2,14,13  3.7e-3( 5) 17e-3    3   3.0    0
  382  1.0e-2   2  3.140  2026.01.04  1,15,12  -76e-3  12,12,7  .9991 (o)  2,14,13  3.7e-3( 5) 17e-3    3   5.0    0
  383  1.0e-2   1  3.150  2026.01.04  1,15,12  -47e-3   3,13,3  9.3e-3(g)  2,14,13  3.7e-3( 5) 17e-3    3   2.0    0
  384  1.0e-2   1  3.160  2026.01.04  1,15,12  -49e-3   12,7,7  .9993 (o)  2,14,13  3.7e-3( 5) 17e-3    3   2.0    0
  385  1.0e-2   2  3.170  2026.01.04  1,15,12  -82e-3   3,13,3  .9986 (o)  2,14,13  3.7e-3( 5) 17e-3    3   6.5    0
  386  1.0e-2   1  3.180  2026.01.04   12,1,4  6.6e-2   8,14,3  .9998 (o)  2,14,13  3.6e-3( 5) 17e-3    3   2.0    0
  387  1.0e-2   1  3.190  2026.01.04  1,15,12  -66e-3   1,15,3  -78e-4(o)  2,14,13  3.6e-3( 5) 17e-3    3   3.0    0
  388  1.0e-2   1  3.200  2026.01.04  1,15,12  -62e-3   1,15,3  -78e-4(o)  2,14,13  3.6e-3( 5) 17e-3    3   3.0    0
  389  1.0e-2   2  3.210  2026.01.04  15,1,11  -.103    12,5,2  .9998 (o)  2,14,13  3.6e-3( 5) 17e-3    3   6.5    0
  390  1.0e-2   2  3.220  2026.01.04  15,1,11  -78e-3   1,15,3  -78e-4(o)  2,14,13  3.6e-3( 5) 17e-3    3   6.0    0
  391  1.0e-2   1  3.230  2026.01.04  15,1,11  -71e-3   1,15,3  -78e-4(o)  2,14,13  3.6e-3( 5) 17e-3    3   2.0    0
  392  1.0e-2   1  3.240  2026.01.04  15,1,11  -75e-3   12,6,3  .9995 (o)  2,14,13  3.6e-3( 5) 17e-3    3   3.0    0
  393  1.0e-2   1  3.250  2026.01.04  15,1,11  -72e-3   1,15,3  -78e-4(o)  2,14,13  3.5e-3( 5) 17e-3    3   3.0    0
  394  1.0e-2   2  3.260  2026.01.04   1,6,14  -89e-3   1,15,3  -76e-4(o)  2,14,13  3.5e-3( 5) 17e-3    3   6.0    0
  395  1.0e-2   1  3.270  2026.01.04  15,1,11  -64e-3   1,15,3  -74e-4(o)   1,15,4  3.5e-3( 5) 17e-3    3   2.0    0
  396  1.0e-2   1  3.280  2026.01.04  15,1,11  -69e-3   1,15,3  -72e-4(o)   1,15,4  3.5e-3( 5) 17e-3    3   3.0    0
  397  1.0e-2   1  3.290  2026.01.04 14,12,12  -.101    1,15,3  -71e-4(o)   1,15,4  3.5e-3( 5) 17e-3    3   3.0    0
  398  1.0e-2   2  3.300  2026.01.04  15,1,11  -68e-3   1,15,3  -69e-4(o)   1,15,4  3.5e-3( 5) 17e-3    3   6.0    0
  399  1.0e-2   2  3.310  2026.01.04  2,15,13  7.8e-2   1,15,3  -67e-4(o)   1,15,4  3.5e-3( 5) 17e-3    3   4.5    0
  400  1.0e-2   1  3.320  2026.01.04  15,1,11  -65e-3   1,15,3  -66e-4(o)   1,15,4  3.5e-3( 5) 17e-3    3   2.0    0
1

                                     G E M   T I M E   S T E P   S U M M A R Y
                                               sanwei 30cm shale CO2
 ====================================================================================================================
     Time Step            Time                            Maximum Changes                       Mat  Cum    Solver
 ----------------- ----------------- ---------------------------------------------------------  Bal  time -----------
       Size Newton                        Pressure         Saturation         Composition       Err  step Iter/   Cum
 No.   days  cycls  Days     Date      Block     kpa     Block   Fraction   Block    Fraction    %   cuts  Cycl  Fail
 ----  ------ ---- ------ ---------- --------- ------ --------- --------- --------- ---------- ----- ---- ----- -----
  401  1.0e-2   1  3.330  2026.01.04    1,1,5  8.1e-2   13,6,1  .9997 (o)   1,15,4  3.5e-3( 5) 17e-3    3   3.0    0
  402  1.0e-2   1  3.340  2026.01.04  15,1,11  -70e-3 14,14,13  -66e-4(o)   1,15,4  3.5e-3( 5) 17e-3    3   3.0    0
  403  1.0e-2   1  3.350  2026.01.04 14,14,12  .2973    2,2,13  -66e-4(o)   1,15,4  3.6e-3( 5) 17e-3    3   2.0    0
  404  1.0e-2   2  3.360  2026.01.04 14,14,12  -.113    2,2,13  -67e-4(o)   1,15,4  3.6e-3( 5) 17e-3    3   7.0    0
  405  1.0e-2   1  3.370  2026.01.04  15,1,11  -55e-3   13,6,2  .9998 (o)   1,15,4  3.5e-3( 5) 17e-3    3   2.0    0
  406  1.0e-2   1  3.380  2026.01.04  15,1,11  -60e-3 14,14,13  -67e-4(o)   1,15,4  3.5e-3( 5) 16e-3    3   3.0    0
  407  1.0e-2   1  3.390  2026.01.04  15,1,11  -59e-3 14,14,13  -66e-4(o)   1,15,4  3.5e-3( 5) 16e-3    3   3.0    0
  408  1.0e-2   1  3.400  2026.01.04  15,1,11  -57e-3   2,2,13  -65e-4(o)   1,15,4  3.5e-3( 5) 16e-3    3   3.0    0
  409  1.0e-2   1  3.410  2026.01.04  15,1,11  -57e-3   2,2,13  -64e-4(o)   1,15,4  3.5e-3( 5) 16e-3    3   3.0    0
  410  1.0e-2   1  3.420  2026.01.04  15,1,11  -56e-3    2,7,3  .9997 (o)   1,15,3  3.5e-3( 5) 16e-3    3   3.0    0
  411  1.0e-2   1  3.430  2026.01.04  15,1,11  -55e-3   8,13,7  .9995 (o)   1,15,3  3.5e-3( 5) 16e-3    3   3.0    0
  412  1.0e-2   1  3.440  2026.01.04  15,1,11  -50e-3 14,15,14  -65e-4(o)   1,15,3  3.5e-3( 5) 16e-3    3   2.0    0
  413  1.0e-2   1  3.450  2026.01.04  1,14,12  -65e-3    3,8,8  .9994 (o)   1,15,3  3.6e-3( 5) 16e-3    3   3.0    0
  414  1.0e-2   1  3.460  2026.01.04  15,1,11  -55e-3   9,13,9  .9993 (o)   1,15,3  3.6e-3( 5) 16e-3    3   3.0    0
  415  1.0e-2   1  3.470  2026.01.04  15,1,11  -53e-3   1,2,14  -66e-4(o)   1,15,3  3.6e-3( 5) 16e-3    3   3.0    0
  416  1.0e-2   2  3.480  2026.01.04  1,15,12  .3022    5,11,7  .9995 (o)   1,15,3  3.6e-3( 5) 16e-3    3   4.5    0
  417  1.0e-2   1  3.490  2026.01.04  1,15,12  6.7e-2   1,2,14  -66e-4(o)   1,15,3  3.6e-3( 5) 16e-3    3   2.0    0
  418  1.0e-2   1  3.500  2026.01.04  15,1,11  -52e-3   8,13,9  .9999 (o)   1,15,3  3.6e-3( 5) 16e-3    3   3.0    0
  419  1.0e-2   1  3.510  2026.01.04  15,1,11  -47e-3   1,2,14  -65e-4(o)   1,15,3  3.6e-3( 5) 16e-3    3   3.0    0
  420  1.0e-2   1  3.520  2026.01.04  15,1,11  -56e-3   7,14,3  .9990 (o)   1,15,3  3.6e-3( 5) 16e-3    3   3.0    0
1

                                     G E M   T I M E   S T E P   S U M M A R Y
                                               sanwei 30cm shale CO2
 ====================================================================================================================
     Time Step            Time                            Maximum Changes                       Mat  Cum    Solver
 ----------------- ----------------- ---------------------------------------------------------  Bal  time -----------
       Size Newton                        Pressure         Saturation         Composition       Err  step Iter/   Cum
 No.   days  cycls  Days     Date      Block     kpa     Block   Fraction   Block    Fraction    %   cuts  Cycl  Fail
 ----  ------ ---- ------ ---------- --------- ------ --------- --------- --------- ---------- ----- ---- ----- -----
  421  1.0e-2   1  3.530  2026.01.04  15,1,11  -46e-3   5,11,8  .9999 (o)   1,15,3  3.6e-3( 5) 16e-3    3   3.0    0
  422  1.0e-2   1  3.540  2026.01.04  15,1,11  -48e-3   3,14,1  .9990 (o)   1,15,3  3.6e-3( 5) 16e-3    3   3.0    0
  423  1.0e-2   1  3.550  2026.01.04  15,1,11  -48e-3   14,9,1  .9998 (o)   1,15,3  3.6e-3( 5) 16e-3    3   3.0    0
  424  1.0e-2   1  3.560  2026.01.04  15,1,11  -48e-3   13,9,8  .9995 (o)   1,15,3  3.6e-3( 5) 16e-3    3   3.0    0
  425  1.0e-2   1  3.570  2026.01.04  15,1,11  -47e-3   1,2,14  -65e-4(o)   1,15,3  3.6e-3( 5) 16e-3    3   3.0    0
  426  1.0e-2   2  3.580  2026.01.04  3,12,15  8.1e-2  10,13,7  .9998 (o)   1,15,3  3.6e-3( 5) 16e-3    3   4.0    0
  427  1.0e-2   2  3.590  2026.01.04  15,1,11  -46e-3   8,15,1  .9998 (o)   1,15,3  3.6e-3( 5) 16e-3    3   4.0    0
  428  1.0e-2   1  3.600  2026.01.04  15,1,11  -42e-3   13,7,3  .9989 (o)   1,15,3  3.6e-3( 5) 16e-3    3   2.0    0
  429  1.0e-2   2  3.610  2026.01.04  4,15,12  -49e-3  14,10,1  .9998 (o)   1,15,3  3.6e-3( 5) 16e-3    3   4.0    0
  430  1.0e-2   1  3.620  2026.01.04  1,13,11  -24e-3  1,14,13  -66e-4(o)   1,15,3  3.7e-3( 5) 16e-3    3   2.0    0
  431  1.0e-2   2  3.630  2026.01.04  4,15,12  -51e-3  10,14,3  .9997 (o)   1,15,3  3.7e-3( 5) 16e-3    3   4.5    0
  432  1.0e-2   1  3.640  2026.01.04  1,13,11  -23e-3  1,14,13  -66e-4(o)   1,15,3  3.7e-3( 5) 16e-3    3   2.0    0
  433  1.0e-2   1  3.650  2026.01.04  1,13,12  -45e-3    6,2,2  .9993 (o)   1,15,3  3.7e-3( 5) 16e-3    3   3.0    0
  434  1.0e-2   2  3.660  2026.01.04  2,12,12  -54e-3  13,11,9  .9983 (o)   1,15,3  3.7e-3( 5) 16e-3    3   7.0    0
  435  1.0e-2   1  3.670  2026.01.04  4,15,12  -23e-3  13,11,8  .9986 (o)   1,15,3  3.7e-3( 5) 16e-3    3   2.0    0
  436  1.0e-2   1  3.680  2026.01.04  4,15,12  -41e-3    3,5,7  .9984 (o)   1,15,3  3.7e-3( 5) 16e-3    3   3.0    0
  437  1.0e-2   1  3.690  2026.01.04  1,12,12  -39e-3  1,14,13  -59e-4(o)   1,15,3  3.7e-3( 5) 16e-3    3   3.0    0
  438  1.0e-2   2  3.700  2026.01.04  4,15,12  -46e-3   11,5,9  .9998 (o)   1,15,3  3.7e-3( 5) 16e-3    3   4.0    0
  439  1.0e-2   1  3.710  2026.01.04  1,12,12  -22e-3   9,15,1  .9999 (o)   1,15,3  3.7e-3( 5) 16e-3    3   2.0    0
  440  1.0e-2   1  3.720  2026.01.04  4,15,12  -40e-3  1,14,13  -56e-4(o)   1,15,3  3.7e-3( 5) 16e-3    3   3.0    0
1

                                     G E M   T I M E   S T E P   S U M M A R Y
                                               sanwei 30cm shale CO2
 ====================================================================================================================
     Time Step            Time                            Maximum Changes                       Mat  Cum    Solver
 ----------------- ----------------- ---------------------------------------------------------  Bal  time -----------
       Size Newton                        Pressure         Saturation         Composition       Err  step Iter/   Cum
 No.   days  cycls  Days     Date      Block     kpa     Block   Fraction   Block    Fraction    %   cuts  Cycl  Fail
 ----  ------ ---- ------ ---------- --------- ------ --------- --------- --------- ---------- ----- ---- ----- -----
  441  1.0e-2   1  3.730  2026.01.04  4,15,12  -38e-3   4,10,7  .9999 (o)   1,15,3  3.7e-3( 5) 16e-3    3   3.0    0
  442  1.0e-2   2  3.740  2026.01.04  15,1,11  .1400   12,13,9  .9979 (o)   1,15,3  3.7e-3( 5) 16e-3    3   4.5    0
  443  1.0e-2   1  3.750  2026.01.04  15,1,11  6.3e-2  14,2,14  -54e-4(o)   1,15,3  3.7e-3( 5) 16e-3    3   2.0    0
  444  1.0e-2   1  3.760  2026.01.04  2,11,15  5.4e-2    8,2,1  .9996 (o)   1,15,3  3.7e-3( 5) 16e-3    3   3.0    0
  445  1.0e-2   1  3.770  2026.01.04  5,14,15  -52e-3  14,2,14  -54e-4(o)   1,15,3  3.7e-3( 5) 16e-3    3   3.0    0
  446  1.0e-2   1  3.780  2026.01.04  1,12,12  -36e-3   7,7,11  .9998 (o)   1,15,3  3.7e-3( 5) 16e-3    3   3.0    0
  447  1.0e-2   2  3.790  2026.01.04  14,1,15  8.5e-2  13,12,9  .9999 (o)   1,15,3  3.7e-3( 5) 16e-3    3   4.0    0
  448  1.0e-2   1  3.800  2026.01.04  14,1,15  -42e-3  13,13,9  5.4e-3(g)   1,15,3  3.7e-3( 5) 16e-3    3   3.0    0
  449  1.0e-2   1  3.810  2026.01.04  4,15,12  -35e-3   14,8,2  .9995 (o)   1,15,3  3.7e-3( 5) 16e-3    3   3.0    0
  450  1.0e-2   1  3.820  2026.01.04  1,12,12  -35e-3   8,8,12  .9999 (o)   1,15,3  3.7e-3( 5) 16e-3    3   3.0    0
  451  1.0e-2   1  3.830  2026.01.04  4,15,12  -33e-3  13,13,8  -57e-4(o)   1,15,3  3.7e-3( 5) 16e-3    3   3.0    0
  452  1.0e-2   2  3.840  2026.01.04  15,2,12  -43e-3  12,13,7  .9997 (o)   1,15,3  3.7e-3( 5) 16e-3    3   3.5    0
  453  1.0e-2   1  3.850  2026.01.04  15,2,12  -21e-3   6,12,9  .9997 (o)   1,15,3  3.7e-3( 5) 16e-3    3   2.0    0
  454  1.0e-2   2  3.860  2026.01.04  3,15,12  -42e-3   6,14,3  .9999 (o)   1,15,3  3.7e-3( 5) 16e-3    3   4.5    0
  455  1.0e-2   1  3.870  2026.01.04  15,1,12  -43e-3   7,10,4  .9997 (o)   1,15,3  3.7e-3( 5) 16e-3    3   2.0    0
  456  1.0e-2   1  3.880  2026.01.04  15,1,12  -49e-3    7,3,7  .9994 (o)   1,15,3  3.7e-3( 5) 16e-3    3   3.0    0
  457  1.0e-2   2  3.890  2026.01.04  15,1,12  -46e-3  10,15,1  .9999 (o)   1,15,3  3.7e-3( 5) 16e-3    3   4.0    0
  458  1.0e-2   1  3.900  2026.01.04  15,1,12  -39e-3   2,2,14  -63e-4(o)   1,15,3  3.6e-3( 5) 16e-3    3   2.0    0
  459  1.0e-2   1  3.910  2026.01.04  15,1,12  -44e-3  11,14,3  .9982 (o)   1,15,3  3.6e-3( 5) 16e-3    3   3.0    0
  460  1.0e-2   1  3.920  2026.01.04  15,1,12  -42e-3 14,14,14  -63e-4(o)   1,15,3  3.6e-3( 5) 16e-3    3   3.0    0
1

                                     G E M   T I M E   S T E P   S U M M A R Y
                                               sanwei 30cm shale CO2
 ====================================================================================================================
     Time Step            Time                            Maximum Changes                       Mat  Cum    Solver
 ----------------- ----------------- ---------------------------------------------------------  Bal  time -----------
       Size Newton                        Pressure         Saturation         Composition       Err  step Iter/   Cum
 No.   days  cycls  Days     Date      Block     kpa     Block   Fraction   Block    Fraction    %   cuts  Cycl  Fail
 ----  ------ ---- ------ ---------- --------- ------ --------- --------- --------- ---------- ----- ---- ----- -----
  461  1.0e-2   2  3.930  2026.01.04  15,1,12  -41e-3   9,15,2  .9999 (o)   1,15,3  3.6e-3( 5) 16e-3    3   3.5    0
  462  1.0e-2   1  3.940  2026.01.04  15,1,12  -36e-3   6,15,1  .9988 (o)   1,15,3  3.6e-3( 5) 16e-3    3   2.0    0
  463  1.0e-2   1  3.950  2026.01.04  3,15,12  -37e-3    6,3,7  .9993 (o)   1,15,3  3.6e-3( 5) 16e-3    3   3.0    0
  464  1.0e-2   1  3.960  2026.01.04  15,2,13  -65e-3   2,3,15  -61e-4(o)   1,15,3  3.6e-3( 5) 16e-3    3   3.0    0
  465  1.0e-2   1  3.970  2026.01.04   1,9,12  -52e-3   13,8,7  .9997 (o)   1,15,3  3.6e-3( 5) 16e-3    3   3.0    0
  466  1.0e-2   1  3.980  2026.01.04  4,14,15  5.7e-2   9,10,4  .9999 (o)   1,15,3  3.6e-3( 5) 16e-3    3   2.0    0
  467  1.0e-2   1  3.990  2026.01.04   14,2,6  5.6e-2   7,9,11  .9998 (o)   1,15,3  3.5e-3( 5) 16e-3    3   3.0    0
  468  1.0e-2   1  4.000  2026.01.04  8,15,15  6.3e-2   2,3,15  -73e-4(o)   1,15,3  3.5e-3( 5) 16e-3    3   2.0    0
  469  1.0e-2   1  4.010  2026.01.05  8,15,15  -46e-3 13,14,15  -73e-4(o)   1,15,3  3.5e-3( 5) 16e-3    3   3.0    0
  470  1.0e-2   1  4.020  2026.01.05  15,1,12  -43e-3 13,14,15  -71e-4(o)   1,15,3  3.5e-3( 5) 16e-3    3   3.0    0
  471  1.0e-2   1  4.030  2026.01.05  15,1,12  -42e-3   12,6,8  .9995 (o)   1,15,3  3.5e-3( 5) 16e-3    3   3.0    0
  472  1.0e-2   1  4.040  2026.01.05  15,1,12  -42e-3   9,10,6  .9996 (o)   1,15,3  3.5e-3( 5) 16e-3    3   3.0    0
  473  1.0e-2   1  4.050  2026.01.05  15,1,12  -43e-3  13,12,7  .9974 (o)   1,15,3  3.4e-3( 5) 16e-3    3   3.0    0
  474  1.0e-2   1  4.060  2026.01.05  1,14,12  -43e-3 14,14,14  -58e-4(o)   1,15,3  3.4e-3( 5) 16e-3    3   3.0    0
  475  1.0e-2   1  4.070  2026.01.05  15,1,12  -43e-3 14,14,14  -58e-4(o)   1,15,3  3.4e-3( 5) 16e-3    3   3.0    0
  476  1.0e-2   1  4.080  2026.01.05  15,1,12  -43e-3   9,10,5  1.000 (o)   1,15,3  3.4e-3( 5) 16e-3    3   3.0    0
  477  1.0e-2   1  4.090  2026.01.05  7,15,15  5.1e-2  13,13,7  5.7e-3(g)   1,15,3  3.4e-3( 5) 16e-3    3   2.0    0
  478  1.0e-2   2  4.100  2026.01.05  15,1,12  -47e-3  13,13,8  .9969 (o)   1,15,3  3.4e-3( 5) 16e-3    3   4.5    0
  479  1.0e-2   2  4.110  2026.01.05   1,1,11  4.5e-2    2,3,1  .9997 (o)   1,15,3  3.3e-3( 5) 16e-3    3   3.0    0
  480  1.0e-2   2  4.120  2026.01.05  15,1,12  -42e-3  13,13,9  .9994 (o)   1,15,3  3.3e-3( 5) 16e-3    3   4.0    0
1

                                     G E M   T I M E   S T E P   S U M M A R Y
                                               sanwei 30cm shale CO2
 ====================================================================================================================
     Time Step            Time                            Maximum Changes                       Mat  Cum    Solver
 ----------------- ----------------- ---------------------------------------------------------  Bal  time -----------
       Size Newton                        Pressure         Saturation         Composition       Err  step Iter/   Cum
 No.   days  cycls  Days     Date      Block     kpa     Block   Fraction   Block    Fraction    %   cuts  Cycl  Fail
 ----  ------ ---- ------ ---------- --------- ------ --------- --------- --------- ---------- ----- ---- ----- -----
  481  1.0e-2   1  4.130  2026.01.05  15,1,12  -38e-3   9,7,10  .9997 (o)   1,15,3  3.3e-3( 5) 16e-3    3   2.0    0
  482  1.0e-2   1  4.140  2026.01.05  15,1,12  -43e-3   10,9,6  .9999 (o)   1,15,3  3.3e-3( 5) 16e-3    3   3.0    0
  483  1.0e-2   1  4.150  2026.01.05  15,1,12  -47e-3   10,9,5  .9996 (o)   1,15,3  3.3e-3( 5) 16e-3    3   3.0    0
  484  1.0e-2   2  4.160  2026.01.05  15,1,12  -47e-3    3,3,7  5.7e-3(g)   1,15,3  3.3e-3( 5) 16e-3    3   7.0    0
  485  1.0e-2   1  4.170  2026.01.05  15,1,12  -41e-3    2,3,2  .9987 (o)   1,15,3  3.2e-3( 5) 16e-3    3   2.0    0
  486  1.0e-2   1  4.180  2026.01.05  2,15,12  -34e-3  13,13,7  -57e-4(o)   1,15,3  3.2e-3( 5) 16e-3    3   3.0    0
  487  1.0e-2   2  4.190  2026.01.05  3,15,12  -31e-3    3,9,7  .9998 (o)   1,15,3  3.2e-3( 5) 16e-3    3   6.5    0
  488  1.0e-2   1  4.200  2026.01.05  1,15,13  3.3e-2    3,3,7  5.8e-3(g)   1,15,3  3.2e-3( 5) 16e-3    3   2.0    0
  489  1.0e-2   1  4.210  2026.01.05  2,15,12  -29e-3  13,13,7  -57e-4(o)   1,15,3  3.2e-3( 5) 16e-3    3   3.0    0
  490  1.0e-2   1  4.220  2026.01.05  2,15,12  -31e-3   7,13,8  .9999 (o)   1,15,3  3.1e-3( 5) 16e-3    3   3.0    0
  491  1.0e-2   1  4.230  2026.01.05  6,15,15  5.6e-2  11,15,1  .9993 (o)   1,15,3  3.1e-3( 5) 16e-3    3   2.0    0
  492  1.0e-2   1  4.240  2026.01.05  6,15,15  -41e-3  13,13,7  5.8e-3(g)   1,15,3  3.1e-3( 5) 16e-3    3   3.0    0
  493  1.0e-2   1  4.250  2026.01.05  1,13,12  -28e-3    3,3,7  -58e-4(o)   1,15,3  3.1e-3( 5) 16e-3    3   3.0    0
  494  1.0e-2   1  4.260  2026.01.05  2,15,11  -30e-3   11,5,7  .9994 (o)   1,15,2  3.1e-3( 5) 16e-3    3   3.0    0
  495  1.0e-2   1  4.270  2026.01.05  1,14,12  -28e-3   7,13,9  .9998 (o)   1,15,2  3.1e-3( 5) 16e-3    3   3.0    0
  496  1.0e-2   2  4.280  2026.01.05  2,15,12  -25e-3   2,11,3  .9995 (o)   1,15,2  3.1e-3( 5) 16e-3    3   4.0    0
  497  1.0e-2   1  4.290  2026.01.05  15,1,11  -19e-3  13,13,7  -58e-4(o)   1,15,2  3.1e-3( 5) 16e-3    3   2.0    0
  498  1.0e-2   1  4.300  2026.01.05  1,13,12  -29e-3   7,10,6  1.000 (o)   1,15,2  3.1e-3( 5) 16e-3    3   3.0    0
  499  1.0e-2   1  4.310  2026.01.05  1,14,12  -29e-3  13,13,7  -58e-4(o)   1,15,2  3.1e-3( 5) 16e-3    3   3.0    0
  500  1.0e-2   1  4.320  2026.01.05  1,14,12  -26e-3   5,15,1  .9995 (o)   1,15,2  3.1e-3( 5) 16e-3    3   3.0    0
1

                                     G E M   T I M E   S T E P   S U M M A R Y
                                               sanwei 30cm shale CO2
 ====================================================================================================================
     Time Step            Time                            Maximum Changes                       Mat  Cum    Solver
 ----------------- ----------------- ---------------------------------------------------------  Bal  time -----------
       Size Newton                        Pressure         Saturation         Composition       Err  step Iter/   Cum
 No.   days  cycls  Days     Date      Block     kpa     Block   Fraction   Block    Fraction    %   cuts  Cycl  Fail
 ----  ------ ---- ------ ---------- --------- ------ --------- --------- --------- ---------- ----- ---- ----- -----
  501  1.0e-2   1  4.330  2026.01.05  2,15,12  -25e-3  13,13,7  5.8e-3(g)   1,15,2  3.1e-3( 5) 16e-3    3   3.0    0
  502  1.0e-2   1  4.340  2026.01.05  1,11,12  -44e-3  13,13,7  5.8e-3(g)   1,15,2  3.1e-3( 5) 16e-3    3   3.0    0
  503  1.0e-2   2  4.350  2026.01.05  5,15,12  -.105     3,3,7  .9978 (o)   1,15,2  3.1e-3( 5) 16e-3    3   6.5    0
  504  1.0e-2   2  4.360  2026.01.05   14,2,5  -45e-3   13,7,9  .9997 (o)   1,15,2  3.1e-3( 5) 16e-3    3   3.5    0
  505  1.0e-2   2  4.370  2026.01.05  1,14,12  -27e-3  1,15,13  -56e-4(o)   1,15,2  3.1e-3( 5) 16e-3    3   6.5    0
  506  1.0e-2   1  4.380  2026.01.05  3,15,11  3.8e-2  1,15,13  -56e-4(o)   1,15,2  3.1e-3( 5) 16e-3    3   2.0    0
  507  1.0e-2   1  4.390  2026.01.05  3,15,11  -.130   1,15,13  -56e-4(o)   1,15,2  3.1e-3( 5) 16e-3    3   3.0    0
  508  1.0e-2   1  4.400  2026.01.05  1,13,11  -34e-3  1,15,13  -56e-4(o)   1,15,2  3.1e-3( 5) 16e-3    3   3.0    0
  509  1.0e-2   1  4.410  2026.01.05  3,15,12  -27e-3  1,15,13  -56e-4(o)   1,15,2  3.1e-3( 5) 16e-3    3   3.0    0
  510  1.0e-2   1  4.420  2026.01.05  3,15,12  -26e-3  1,15,13  -57e-4(o)   1,15,2  3.1e-3( 5) 16e-3    3   3.0    0
  511  1.0e-2   2  4.430  2026.01.05  5,15,15  4.6e-2   13,7,8  .9997 (o)   1,15,2  3.1e-3( 5) 16e-3    3   5.0    0
  512  1.0e-2   1  4.440  2026.01.05  15,1,12  .1993   1,15,13  -57e-4(o)   1,15,2  3.1e-3( 5) 16e-3    3   3.0    0
  513  1.0e-2   1  4.450  2026.01.05  1,15,12  -38e-3   14,7,1  1.000 (o)   1,15,2  3.1e-3( 5) 16e-3    3   3.0    0
  514  1.0e-2   1  4.460  2026.01.05  1,15,12  -33e-3   8,6,11  .9997 (o)   1,15,2  3.1e-3( 5) 16e-3    3   3.0    0
  515  1.0e-2   1  4.470  2026.01.05  1,15,12  -31e-3  1,15,13  -58e-4(o)   1,15,2  3.1e-3( 5) 16e-3    3   3.0    0
  516  1.0e-2   1  4.480  2026.01.05  1,15,12  -31e-3  11,15,2  .9991 (o)   1,15,2  3.1e-3( 5) 16e-3    3   3.0    0
  517  1.0e-2   2  4.490  2026.01.05  1,15,12  -36e-3  10,8,10  .9997 (o)   1,15,2  3.1e-3( 5) 16e-3    3   5.5    0
  518  1.0e-2   1  4.500  2026.01.05  1,15,12  -19e-3  1,15,13  -58e-4(o)   1,15,2  3.1e-3( 5) 16e-3    3   2.0    0
  519  1.0e-2   1  4.510  2026.01.05  1,15,12  -34e-3   14,7,2  .9995 (o)   1,15,2  3.1e-3( 5) 16e-3    3   3.0    0
  520  1.0e-2   1  4.520  2026.01.05  1,15,12  -32e-3  1,15,13  -59e-4(o)   1,15,2  3.1e-3( 5) 16e-3    3   3.0    0
1

                                     G E M   T I M E   S T E P   S U M M A R Y
                                               sanwei 30cm shale CO2
 ====================================================================================================================
     Time Step            Time                            Maximum Changes                       Mat  Cum    Solver
 ----------------- ----------------- ---------------------------------------------------------  Bal  time -----------
       Size Newton                        Pressure         Saturation         Composition       Err  step Iter/   Cum
 No.   days  cycls  Days     Date      Block     kpa     Block   Fraction   Block    Fraction    %   cuts  Cycl  Fail
 ----  ------ ---- ------ ---------- --------- ------ --------- --------- --------- ---------- ----- ---- ----- -----
  521  1.0e-2   1  4.530  2026.01.05  1,15,12  -31e-3  1,15,13  -59e-4(o)   1,15,2  3.1e-3( 5) 16e-3    3   3.0    0
  522  1.0e-2   1  4.540  2026.01.05  1,15,11  -28e-3  1,15,13  -59e-4(o)   1,15,2  3.1e-3( 5) 16e-3    3   3.0    0
  523  1.0e-2   1  4.550  2026.01.05   13,1,6  5.9e-2  1,15,13  -59e-4(o)   1,15,2  3.1e-3( 5) 16e-3    3   3.0    0
  524  1.0e-2   1  4.560  2026.01.05  1,15,11  -30e-3  1,15,13  -57e-4(o)   1,15,2  3.1e-3( 5) 16e-3    3   3.0    0
  525  1.0e-2   1  4.570  2026.01.05  15,1,12  2.9e-2   6,8,11  .9999 (o)   1,15,2  3.1e-3( 5) 16e-3    3   3.0    0
  526  1.0e-2   1  4.580  2026.01.05  1,15,11  -25e-3  1,15,13  -55e-4(o)   1,15,2  3.1e-3( 5) 16e-3    3   3.0    0
  527  1.0e-2   1  4.590  2026.01.05  1,15,11  -28e-3  1,15,13  -54e-4(o)   1,15,2  3.1e-3( 5) 16e-3    3   3.0    0
  528  1.0e-2   1  4.600  2026.01.05  1,15,11  -28e-3  1,15,13  -53e-4(o)   1,15,2  3.1e-3( 5) 16e-3    3   3.0    0
  529  1.0e-2   1  4.610  2026.01.05  1,15,11  -27e-3  1,15,13  -52e-4(o)   1,15,2  3.1e-3( 5) 16e-3    3   3.0    0
  530  1.0e-2   1  4.620  2026.01.05  1,15,11  -27e-3  1,15,13  -51e-4(o)   1,15,2  3.1e-3( 5) 16e-3    3   3.0    0
  531  1.0e-2   1  4.630  2026.01.05  1,15,11  -27e-3  1,15,13  -50e-4(o)   1,15,2  3.1e-3( 5) 16e-3    3   3.0    0
  532  1.0e-2   1  4.640  2026.01.05  1,15,11  -26e-3  1,15,13  -49e-4(o)   1,15,2  3.1e-3( 5) 16e-3    3   3.0    0
  533  1.0e-2   2  4.650  2026.01.05  1,15,11  -29e-3  14,12,1  .9994 (o)   1,15,2  3.1e-3( 5) 16e-3    3   3.5    0
  534  1.0e-2   1  4.660  2026.01.05  1,15,11  -19e-3  1,15,13  -48e-4(o)   1,15,2  3.1e-3( 5) 16e-3    3   2.0    0
  535  1.0e-2   1  4.670  2026.01.05  1,15,11  -30e-3  1,15,13  -47e-4(o)   1,15,2  3.1e-3( 5) 16e-3    3   3.0    0
  536  1.0e-2   1  4.680  2026.01.05  1,15,11  -27e-3  15,1,12  -47e-4(o)   1,15,2  3.1e-3( 5) 16e-3    3   3.0    0
  537  1.0e-2   1  4.690  2026.01.05  1,15,11  -25e-3  15,1,12  -47e-4(o)   1,15,2  3.0e-3( 5) 16e-3    3   3.0    0
  538  1.0e-2   1  4.700  2026.01.05  1,15,11  -26e-3  15,1,12  -47e-4(o)   1,15,2  3.0e-3( 5) 16e-3    3   3.0    0
  539  1.0e-2   1  4.710  2026.01.05  4,15,15  6.1e-2  15,1,12  -47e-4(o)   1,15,2  3.0e-3( 5) 16e-3    3   2.0    0
  540  1.0e-2   1  4.720  2026.01.05  4,15,15  -43e-3  15,1,12  -47e-4(o)   1,15,2  3.0e-3( 5) 16e-3    3   3.0    0
1

                                     G E M   T I M E   S T E P   S U M M A R Y
                                               sanwei 30cm shale CO2
 ====================================================================================================================
     Time Step            Time                            Maximum Changes                       Mat  Cum    Solver
 ----------------- ----------------- ---------------------------------------------------------  Bal  time -----------
       Size Newton                        Pressure         Saturation         Composition       Err  step Iter/   Cum
 No.   days  cycls  Days     Date      Block     kpa     Block   Fraction   Block    Fraction    %   cuts  Cycl  Fail
 ----  ------ ---- ------ ---------- --------- ------ --------- --------- --------- ---------- ----- ---- ----- -----
  541  1.0e-2   1  4.730  2026.01.05  1,15,11  -27e-3    4,2,2  .9985 (o)   1,15,2  3.0e-3( 5) 16e-3    3   3.0    0
  542  1.0e-2   1  4.740  2026.01.05  1,15,11  -24e-3   12,4,1  .9995 (o)   1,15,2  3.0e-3( 5) 16e-3    3   3.0    0
  543  1.0e-2   2  4.750  2026.01.05  2,15,12  -27e-3  15,1,12  -47e-4(o)   1,15,2  3.0e-3( 5) 16e-3    3   6.5    0
  544  1.0e-2   1  4.760  2026.01.05  1,15,11  -17e-3  15,1,12  -47e-4(o)   1,15,2  3.0e-3( 5) 15e-3    3   2.0    0
  545  1.0e-2   1  4.770  2026.01.05  2,14,15  3.4e-2  15,1,12  -47e-4(o)   1,15,2  3.0e-3( 5) 15e-3    3   3.0    0
  546  1.0e-2   1  4.780  2026.01.05  2,14,15  -33e-3  15,1,12  -47e-4(o)   1,15,2  2.9e-3( 5) 15e-3    3   3.0    0
  547  1.0e-2   1  4.790  2026.01.05  1,15,11  -24e-3   8,11,4  .9999 (o)   1,15,2  2.9e-3( 5) 15e-3    3   3.0    0
  548  1.0e-2   1  4.800  2026.01.05  1,15,11  -23e-3  15,1,12  -46e-4(o)   1,15,2  2.9e-3( 5) 15e-3    3   3.0    0
  549  1.0e-2   1  4.810  2026.01.05  15,1,12  1.9e-2  12,15,1  .9994 (o)   1,15,2  2.9e-3( 5) 15e-3    3   2.0    0
  550  1.0e-2   1  4.820  2026.01.05   1,2,15  4.1e-2  15,1,12  -46e-4(o)   1,15,2  2.9e-3( 5) 15e-3    3   3.0    0
  551  1.0e-2   1  4.830  2026.01.05   1,2,15  -29e-3   1,11,2  .9994 (o)   1,15,2  2.9e-3( 5) 15e-3    3   3.0    0
  552  1.0e-2   1  4.840  2026.01.05  1,15,11  -24e-3  15,1,12  -46e-4(o)   1,15,2  2.9e-3( 5) 15e-3    3   3.0    0
  553  1.0e-2   1  4.850  2026.01.05  15,1,12  2.0e-2  15,1,12  -46e-4(o)   1,15,2  2.9e-3( 5) 15e-3    3   2.0    0
  554  1.0e-2   1  4.860  2026.01.05  2,15,12  -29e-3   12,4,2  .9998 (o)   1,15,2  2.9e-3( 5) 15e-3    3   3.0    0
  555  1.0e-2   2  4.870  2026.01.05  2,15,12  -25e-3  12,14,3  .9999 (o)   1,15,2  2.9e-3( 5) 15e-3    3   3.5    0
  556  1.0e-2   1  4.880  2026.01.05  15,1,12  2.2e-2   1,12,1  .9996 (o)   1,15,2  2.9e-3( 5) 15e-3    3   2.0    0
  557  1.0e-2   1  4.890  2026.01.05  15,1,12  -47e-3  15,1,12  -44e-4(o)   1,15,2  2.8e-3( 5) 15e-3    3   3.0    0
  558  1.0e-2   1  4.900  2026.01.05  1,14,14  1.8e-2  15,1,12  -43e-4(o)   1,15,2  2.8e-3( 5) 15e-3    3   2.0    0
  559  1.0e-2   1  4.910  2026.01.05  1,14,14  -35e-3  15,1,12  -42e-4(o)   1,15,2  2.8e-3( 5) 15e-3    3   3.0    0
  560  1.0e-2   2  4.920  2026.01.05  1,15,11  -26e-3   13,5,1  .9999 (o)   1,15,2  2.8e-3( 5) 15e-3    3   4.5    0
1

                                     G E M   T I M E   S T E P   S U M M A R Y
                                               sanwei 30cm shale CO2
 ====================================================================================================================
     Time Step            Time                            Maximum Changes                       Mat  Cum    Solver
 ----------------- ----------------- ---------------------------------------------------------  Bal  time -----------
       Size Newton                        Pressure         Saturation         Composition       Err  step Iter/   Cum
 No.   days  cycls  Days     Date      Block     kpa     Block   Fraction   Block    Fraction    %   cuts  Cycl  Fail
 ----  ------ ---- ------ ---------- --------- ------ --------- --------- --------- ---------- ----- ---- ----- -----
  561  1.0e-2   1  4.930  2026.01.05  1,15,11  -16e-3  15,1,12  -40e-4(o)   1,15,2  2.8e-3( 5) 15e-3    3   2.0    0
  562  1.0e-2   1  4.940  2026.01.05   15,3,5  8.0e-2  15,1,12  -40e-4(o)   1,15,2  2.8e-3( 5) 15e-3    3   3.0    0
  563  1.0e-2   1  4.950  2026.01.05   15,3,5  -35e-3  15,1,12  -39e-4(o)   1,15,2  2.8e-3( 5) 15e-3    3   3.0    0
  564  1.0e-2   1  4.960  2026.01.05  1,15,11  -23e-3   5,12,7  .9999 (o)   1,15,2  2.8e-3( 5) 15e-3    3   3.0    0
  565  1.0e-2   1  4.970  2026.01.05  1,15,11  -15e-3   13,7,7  .9999 (o)   1,15,2  2.8e-3( 5) 15e-3    3   2.0    0
  566  1.0e-2   1  4.980  2026.01.05  2,15,12  -28e-3  15,1,12  -37e-4(o)   1,15,2  2.7e-3( 5) 15e-3    3   3.0    0
  567  1.0e-2   1  4.990  2026.01.05  1,15,11  -21e-3   10,7,6  .9998 (o)   1,15,2  2.7e-3( 5) 15e-3    3   3.0    0
  568  1.0e-2   1  5.000  2026.01.05  1,15,11  -16e-3  15,1,12  -36e-4(o)   1,15,2  2.7e-3( 5) 15e-3    3   2.0    0
  569  1.0e-2   1  5.010  2026.01.06  2,15,12  -27e-3   8,11,6  1.000 (o)   1,15,2  2.7e-3( 5) 15e-3    3   3.0    0
  570  1.0e-2   1  5.020  2026.01.06  1,15,11  -22e-3   8,11,5  1.000 (o)   1,15,2  2.7e-3( 5) 15e-3    3   3.0    0
  571  1.0e-2   1  5.030  2026.01.06  1,15,14  8.8e-2  1,15,14  -39e-4(o)   1,15,2  2.7e-3( 5) 15e-3    3   2.0    0
  572  1.0e-2   1  5.040  2026.01.06  1,15,14  -49e-3   10,7,4  .9998 (o)  1,15,13  2.7e-3( 5) 15e-3    3   3.0    0
  573  1.0e-2   1  5.050  2026.01.06 14,15,11  -30e-3  1,15,14  -41e-4(o)  1,15,13  2.7e-3( 5) 15e-3    3   3.0    0
  574  1.0e-2   1  5.060  2026.01.06   1,2,11  -71e-3   10,7,5  .9999 (o)  1,15,13  2.7e-3( 5) 15e-3    3   2.0    0
  575  1.0e-2   1  5.070  2026.01.06  2,14,12  -31e-3  1,15,14  -42e-4(o)  1,15,13  2.7e-3( 5) 15e-3    3   3.0    0
  576  1.0e-2   1  5.080  2026.01.06  3,15,15  5.6e-2  1,15,14  -43e-4(o)  1,15,13  2.7e-3( 5) 15e-3    3   2.0    0
  577  1.0e-2   1  5.090  2026.01.06  3,15,15  -30e-3  1,15,14  -43e-4(o)  1,15,13  2.7e-3( 5) 15e-3    3   3.0    0
  578  1.0e-2   1  5.100  2026.01.06  1,14,12  -23e-3   14,9,3  .9994 (o)  1,15,13  2.7e-3( 5) 15e-3    3   3.0    0
  579  1.0e-2   1  5.110  2026.01.06   14,2,4  6.3e-2   5,12,8  .9996 (o)  1,15,13  2.7e-3( 5) 15e-3    3   3.0    0
  580  1.0e-2   1  5.120  2026.01.06   14,2,4  -32e-3  1,15,14  -45e-4(o)  1,15,13  2.7e-3( 5) 15e-3    3   2.0    0
1

                                     G E M   T I M E   S T E P   S U M M A R Y
                                               sanwei 30cm shale CO2
 ====================================================================================================================
     Time Step            Time                            Maximum Changes                       Mat  Cum    Solver
 ----------------- ----------------- ---------------------------------------------------------  Bal  time -----------
       Size Newton                        Pressure         Saturation         Composition       Err  step Iter/   Cum
 No.   days  cycls  Days     Date      Block     kpa     Block   Fraction   Block    Fraction    %   cuts  Cycl  Fail
 ----  ------ ---- ------ ---------- --------- ------ --------- --------- --------- ---------- ----- ---- ----- -----
  581  1.0e-2   2  5.130  2026.01.06  1,15,12  -36e-3  12,15,2  .9999 (o)  1,15,13  2.7e-3( 5) 15e-3    3   4.0    0
  582  1.0e-2   1  5.140  2026.01.06  1,15,12  -18e-3   13,6,3  1.000 (o)  1,15,13  2.7e-3( 5) 15e-3    3   2.0    0
  583  1.0e-2   1  5.150  2026.01.06  1,15,12  -30e-3  1,15,14  -47e-4(o)  1,15,13  2.8e-3( 5) 15e-3    3   3.0    0
  584  1.0e-2   1  5.160  2026.01.06  1,15,12  -17e-3  14,10,3  .9993 (o)  1,15,13  2.8e-3( 5) 15e-3    3   2.0    0
  585  1.0e-2   1  5.170  2026.01.06  1,15,12  -32e-3  1,15,14  -48e-4(o)  1,15,13  2.8e-3( 5) 15e-3    3   3.0    0
  586  1.0e-2   1  5.180  2026.01.06  1,15,12  -18e-3  1,15,14  -48e-4(o)  1,15,13  2.8e-3( 5) 15e-3    3   2.0    0
  587  1.0e-2   1  5.190  2026.01.06  1,15,12  -31e-3  1,15,14  -48e-4(o)  1,15,13  2.8e-3( 5) 15e-3    3   3.0    0
  588  1.0e-2   1  5.200  2026.01.06  1,15,12  -17e-3  1,15,14  -49e-4(o)  1,15,13  2.8e-3( 5) 15e-3    3   2.0    0
  589  1.0e-2   1  5.210  2026.01.06  1,15,12  -32e-3  1,15,14  -49e-4(o)  1,15,13  2.8e-3( 5) 15e-3    3   3.0    0
  590  1.0e-2   1  5.220  2026.01.06  14,1,10  -78e-3   5,12,9  .9997 (o)  1,15,13  2.8e-3( 5) 15e-3    3   2.0    0
  591  1.0e-2   1  5.230  2026.01.06  14,1,10  .1415   1,15,14  -49e-4(o)  1,15,13  2.8e-3( 5) 15e-3    3   3.0    0
  592  1.0e-2   1  5.240  2026.01.06  14,1,10  -82e-3  1,15,14  -49e-4(o)  1,15,13  2.8e-3( 5) 15e-3    3   3.0    0
  593  1.0e-2   1  5.250  2026.01.06  1,15,12  -27e-3  1,15,14  -49e-4(o)  1,15,13  2.8e-3( 5) 15e-3    3   3.0    0
  594  1.0e-2   1  5.260  2026.01.06 14,14,15  2.0e-2  1,15,14  -49e-4(o)  1,15,13  2.8e-3( 5) 15e-3    3   2.0    0
  595  1.0e-2   1  5.270  2026.01.06  15,1,13  6.2e-2  1,15,14  -49e-4(o)  1,15,13  2.8e-3( 5) 15e-3    3   3.0    0
  596  1.0e-2   1  5.280  2026.01.06  1,15,12  -25e-3  1,15,14  -49e-4(o)  1,15,13  2.8e-3( 5) 15e-3    3   3.0    0
  597  1.0e-2   1  5.290  2026.01.06  1,15,12  -26e-3  1,15,14  -50e-4(o)  1,15,13  2.8e-3( 5) 15e-3    3   3.0    0
  598  1.0e-2   1  5.300  2026.01.06  1,15,12  -15e-3  1,15,14  -50e-4(o)  1,15,13  2.8e-3( 5) 15e-3    3   2.0    0
  599  1.0e-2   1  5.310  2026.01.06  1,15,12  -29e-3  1,15,14  -50e-4(o)  1,15,13  2.8e-3( 5) 15e-3    3   3.0    0
  600  1.0e-2   1  5.320  2026.01.06  1,15,12  -15e-3  1,15,14  -50e-4(o)  1,15,13  2.8e-3( 5) 15e-3    3   2.0    0
1

                                     G E M   T I M E   S T E P   S U M M A R Y
                                               sanwei 30cm shale CO2
 ====================================================================================================================
     Time Step            Time                            Maximum Changes                       Mat  Cum    Solver
 ----------------- ----------------- ---------------------------------------------------------  Bal  time -----------
       Size Newton                        Pressure         Saturation         Composition       Err  step Iter/   Cum
 No.   days  cycls  Days     Date      Block     kpa     Block   Fraction   Block    Fraction    %   cuts  Cycl  Fail
 ----  ------ ---- ------ ---------- --------- ------ --------- --------- --------- ---------- ----- ---- ----- -----
  601  1.0e-2   1  5.330  2026.01.06  1,15,12  -29e-3  1,15,14  -50e-4(o)  1,15,13  2.9e-3( 5) 15e-3    3   3.0    0
  602  1.0e-2   1  5.340  2026.01.06  1,15,12  -15e-3  1,15,14  -50e-4(o)  1,15,13  2.9e-3( 5) 15e-3    3   2.0    0
  603  1.0e-2   1  5.350  2026.01.06  1,15,12  -29e-3  1,15,14  -50e-4(o)  1,15,13  2.9e-3( 5) 15e-3    3   3.0    0
  604  1.0e-2   1  5.360  2026.01.06  1,15,12  -14e-3  1,15,14  -50e-4(o)  1,15,13  2.9e-3( 5) 15e-3    3   2.0    0
  605  1.0e-2   1  5.370  2026.01.06  1,15,12  -28e-3  1,15,14  -50e-4(o)  1,15,13  2.9e-3( 5) 15e-3    3   3.0    0
  606  1.0e-2   1  5.380  2026.01.06  1,15,12  -14e-3  1,15,14  -50e-4(o)  1,15,13  2.9e-3( 5) 15e-3    3   2.0    0
  607  1.0e-2   2  5.390  2026.01.06  1,15,12  -30e-3   4,14,3  .9995 (o)  1,15,13  2.9e-3( 5) 15e-3    3   3.5    0
  608  1.0e-2   1  5.400  2026.01.06  1,15,12  -14e-3  1,15,14  -50e-4(o)  1,15,13  2.9e-3( 5) 15e-3    3   2.0    0
  609  1.0e-2   1  5.410  2026.01.06  1,15,12  -25e-3  1,15,14  -50e-4(o)  1,15,13  2.9e-3( 5) 15e-3    3   3.0    0
  610  1.0e-2   1  5.420  2026.01.06   10,1,4  3.4e-2  1,15,14  -50e-4(o)  1,15,13  2.9e-3( 5) 15e-3    3   2.0    0
  611  1.0e-2   1  5.430  2026.01.06   10,1,4  -79e-3  1,15,14  -50e-4(o)  1,15,13  2.9e-3( 5) 15e-3    3   3.0    0
  612  1.0e-2   1  5.440  2026.01.06   10,1,4  3.5e-2   12,5,9  .9996 (o)  1,15,13  2.9e-3( 5) 15e-3    3   2.0    0
  613  1.0e-2   1  5.450  2026.01.06   1,1,10  -48e-3  1,15,14  -48e-4(o)  1,15,13  2.8e-3( 5) 15e-3    3   3.0    0
  614  1.0e-2   1  5.460  2026.01.06   1,1,10  2.3e-2  1,15,14  -48e-4(o)  1,15,13  2.8e-3( 5) 15e-3    3   2.0    0
  615  1.0e-2   1  5.470  2026.01.06  1,15,12  -27e-3  13,15,1  .9992 (o)  1,15,13  2.8e-3( 5) 15e-3    3   3.0    0
  616  1.0e-2   1  5.480  2026.01.06  1,15,12  -14e-3  14,11,3  .9988 (o)  1,15,13  2.8e-3( 5) 15e-3    3   2.0    0
  617  1.0e-2   1  5.490  2026.01.06  1,15,12  -26e-3  1,15,14  -46e-4(o)  1,15,13  2.8e-3( 5) 15e-3    3   3.0    0
  618  1.0e-2   1  5.500  2026.01.06  1,15,12  -10e-3   6,13,7  .9996 (o)  1,15,13  2.8e-3( 5) 15e-3    3   1.0    0
  619  1.0e-2   1  5.510  2026.01.06  5,12,14  -40e-3  14,13,1  .9989 (o)  1,15,13  2.8e-3( 5) 15e-3    3   3.0    0
  620  1.0e-2   1  5.520  2026.01.06  1,15,12  -11e-3   14,8,3  .9996 (o)  1,15,13  2.8e-3( 5) 15e-3    3   2.0    0
1

                                     G E M   T I M E   S T E P   S U M M A R Y
                                               sanwei 30cm shale CO2
 ====================================================================================================================
     Time Step            Time                            Maximum Changes                       Mat  Cum    Solver
 ----------------- ----------------- ---------------------------------------------------------  Bal  time -----------
       Size Newton                        Pressure         Saturation         Composition       Err  step Iter/   Cum
 No.   days  cycls  Days     Date      Block     kpa     Block   Fraction   Block    Fraction    %   cuts  Cycl  Fail
 ----  ------ ---- ------ ---------- --------- ------ --------- --------- --------- ---------- ----- ---- ----- -----
  621  1.0e-2   1  5.530  2026.01.06  1,15,12  -25e-3  15,1,13  -45e-4(o)  1,15,13  2.8e-3( 5) 15e-3    3   3.0    0
  622  1.0e-2   1  5.540  2026.01.06  1,15,12  -13e-3  15,1,13  -45e-4(o)  1,15,13  2.8e-3( 5) 15e-3    3   2.0    0
  623  1.0e-2   1  5.550  2026.01.06  1,15,12  -26e-3  15,1,13  -45e-4(o)  1,15,13  2.8e-3( 5) 15e-3    3   3.0    0
  624  1.0e-2   1  5.560  2026.01.06  1,15,12  -12e-3  15,1,13  -45e-4(o)  1,15,13  2.8e-3( 5) 15e-3    3   2.0    0
  625  1.0e-2   1  5.570  2026.01.06  1,15,12  -26e-3  15,1,13  -45e-4(o)  1,15,13  2.8e-3( 5) 15e-3    3   3.0    0
  626  1.0e-2   1  5.580  2026.01.06  1,15,12  -12e-3   12,5,8  .9997 (o)  1,15,13  2.8e-3( 5) 15e-3    3   2.0    0
  627  1.0e-2   1  5.590  2026.01.06  1,15,12  -25e-3  15,1,13  -46e-4(o)  1,15,13  2.8e-3( 5) 15e-3    3   3.0    0
  628  1.0e-2   1  5.600  2026.01.06   1,1,14  3.0e-2   1,12,2  .9986 (o)  1,15,13  2.8e-3( 5) 15e-3    3   2.0    0
  629  1.0e-2   2  5.610  2026.01.06  1,14,15  6.0e-2   4,15,2  1.000 (o)  1,15,13  2.8e-3( 5) 15e-3    3   4.0    0
  630  1.0e-2   1  5.620  2026.01.06  1,14,15  -22e-3  15,1,13  -46e-4(o)  1,15,13  2.8e-3( 5) 15e-3    3   2.0    0
  631  1.0e-2   1  5.630  2026.01.06  1,15,12  -25e-3  15,1,13  -46e-4(o)  1,15,13  2.7e-3( 5) 15e-3    3   3.0    0
  632  1.0e-2   1  5.640  2026.01.06  1,15,12  -12e-3   9,14,7  .9999 (o)  1,15,13  2.7e-3( 5) 15e-3    3   2.0    0
  633  1.0e-2   2  5.650  2026.01.06  1,15,12  -25e-3   6,13,8  1.000 (o)  1,15,13  2.7e-3( 5) 15e-3    3   5.5    0
  634  1.0e-2   1  5.660  2026.01.06  1,15,12  -97e-4  15,1,13  -46e-4(o)  1,15,13  2.7e-3( 5) 15e-3    3   1.0    0
  635  1.0e-2   1  5.670  2026.01.06  1,15,12  -24e-3  15,1,13  -46e-4(o)  1,15,13  2.7e-3( 5) 15e-3    3   3.0    0
  636  1.0e-2   1  5.680  2026.01.06  1,15,12  -12e-3  15,1,13  -46e-4(o)  1,15,13  2.7e-3( 5) 15e-3    3   2.0    0
  637  1.0e-2   1  5.690  2026.01.06  1,15,12  -23e-3  15,1,13  -46e-4(o)  1,15,13  2.7e-3( 5) 15e-3    3   3.0    0
  638  1.0e-2   1  5.700  2026.01.06  1,15,12  -11e-3   11,8,4  .9998 (o)  1,15,13  2.7e-3( 5) 15e-3    3   2.0    0
  639  1.0e-2   2  5.710  2026.01.06   6,5,15  -16e-3   11,8,5  .9999 (o)  1,15,13  2.7e-3( 5) 15e-3    3   3.5    0
  640  1.0e-2   1  5.720  2026.01.06  1,15,12  -34e-3  15,1,13  -45e-4(o)  1,15,13  2.7e-3( 5) 15e-3    3   3.0    0
1

                                     G E M   T I M E   S T E P   S U M M A R Y
                                               sanwei 30cm shale CO2
 ====================================================================================================================
     Time Step            Time                            Maximum Changes                       Mat  Cum    Solver
 ----------------- ----------------- ---------------------------------------------------------  Bal  time -----------
       Size Newton                        Pressure         Saturation         Composition       Err  step Iter/   Cum
 No.   days  cycls  Days     Date      Block     kpa     Block   Fraction   Block    Fraction    %   cuts  Cycl  Fail
 ----  ------ ---- ------ ---------- --------- ------ --------- --------- --------- ---------- ----- ---- ----- -----
  641  1.0e-2   1  5.730  2026.01.06  1,15,12  -15e-3  15,1,13  -44e-4(o)  1,15,13  2.7e-3( 5) 15e-3    3   2.0    0
  642  1.0e-2   1  5.740  2026.01.06  1,15,12  -25e-3   6,13,9  .9997 (o)  1,15,13  2.7e-3( 5) 15e-3    3   3.0    0
  643  1.0e-2   1  5.750  2026.01.06  1,15,12  -12e-3   14,6,1  .9998 (o)  1,15,13  2.6e-3( 5) 15e-3    3   2.0    0
  644  1.0e-2   1  5.760  2026.01.06  1,15,12  -23e-3  15,1,13  -42e-4(o)  1,15,13  2.6e-3( 5) 15e-3    3   3.0    0
  645  1.0e-2   1  5.770  2026.01.06   1,15,1  1.2e-2  15,1,13  -41e-4(o)  1,15,13  2.6e-3( 5) 15e-3    3   2.0    0
  646  1.0e-2   1  5.780  2026.01.06  4,15,13  -26e-3   6,10,4  .9998 (o)  1,15,14  2.6e-3( 5) 15e-3    3   3.0    0
  647  1.0e-2   1  5.790  2026.01.06  1,15,12  -11e-3   9,14,9  .9997 (o)  1,15,14  2.6e-3( 5) 15e-3    3   2.0    0
  648  1.0e-2   1  5.800  2026.01.06  1,15,12  -24e-3    2,8,7  .9999 (o)  1,15,14  2.6e-3( 5) 15e-3    3   3.0    0
  649  1.0e-2   1  5.810  2026.01.06  1,15,12  -12e-3  15,1,13  -39e-4(o)  1,15,14  2.6e-3( 5) 15e-3    3   2.0    0
  650  1.0e-2   1  5.820  2026.01.06  1,15,12  -24e-3  15,1,13  -38e-4(o)  1,15,14  2.6e-3( 5) 15e-3    3   3.0    0
  651  1.0e-2   1  5.830  2026.01.06  1,15,12  -11e-3  15,1,13  -38e-4(o)  1,15,14  2.7e-3( 5) 15e-3    3   2.0    0
  652  1.0e-2   2  5.840  2026.01.06  1,15,12  -26e-3  15,1,13  -37e-4(o)  1,15,14  2.7e-3( 5) 15e-3    3   7.0    0
  653  1.0e-2   1  5.850  2026.01.06  1,15,12  -11e-3  15,1,13  -37e-4(o)  1,15,14  2.7e-3( 5) 15e-3    3   2.0    0
  654  1.0e-2   1  5.860  2026.01.06  1,15,12  -22e-3  10,10,6  .9999 (o)  1,15,14  2.7e-3( 5) 15e-3    3   3.0    0
  655  1.0e-2   1  5.870  2026.01.06  1,15,12  -19e-3   14,6,2  .9997 (o)  1,15,14  2.7e-3( 5) 15e-3    3   3.0    0
  656  1.0e-2   2  5.880  2026.01.06  1,15,12  -17e-3  10,14,9  .9994 (o)  1,15,14  2.7e-3( 5) 15e-3    3   4.5    0
  657  1.0e-2   1  5.890  2026.01.06  1,15,12  -11e-3  15,1,13  -35e-4(o)  1,15,14  2.7e-3( 5) 15e-3    3   2.0    0
  658  1.0e-2   1  5.900  2026.01.06  1,15,12  -21e-3  15,1,13  -34e-4(o)  1,15,14  2.7e-3( 5) 15e-3    3   3.0    0
  659  1.0e-2   1  5.910  2026.01.06  1,15,12  -11e-3  10,10,4  .9996 (o)  1,15,14  2.7e-3( 5) 15e-3    3   2.0    0
  660  1.0e-2   1  5.920  2026.01.06  1,15,12  -23e-3  15,1,13  -33e-4(o)  1,15,14  2.7e-3( 5) 15e-3    3   3.0    0
1

                                     G E M   T I M E   S T E P   S U M M A R Y
                                               sanwei 30cm shale CO2
 ====================================================================================================================
     Time Step            Time                            Maximum Changes                       Mat  Cum    Solver
 ----------------- ----------------- ---------------------------------------------------------  Bal  time -----------
       Size Newton                        Pressure         Saturation         Composition       Err  step Iter/   Cum
 No.   days  cycls  Days     Date      Block     kpa     Block   Fraction   Block    Fraction    %   cuts  Cycl  Fail
 ----  ------ ---- ------ ---------- --------- ------ --------- --------- --------- ---------- ----- ---- ----- -----
  661  1.0e-2   1  5.930  2026.01.06  1,15,12  -11e-3  15,1,13  -33e-4(o)  1,15,14  2.7e-3( 5) 15e-3    3   2.0    0
  662  1.0e-2   1  5.940  2026.01.06  1,15,12  -23e-3  15,1,13  -32e-4(o)  1,15,14  2.7e-3( 5) 15e-3    3   3.0    0
  663  1.0e-2   1  5.950  2026.01.06  1,15,12  -10e-3   13,6,9  .9999 (o)  1,15,14  2.7e-3( 5) 15e-3    3   2.0    0
  664  1.0e-2   1  5.960  2026.01.06   6,1,15  -30e-3   8,14,8  1.000 (o)  1,15,14  2.7e-3( 5) 15e-3    3   3.0    0
  665  1.0e-2   1  5.970  2026.01.06  1,15,12  -11e-3   14,9,9  .9996 (o)  1,15,14  2.7e-3( 5) 15e-3    3   2.0    0
  666  1.0e-2   1  5.980  2026.01.06  1,15,12  -23e-3  10,10,5  .9999 (o)  1,15,14  2.7e-3( 5) 15e-3    3   3.0    0
  667  1.0e-2   2  5.990  2026.01.06  10,10,5  1.3e-2   1,15,1  -31e-4(o)  1,15,14  2.7e-3( 5) 15e-3    3   3.0    0
  668  1.0e-2   1  6.000  2026.01.06  1,15,12  -24e-3   1,15,1  -31e-4(o)  1,15,14  2.7e-3( 5) 15e-3    3   3.0    0
  669  1.0e-2   1  6.010  2026.01.07  1,15,12  -13e-3   1,15,1  -31e-4(o)  1,15,14  2.7e-3( 5) 15e-3    3   2.0    0
  670  1.0e-2   1  6.020  2026.01.07  1,15,13  -19e-3   1,15,1  -31e-4(o)  1,15,14  2.7e-3( 5) 15e-3    3   3.0    0
  671  1.0e-2   1  6.030  2026.01.07  1,15,12  -15e-3   1,15,1  -31e-4(o)  1,15,14  2.7e-3( 5) 15e-3    3   2.0    0
  672  1.0e-2   1  6.040  2026.01.07  1,15,12  -23e-3   8,14,9  .9996 (o)  1,15,14  2.7e-3( 5) 15e-3    3   3.0    0
  673  1.0e-2   1  6.050  2026.01.07  1,15,12  -10e-3   1,15,1  -31e-4(o)  1,15,14  2.7e-3( 5) 15e-3    3   2.0    0
  674  1.0e-2   1  6.060  2026.01.07  1,15,12  -22e-3   13,6,8  .9996 (o)  1,15,14  2.7e-3( 5) 15e-3    3   3.0    0
  675  1.0e-2   1  6.070  2026.01.07  1,15,12  -10e-3   1,15,1  -31e-4(o)  1,15,14  2.7e-3( 5) 15e-3    3   2.0    0
  676  1.0e-2   2  6.080  2026.01.07  1,15,12  -24e-3   1,15,1  -31e-4(o)  1,15,14  2.7e-3( 5) 15e-3    3   3.5    0
  677  1.0e-2   1  6.090  2026.01.07  1,15,12  -10e-3   14,9,8  .9999 (o)  1,15,14  2.7e-3( 5) 15e-3    3   2.0    0
  678  1.0e-2   1  6.100  2026.01.07  1,15,12  -20e-3   1,15,1  -31e-4(o)  1,15,14  2.7e-3( 5) 15e-3    3   3.0    0
  679  1.0e-2   2  6.110  2026.01.07  1,15,12  -18e-3  11,14,8  1.000 (o)  1,15,14  2.7e-3( 5) 15e-3    3   3.5    0
  680  1.0e-2   1  6.120  2026.01.07  1,15,12  -79e-4   1,15,1  -31e-4(o)  1,15,14  2.7e-3( 5) 15e-3    3   1.0    0
1

                                     G E M   T I M E   S T E P   S U M M A R Y
                                               sanwei 30cm shale CO2
 ====================================================================================================================
     Time Step            Time                            Maximum Changes                       Mat  Cum    Solver
 ----------------- ----------------- ---------------------------------------------------------  Bal  time -----------
       Size Newton                        Pressure         Saturation         Composition       Err  step Iter/   Cum
 No.   days  cycls  Days     Date      Block     kpa     Block   Fraction   Block    Fraction    %   cuts  Cycl  Fail
 ----  ------ ---- ------ ---------- --------- ------ --------- --------- --------- ---------- ----- ---- ----- -----
  681  1.0e-2   1  6.130  2026.01.07  1,15,12  -21e-3   1,15,1  -31e-4(o)  1,15,14  2.7e-3( 5) 15e-3    3   3.0    0
  682  1.0e-2   1  6.140  2026.01.07  1,15,12  -10e-3   1,15,1  -31e-4(o)  1,15,14  2.7e-3( 5) 15e-3    3   2.0    0
  683  1.0e-2   1  6.150  2026.01.07  1,15,12  -22e-3   1,15,1  -31e-4(o)  1,15,14  2.7e-3( 5) 15e-3    3   3.0    0
  684  1.0e-2   1  6.160  2026.01.07  1,15,12  -95e-4  14,10,8  .9995 (o)  1,15,14  2.7e-3( 5) 15e-3    3   2.0    0
  685  1.0e-2   1  6.170  2026.01.07  1,15,12  -21e-3   1,15,1  -31e-4(o)  1,15,14  2.7e-3( 5) 15e-3    3   3.0    0
  686  1.0e-2   1  6.180  2026.01.07  1,15,12  -98e-4   1,15,1  -31e-4(o)  1,15,14  2.7e-3( 5) 15e-3    3   2.0    0
  687  1.0e-2   1  6.190  2026.01.07  1,15,12  -21e-3  11,14,9  .9995 (o)  1,15,14  2.7e-3( 5) 15e-3    3   3.0    0
  688  1.0e-2   1  6.200  2026.01.07  1,15,12  -96e-4   1,15,1  -31e-4(o)  1,15,14  2.7e-3( 5) 15e-3    3   2.0    0
  689  1.0e-2   1  6.210  2026.01.07 10,10,15  -25e-3   1,15,1  -31e-4(o)  1,15,14  2.7e-3( 5) 15e-3    3   3.0    0
  690  1.0e-2   1  6.220  2026.01.07 10,10,15  2.2e-2   1,15,1  -31e-4(o)  1,15,14  2.7e-3( 5) 15e-3    3   2.0    0
  691  1.0e-2   2  6.230  2026.01.07 10,10,15  -21e-3  13,14,3  1.000 (o)  1,15,14  2.7e-3( 5) 15e-3    3   3.0    0
  692  1.0e-2   1  6.240  2026.01.07  1,15,12  -91e-4   1,15,1  -31e-4(o)  1,15,14  2.7e-3( 5) 15e-3    3   2.0    0
  693  1.0e-2   1  6.250  2026.01.07  1,15,12  -19e-3   1,15,1  -31e-4(o)  1,15,14  2.7e-3( 5) 15e-3    3   3.0    0
  694  1.0e-2   1  6.260  2026.01.07  1,15,12  -92e-4   14,8,9  .9997 (o)  1,15,14  2.7e-3( 5) 15e-3    3   2.0    0
  695  1.0e-2   1  6.270  2026.01.07  1,15,12  -19e-3   8,15,3  1.000 (o)  1,15,14  2.7e-3( 5) 15e-3    3   3.0    0
  696  1.0e-2   1  6.280  2026.01.07  1,15,12  -91e-4   1,15,1  -31e-4(o)  1,15,14  2.7e-3( 5) 15e-3    3   2.0    0
  697  1.0e-2   1  6.290  2026.01.07  1,15,12  -19e-3   1,15,1  -31e-4(o)  1,15,14  2.7e-3( 5) 15e-3    3   3.0    0
  698  1.0e-2   1  6.300  2026.01.07  13,2,15  -14e-3   1,15,1  -31e-4(o)  1,15,14  2.7e-3( 5) 15e-3    3   2.0    0
  699  1.0e-2   1  6.310  2026.01.07  13,2,15  2.1e-2   9,11,6  1.000 (o)  1,15,14  2.7e-3( 5) 15e-3    3   3.0    0
  700  1.0e-2   1  6.320  2026.01.07  1,15,12  -18e-3   1,15,1  -31e-4(o)  1,15,14  2.6e-3( 5) 15e-3    3   3.0    0
1

                                     G E M   T I M E   S T E P   S U M M A R Y
                                               sanwei 30cm shale CO2
 ====================================================================================================================
     Time Step            Time                            Maximum Changes                       Mat  Cum    Solver
 ----------------- ----------------- ---------------------------------------------------------  Bal  time -----------
       Size Newton                        Pressure         Saturation         Composition       Err  step Iter/   Cum
 No.   days  cycls  Days     Date      Block     kpa     Block   Fraction   Block    Fraction    %   cuts  Cycl  Fail
 ----  ------ ---- ------ ---------- --------- ------ --------- --------- --------- ---------- ----- ---- ----- -----
  701  1.0e-2   1  6.330  2026.01.07   9,11,6  -11e-3   1,15,1  -31e-4(o)  1,15,14  2.6e-3( 5) 15e-3    3   2.0    0
  702  1.0e-2   1  6.340  2026.01.07  1,15,12  -20e-3   1,15,1  -31e-4(o)  1,15,14  2.6e-3( 5) 15e-3    3   3.0    0
  703  1.0e-2   1  6.350  2026.01.07  1,15,12  -88e-4   7,11,4  .9997 (o)  1,15,14  2.6e-3( 5) 15e-3    3   2.0    0
  704  1.0e-2   1  6.360  2026.01.07  1,15,12  -19e-3   1,15,1  -30e-4(o)  1,15,14  2.6e-3( 5) 15e-3    3   3.0    0
  705  1.0e-2   1  6.370  2026.01.07 14,15,12  1.4e-2   1,15,1  -30e-4(o)  1,15,14  2.6e-3( 5) 15e-3    3   2.0    0
  706  1.0e-2   1  6.380  2026.01.07  1,15,12  -19e-3   6,10,6  .9997 (o)  1,15,14  2.6e-3( 5) 15e-3    3   3.0    0
  707  1.0e-2   1  6.390  2026.01.07  1,15,12  -85e-4  14,11,9  1.000 (o)  1,15,14  2.6e-3( 5) 15e-3    3   2.0    0
  708  1.0e-2   1  6.400  2026.01.07  1,15,12  -18e-3   1,15,1  -30e-4(o)  1,15,14  2.6e-3( 5) 15e-3    3   3.0    0
  709  1.0e-2   1  6.410  2026.01.07  1,15,15  4.3e-2   9,11,4  .9998 (o)  1,15,14  2.6e-3( 5) 15e-3    3   2.0    0
  710  1.0e-2   1  6.420  2026.01.07  1,15,12  -15e-3   1,15,1  -30e-4(o)  1,15,14  2.6e-3( 5) 15e-3    3   3.0    0
  711  1.0e-2   1  6.430  2026.01.07  1,15,12  -89e-4   1,15,1  -30e-4(o)  1,15,14  2.6e-3( 5) 15e-3    3   2.0    0
  712  1.0e-2   1  6.440  2026.01.07  1,15,12  -18e-3   1,15,1  -30e-4(o)  1,15,14  2.6e-3( 5) 15e-3    3   3.0    0
  713  1.0e-2   1  6.450  2026.01.07  1,15,12  -66e-4   1,15,1  -29e-4(o)  1,15,14  2.6e-3( 5) 15e-3    3   2.0    0
  714  1.0e-2   1  6.460  2026.01.07  1,15,13  -18e-3   1,15,1  -29e-4(o)  1,15,14  2.5e-3( 5) 15e-3    3   3.0    0
  715  1.0e-2   1  6.470  2026.01.07  1,15,12  -68e-4   9,15,3  .9999 (o)  1,15,14  2.5e-3( 5) 15e-3    3   2.0    0
  716  1.0e-2   1  6.480  2026.01.07  1,15,13  -18e-3   1,15,1  -29e-4(o)  1,15,14  2.5e-3( 5) 15e-3    3   3.0    0
  717  1.0e-2   1  6.490  2026.01.07 11,15,14  6.9e-3  14,11,8  .9992 (o)  1,15,14  2.5e-3( 5) 15e-3    3   2.0    0
  718  1.0e-2   1  6.500  2026.01.07  1,15,13  -16e-3  1,15,15  -29e-4(o)  1,15,14  2.5e-3( 5) 15e-3    3   3.0    0
  719  1.0e-2   1  6.510  2026.01.07  1,15,12  -89e-4   9,11,5  .9998 (o)  1,15,14  2.5e-3( 5) 15e-3    3   2.0    0
  720  1.0e-2   1  6.520  2026.01.07  15,1,14  6.1e-2  15,1,14  -29e-4(o)  1,15,14  2.5e-3( 5) 15e-3    3   3.0    0
1

                                     G E M   T I M E   S T E P   S U M M A R Y
                                               sanwei 30cm shale CO2
 ====================================================================================================================
     Time Step            Time                            Maximum Changes                       Mat  Cum    Solver
 ----------------- ----------------- ---------------------------------------------------------  Bal  time -----------
       Size Newton                        Pressure         Saturation         Composition       Err  step Iter/   Cum
 No.   days  cycls  Days     Date      Block     kpa     Block   Fraction   Block    Fraction    %   cuts  Cycl  Fail
 ----  ------ ---- ------ ---------- --------- ------ --------- --------- --------- ---------- ----- ---- ----- -----
  721  1.0e-2   1  6.530  2026.01.07  15,1,14  -32e-3  15,1,14  -30e-4(o)  1,15,14  2.5e-3( 5) 15e-3    3   3.0    0
  722  1.0e-2   1  6.540  2026.01.07  1,15,12  -92e-4  15,1,14  -30e-4(o)  1,15,14  2.5e-3( 5) 15e-3    3   2.0    0
  723  1.0e-2   1  6.550  2026.01.07  1,15,12  -18e-3   1,13,2  .9994 (o)  1,15,14  2.5e-3( 5) 15e-3    3   3.0    0
  724  1.0e-2   1  6.560  2026.01.07  8,15,14  -81e-4  15,1,14  -31e-4(o)  1,15,14  2.4e-3( 5) 15e-3    3   2.0    0
  725  1.0e-2   1  6.570  2026.01.07  1,15,13  -18e-3  15,1,14  -31e-4(o)  1,15,14  2.4e-3( 5) 15e-3    3   3.0    0
  726  1.0e-2   1  6.580  2026.01.07  1,15,12  -55e-4  15,1,14  -31e-4(o)  1,15,14  2.4e-3( 5) 15e-3    3   1.0    0
  727  1.0e-2   1  6.590  2026.01.07  1,15,14  -19e-3  15,1,14  -32e-4(o)  1,15,14  2.4e-3( 5) 15e-3    3   3.0    0
  728  1.0e-2   1  6.600  2026.01.07  1,15,12  -77e-4  15,1,14  -32e-4(o)  1,15,14  2.4e-3( 5) 15e-3    3   2.0    0
  729  1.0e-2   1  6.610  2026.01.07  1,15,13  -17e-3  15,1,14  -32e-4(o)  1,15,14  2.4e-3( 5) 15e-3    3   3.0    0
  730  1.0e-2   1  6.620  2026.01.07  1,15,12  -77e-4  15,1,14  -33e-4(o)  1,15,14  2.4e-3( 5) 15e-3    3   2.0    0
  731  1.0e-2   1  6.630  2026.01.07  1,15,12  -16e-3  15,1,14  -33e-4(o)  1,15,14  2.4e-3( 5) 15e-3    3   3.0    0
  732  1.0e-2   1  6.640  2026.01.07  1,15,12  -77e-4  15,1,14  -33e-4(o)  1,15,14  2.4e-3( 5) 15e-3    3   2.0    0
  733  1.0e-2   1  6.650  2026.01.07  1,15,14  -17e-3  15,1,14  -33e-4(o)  1,15,14  2.4e-3( 5) 15e-3    3   3.0    0
  734  1.0e-2   1  6.660  2026.01.07  15,1,12  -91e-4   7,15,3  .9999 (o)  1,15,14  2.3e-3( 5) 15e-3    3   2.0    0
  735  1.0e-2   1  6.670  2026.01.07  1,15,14  -17e-3  15,1,14  -34e-4(o)  1,15,14  2.3e-3( 5) 15e-3    3   3.0    0
  736  1.0e-2   1  6.680  2026.01.07  1,15,12  -71e-4   7,14,7  .9997 (o)  1,15,14  2.3e-3( 5) 15e-3    3   2.0    0
  737  1.0e-2   1  6.690  2026.01.07  1,15,14  -17e-3  15,1,14  -34e-4(o)  1,15,14  2.3e-3( 5) 15e-3    3   3.0    0
  738  1.0e-2   1  6.700  2026.01.07  1,15,12  -71e-4   14,7,3  1.000 (o)  1,15,14  2.3e-3( 5) 15e-3    3   2.0    0
  739  1.0e-2   1  6.710  2026.01.07  1,15,14  -17e-3   14,9,7  .9997 (o)  1,15,14  2.3e-3( 5) 15e-3    3   3.0    0
  740  1.0e-2   1  6.720  2026.01.07   7,6,10  -91e-4  14,12,3  .9988 (o)  1,15,14  2.3e-3( 5) 15e-3    3   2.0    0
1

                                     G E M   T I M E   S T E P   S U M M A R Y
                                               sanwei 30cm shale CO2
 ====================================================================================================================
     Time Step            Time                            Maximum Changes                       Mat  Cum    Solver
 ----------------- ----------------- ---------------------------------------------------------  Bal  time -----------
       Size Newton                        Pressure         Saturation         Composition       Err  step Iter/   Cum
 No.   days  cycls  Days     Date      Block     kpa     Block   Fraction   Block    Fraction    %   cuts  Cycl  Fail
 ----  ------ ---- ------ ---------- --------- ------ --------- --------- --------- ---------- ----- ---- ----- -----
  741  1.0e-2   1  6.730  2026.01.07  1,15,14  -17e-3   4,12,7  .9999 (o)  1,15,14  2.3e-3( 5) 15e-3    3   3.0    0
  742  1.0e-2   1  6.740  2026.01.07 15,15,11  -17e-3  15,1,14  -35e-4(o)  1,15,14  2.3e-3( 5) 15e-3    3   2.0    0
  743  1.0e-2   1  6.750  2026.01.07  1,15,14  -17e-3  9,10,10  .9998 (o)  1,15,14  2.3e-3( 5) 15e-3    3   3.0    0
  744  1.0e-2   1  6.760  2026.01.07   6,7,10  9.9e-3   11,9,6  .9997 (o)  1,15,14  2.2e-3( 5) 15e-3    3   1.0    0
  745  1.0e-2   1  6.770  2026.01.07  1,15,14  -19e-3  10,15,3  .9999 (o)  1,15,14  2.2e-3( 5) 15e-3    3   3.0    0
  746  1.0e-2   1  6.780  2026.01.07  1,15,12  -71e-4  15,1,14  -35e-4(o)  1,15,14  2.2e-3( 5) 15e-3    3   2.0    0
  747  1.0e-2   1  6.790  2026.01.07  1,15,14  -17e-3  15,1,14  -35e-4(o)  1,15,14  2.2e-3( 5) 15e-3    3   3.0    0
  748  1.0e-2   1  6.800  2026.01.07  1,15,12  -47e-4  15,1,14  -35e-4(o)  1,15,14  2.2e-3( 5) 15e-3    3   1.0    0
  749  1.0e-2   1  6.810  2026.01.07  1,15,14  -19e-3  15,1,14  -35e-4(o)  1,15,14  2.2e-3( 5) 15e-3    3   3.0    0
  750  1.0e-2   1  6.820  2026.01.07  1,15,12  -47e-4  15,1,14  -35e-4(o)  1,15,14  2.2e-3( 5) 15e-3    3   1.0    0
  751  1.0e-2   1  6.830  2026.01.07  1,15,14  -19e-3   7,11,5  .9999 (o)  1,15,14  2.2e-3( 5) 15e-3    3   3.0    0
  752  1.0e-2   1  6.840  2026.01.07   7,11,5  1.1e-2  15,1,14  -35e-4(o)  1,15,14  2.2e-3( 5) 15e-3    3   2.0    0
  753  1.0e-2   1  6.850  2026.01.07  1,15,14  -16e-3  15,1,14  -35e-4(o)  1,15,14  2.1e-3( 5) 15e-3    3   3.0    0
  754  1.0e-2   1  6.860  2026.01.07  1,15,12  -45e-4  15,1,14  -35e-4(o)  1,15,14  2.1e-3( 5) 15e-3    3   1.0    0
  755  1.0e-2   1  6.870  2026.01.07  1,15,14  -18e-3  15,1,14  -35e-4(o)  1,15,14  2.1e-3( 5) 15e-3    3   3.0    0
  756  1.0e-2   1  6.880  2026.01.07  1,15,12  -45e-4   11,9,4  .9997 (o)  1,15,14  2.1e-3( 5) 15e-3    3   1.0    0
  757  1.0e-2   2  6.890  2026.01.07  1,15,14  -19e-3   11,9,5  .9999 (o)  1,15,14  2.1e-3( 5) 15e-3    3   3.5    0
  758  1.0e-2   1  6.900  2026.01.07  1,15,12  -45e-4  15,1,14  -35e-4(o)  1,15,14  2.1e-3( 5) 15e-3    3   1.0    0
  759  1.0e-2   1  6.910  2026.01.07  1,15,14  -99e-4  15,1,14  -35e-4(o)  1,15,14  2.1e-3( 5) 15e-3    3   2.0    0
  760  1.0e-2   1  6.920  2026.01.07  1,15,14  -17e-3  15,1,14  -35e-4(o)  1,15,14  2.1e-3( 5) 15e-3    3   3.0    0
1

                                     G E M   T I M E   S T E P   S U M M A R Y
                                               sanwei 30cm shale CO2
 ====================================================================================================================
     Time Step            Time                            Maximum Changes                       Mat  Cum    Solver
 ----------------- ----------------- ---------------------------------------------------------  Bal  time -----------
       Size Newton                        Pressure         Saturation         Composition       Err  step Iter/   Cum
 No.   days  cycls  Days     Date      Block     kpa     Block   Fraction   Block    Fraction    %   cuts  Cycl  Fail
 ----  ------ ---- ------ ---------- --------- ------ --------- --------- --------- ---------- ----- ---- ----- -----
  761  1.0e-2   1  6.930  2026.01.07  1,15,12  -42e-4  15,1,14  -35e-4(o)  1,15,14  2.0e-3( 5) 15e-3    3   1.0    0
  762  1.0e-2   1  6.940  2026.01.07  1,15,14  -17e-3   7,11,6  .9998 (o)  1,15,14  2.0e-3( 5) 15e-3    3   3.0    0
  763  1.0e-2   1  6.950  2026.01.07   7,11,6  8.3e-3  15,1,14  -35e-4(o)  1,15,14  2.0e-3( 5) 15e-3    3   1.0    0
  764  1.0e-2   1  6.960  2026.01.07  1,15,12  -94e-4  15,1,14  -35e-4(o)  1,15,15  2.0e-3( 5) 15e-3    3   2.0    0
  765  1.0e-2   1  6.970  2026.01.07  1,15,14  -19e-3  15,1,14  -35e-4(o)  1,15,15  2.0e-3( 5) 15e-3    3   3.0    0
  766  1.0e-2   1  6.980  2026.01.07  1,15,12  -43e-4  15,1,14  -35e-4(o)  1,15,15  2.0e-3( 5) 15e-3    3   1.0    0
  767  1.0e-2   1  6.990  2026.01.07  3,15,15  -89e-4  15,1,14  -35e-4(o)  1,15,15  2.0e-3( 5) 15e-3    3   2.0    0
  768w 1.0e-2   1  7.000  2026.01.08  1,15,14  -18e-3   7,14,9  .9997 (o)  1,15,15  2.0e-3( 5) 15e-3    3   3.0    0
  769  1.0e-2   1  7.010  2026.01.08  1,15,12  -47e-4  15,1,14  -35e-4(o)  1,15,15  2.0e-3( 5) 15e-3    3   1.0    0
  770  1.0e-2   1  7.020  2026.01.08  1,15,14  -97e-4  15,1,14  -35e-4(o)  1,15,15  2.0e-3( 5) 15e-3    3   2.0    0
  771  1.0e-2   1  7.030  2026.01.08  1,15,14  -17e-3  15,1,14  -35e-4(o)  1,15,15  2.0e-3( 5) 15e-3    3   3.0    0
  772  1.0e-2   1  7.040  2026.01.08  1,15,12  -40e-4  15,1,14  -35e-4(o)  1,15,15  2.0e-3( 5) 15e-3    3   1.0    0
  773  1.0e-2   1  7.050  2026.01.08  1,15,14  -94e-4  15,1,14  -35e-4(o)  1,15,15  2.0e-3( 5) 15e-3    3   2.0    0
  774  1.0e-2   1  7.060  2026.01.08  1,15,14  -91e-4  15,1,14  -35e-4(o)  1,15,15  2.0e-3( 5) 15e-3    3   2.0    0
  775  1.0e-2   1  7.070  2026.01.08   6,8,15  -34e-3   4,12,8  .9997 (o)  1,15,15  2.0e-3( 5) 15e-3    3   3.0    0
  776  1.0e-2   1  7.080  2026.01.08  8,10,15  -13e-3  15,1,14  -35e-4(o)  1,15,15  2.0e-3( 5) 15e-3    3   2.0    0
  777  1.0e-2   1  7.090  2026.01.08  1,15,14  -82e-4  15,1,14  -35e-4(o)  1,15,15  2.0e-3( 5) 15e-3    3   2.0    0
  778  1.0e-2   1  7.100  2026.01.08  1,15,14  -83e-4  12,14,7  .9998 (o)  1,15,15  2.0e-3( 5) 15e-3    3   2.0    0
  779  1.0e-2   1  7.110  2026.01.08 10,11,15  -23e-3   6,15,3  .9990 (o)  1,15,15  2.0e-3( 5) 15e-3    3   3.0    0
  780  1.0e-2   1  7.120  2026.01.08  12,14,7  -58e-4  15,1,14  -33e-4(o)  1,15,15  2.0e-3( 5) 15e-3    3   1.0    0
1

                                     G E M   T I M E   S T E P   S U M M A R Y
                                               sanwei 30cm shale CO2
 ====================================================================================================================
     Time Step            Time                            Maximum Changes                       Mat  Cum    Solver
 ----------------- ----------------- ---------------------------------------------------------  Bal  time -----------
       Size Newton                        Pressure         Saturation         Composition       Err  step Iter/   Cum
 No.   days  cycls  Days     Date      Block     kpa     Block   Fraction   Block    Fraction    %   cuts  Cycl  Fail
 ----  ------ ---- ------ ---------- --------- ------ --------- --------- --------- ---------- ----- ---- ----- -----
  781  1.0e-2   1  7.130  2026.01.08  1,15,14  -16e-3   8,7,12  1.000 (o)  1,15,15  2.0e-3( 5) 15e-3    3   3.0    0
  782  1.0e-2   1  7.140  2026.01.08   8,7,12  1.2e-2  14,11,7  .9992 (o)  1,15,15  2.0e-3( 5) 15e-3    3   1.0    0
  783  1.0e-2   1  7.150  2026.01.08  1,15,14  -16e-3   14,8,7  .9997 (o)  1,15,15  2.0e-3( 5) 15e-3    3   3.0    0
  784  1.0e-2   1  7.160  2026.01.08  15,1,12  -34e-4  15,1,14  -32e-4(o)  1,15,15  2.0e-3( 5) 15e-3    3   1.0    0
  785  1.0e-2   1  7.170  2026.01.08  1,15,14  -16e-3  10,7,10  .9998 (o)  1,15,15  2.0e-3( 5) 15e-3    3   3.0    0
  786  1.0e-2   2  7.180  2026.01.08  1,11,14  -13e-3  15,1,14  -31e-4(o)  1,15,15  2.0e-3( 5) 15e-3    3   5.0    0
  787  1.0e-2   1  7.190  2026.01.08   11,1,4  -48e-4  15,1,14  -31e-4(o)  1,15,15  2.0e-3( 5) 15e-3    3   1.0    0
  788  1.0e-2   1  7.200  2026.01.08  1,15,14  -77e-4  15,1,14  -31e-4(o)  1,15,15  2.0e-3( 5) 15e-3    3   2.0    0
  789  1.0e-2   1  7.210  2026.01.08  1,15,14  -17e-3  15,1,14  -31e-4(o)  1,15,15  2.0e-3( 5) 15e-3    3   3.0    0
  790  1.0e-2   1  7.220  2026.01.08  15,1,12  -37e-4   3,11,7  .9996 (o)  1,15,15  2.0e-3( 5) 15e-3    3   1.0    0
  791  1.0e-2   1  7.230  2026.01.08  1,15,14  -16e-3  15,1,14  -30e-4(o)  1,15,15  2.0e-3( 5) 15e-3    3   3.0    0
  792  1.0e-2   1  7.240  2026.01.08  15,1,12  -37e-4  15,1,14  -30e-4(o)  1,15,15  2.0e-3( 5) 15e-3    3   1.0    0
  793  1.0e-2   1  7.250  2026.01.08  1,15,14  -16e-3  12,14,9  .9999 (o)  1,15,15  2.0e-3( 5) 15e-3    3   3.0    0
  794  1.0e-2   1  7.260  2026.01.08  15,1,12  -44e-4   4,12,9  .9997 (o)  1,15,15  2.0e-3( 5) 15e-3    3   1.0    0
  795  1.0e-2   1  7.270  2026.01.08  1,15,14  -16e-3  1,15,15  -29e-4(o)  1,15,15  2.0e-3( 5) 15e-3    3   3.0    0
  796  1.0e-2   1  7.280  2026.01.08   1,8,15  -33e-4   14,7,9  1.000 (o)  1,15,15  2.0e-3( 5) 15e-3    3   1.0    0
  797  1.0e-2   1  7.290  2026.01.08  1,15,14  -16e-3  1,15,15  -29e-4(o)  1,15,15  2.0e-3( 5) 15e-3    3   3.0    0
  798  1.0e-2   1  7.300  2026.01.08   1,8,15  -47e-4  1,15,15  -29e-4(o)  1,15,15  2.0e-3( 5) 15e-3    3   2.0    0
  799  1.0e-2   1  7.310  2026.01.08  1,15,14  -75e-4  1,15,15  -28e-4(o)  1,15,15  2.0e-3( 5) 15e-3    3   2.0    0
  800  1.0e-2   1  7.320  2026.01.08   15,2,6  5.5e-2  1,15,15  -28e-4(o)  1,15,15  2.0e-3( 5) 15e-3    3   3.0    0
1

                                     G E M   T I M E   S T E P   S U M M A R Y
                                               sanwei 30cm shale CO2
 ====================================================================================================================
     Time Step            Time                            Maximum Changes                       Mat  Cum    Solver
 ----------------- ----------------- ---------------------------------------------------------  Bal  time -----------
       Size Newton                        Pressure         Saturation         Composition       Err  step Iter/   Cum
 No.   days  cycls  Days     Date      Block     kpa     Block   Fraction   Block    Fraction    %   cuts  Cycl  Fail
 ----  ------ ---- ------ ---------- --------- ------ --------- --------- --------- ---------- ----- ---- ----- -----
  801  1.0e-2   1  7.330  2026.01.08   14,1,6  -16e-3  1,15,15  -28e-4(o)  1,15,15  2.0e-3( 5) 15e-3    3   2.0    0
  802  1.0e-2   1  7.340  2026.01.08   14,3,6  -17e-3  1,15,15  -28e-4(o)  1,15,15  2.0e-3( 5) 15e-3    3   3.0    0
  803  1.0e-2   1  7.350  2026.01.08   14,3,6  6.8e-3  1,15,15  -28e-4(o)  1,15,15  2.0e-3( 5) 15e-3    3   2.0    0
  804  1.0e-2   1  7.360  2026.01.08  1,15,14  -68e-4  10,9,11  1.000 (o)  1,15,15  2.0e-3( 5) 15e-3    3   2.0    0
  805  1.0e-2   1  7.370  2026.01.08  1,15,15  -19e-3  1,15,15  -27e-4(o)  1,15,15  2.0e-3( 5) 15e-3    3   3.0    0
  806  1.0e-2   1  7.380  2026.01.08   7,6,11  -18e-3   7,8,12  .9998 (o)  1,15,15  2.0e-3( 5) 15e-3    3   2.0    0
  807  1.0e-2   1  7.390  2026.01.08  1,14,15  -15e-3  9,10,11  .9997 (o)  1,15,15  2.0e-3( 5) 15e-3    3   3.0    0
  808  1.0e-2   1  7.400  2026.01.08  9,10,11  9.6e-3  1,15,15  -27e-4(o)  1,15,15  2.0e-3( 5) 15e-3    3   1.0    0
  809  1.0e-2   1  7.410  2026.01.08  9,11,15  -19e-3  1,15,15  -27e-4(o)  1,15,15  2.0e-3( 5) 15e-3    3   3.0    0
  810  1.0e-2   1  7.420  2026.01.08  15,1,12  -34e-4   12,4,3  .9999 (o)  1,15,15  2.0e-3( 5) 15e-3    3   1.0    0
  811  1.0e-2   1  7.430  2026.01.08  1,14,15  -15e-3  1,15,15  -26e-4(o)  1,15,15  2.0e-3( 5) 15e-3    3   3.0    0
  812  1.0e-2   1  7.440  2026.01.08  15,1,12  -33e-4  1,15,15  -26e-4(o)  1,15,15  2.0e-3( 5) 15e-3    3   1.0    0
  813  1.0e-2   1  7.450  2026.01.08  1,15,14  -17e-3  7,10,10  .9998 (o)  1,15,15  2.0e-3( 5) 15e-3    3   3.0    0
  814  1.0e-2   1  7.460  2026.01.08   6,9,10  7.8e-3  1,15,15  -26e-4(o)  1,15,15  2.0e-3( 5) 15e-3    3   1.0    0
  815  1.0e-2   1  7.470  2026.01.08  2,15,15  -87e-4  1,15,15  -26e-4(o)  1,15,15  2.0e-3( 5) 15e-3    3   2.0    0
  816  1.0e-2   1  7.480  2026.01.08  1,14,15  -17e-3   14,7,8  .9998 (o)  1,15,15  2.0e-3( 5) 15e-3    3   3.0    0
  817  1.0e-2   1  7.490  2026.01.08   1,1,15  2.8e-2  1,15,15  -26e-4(o)  1,15,15  2.0e-3( 5) 15e-3    3   2.0    0
  818  1.0e-2   2  7.500  2026.01.08  7,10,15  -17e-3  14,12,9  .9999 (o)  1,15,15  2.0e-3( 5) 15e-3    3   4.5    0
  819  1.0e-2   1  7.510  2026.01.08  15,1,12  -32e-4  1,15,15  -25e-4(o)  1,15,15  2.0e-3( 5) 15e-3    3   1.0    0
  820  1.0e-2   1  7.520  2026.01.08  1,14,15  -79e-4  1,15,15  -25e-4(o)  1,15,15  2.0e-3( 5) 15e-3    3   2.0    0
1

                                     G E M   T I M E   S T E P   S U M M A R Y
                                               sanwei 30cm shale CO2
 ====================================================================================================================
     Time Step            Time                            Maximum Changes                       Mat  Cum    Solver
 ----------------- ----------------- ---------------------------------------------------------  Bal  time -----------
       Size Newton                        Pressure         Saturation         Composition       Err  step Iter/   Cum
 No.   days  cycls  Days     Date      Block     kpa     Block   Fraction   Block    Fraction    %   cuts  Cycl  Fail
 ----  ------ ---- ------ ---------- --------- ------ --------- --------- --------- ---------- ----- ---- ----- -----
  821  1.0e-2   1  7.530  2026.01.08  1,14,15  -82e-4  1,15,15  -25e-4(o)  1,15,15  2.0e-3( 5) 15e-3    3   2.0    0
  822  1.0e-2   1  7.540  2026.01.08  1,14,15  -15e-3  1,15,15  -25e-4(o)  1,15,15  2.0e-3( 5) 15e-3    3   3.0    0
  823  1.0e-2   1  7.550  2026.01.08  15,1,12  -32e-4  1,15,15  -25e-4(o)  1,15,15  2.0e-3( 5) 15e-3    3   1.0    0
  824  1.0e-2   1  7.560  2026.01.08  1,14,15  -91e-4  1,15,15  -24e-4(o)  1,15,15  2.0e-3( 5) 15e-3    3   2.0    0
  825  1.0e-2   1  7.570  2026.01.08  1,14,15  -85e-4  1,15,15  -24e-4(o)  1,15,15  2.0e-3( 5) 15e-3    3   2.0    0
  826  1.0e-2   1  7.580  2026.01.08  1,14,15  -15e-3  1,15,15  -24e-4(o)  1,15,15  2.0e-3( 5) 15e-3    3   3.0    0
  827  1.0e-2   1  7.590  2026.01.08  15,1,12  -31e-4   12,3,1  1.000 (o)  1,15,15  2.0e-3( 5) 15e-3    3   1.0    0
  828  1.0e-2   1  7.600  2026.01.08  2,15,15  -75e-4  1,15,15  -24e-4(o)  1,15,15  2.0e-3( 5) 15e-3    3   2.0    0
  829  1.0e-2   1  7.610  2026.01.08  1,14,15  -16e-3   5,13,8  .9999 (o)  1,15,15  2.0e-3( 5) 15e-3    3   3.0    0
  830  1.0e-2   1  7.620  2026.01.08  15,1,12  -31e-4  1,15,15  -24e-4(o)  1,15,15  2.0e-3( 5) 15e-3    3   1.0    0
  831  1.0e-2   1  7.630  2026.01.08  2,15,15  -88e-4  1,15,15  -23e-4(o)  1,15,15  2.0e-3( 5) 15e-3    3   2.0    0
  832  1.0e-2   1  7.640  2026.01.08  2,15,15  -87e-4  1,15,15  -23e-4(o)  1,15,15  2.0e-3( 5) 15e-3    3   2.0    0
  833  1.0e-2   1  7.650  2026.01.08  2,15,15  -85e-4  1,15,15  -23e-4(o)  1,15,15  1.9e-3( 5) 15e-3    3   2.0    0
  834  1.0e-2   1  7.660  2026.01.08  1,14,15  -86e-4   12,4,9  .9997 (o)  1,15,15  1.9e-3( 5) 15e-3    3   2.0    0
  835  1.0e-2   1  7.670  2026.01.08  1,15,14  -84e-4  1,15,15  -23e-4(o)  1,15,15  1.9e-3( 5) 15e-3    3   2.0    0
  836  1.0e-2   1  7.680  2026.01.08  1,15,14  -15e-3  1,15,15  -23e-4(o)  1,15,15  1.9e-3( 5) 15e-3    3   3.0    0
  837  1.0e-2   1  7.690  2026.01.08  15,1,12  -30e-4   13,5,3  .9998 (o)  1,15,15  1.9e-3( 5) 15e-3    3   1.0    0
  838  1.0e-2   1  7.700  2026.01.08  2,15,15  -70e-4  1,15,15  -22e-4(o)  1,15,15  1.9e-3( 5) 15e-3    3   2.0    0
  839  1.0e-2   1  7.710  2026.01.08  1,15,13  -19e-3  1,15,15  -22e-4(o)  1,15,15  1.9e-3( 5) 15e-3    3   3.0    0
  840  1.0e-2   1  7.720  2026.01.08  15,1,12  -30e-4  10,7,11  .9998 (o)  1,15,15  1.9e-3( 5) 15e-3    3   1.0    0
1

                                     G E M   T I M E   S T E P   S U M M A R Y
                                               sanwei 30cm shale CO2
 ====================================================================================================================
     Time Step            Time                            Maximum Changes                       Mat  Cum    Solver
 ----------------- ----------------- ---------------------------------------------------------  Bal  time -----------
       Size Newton                        Pressure         Saturation         Composition       Err  step Iter/   Cum
 No.   days  cycls  Days     Date      Block     kpa     Block   Fraction   Block    Fraction    %   cuts  Cycl  Fail
 ----  ------ ---- ------ ---------- --------- ------ --------- --------- --------- ---------- ----- ---- ----- -----
  841  1.0e-2   1  7.730  2026.01.08  10,7,11  1.3e-2  1,15,15  -22e-4(o)  1,15,15  1.9e-3( 5) 15e-3    3   2.0    0
  842  1.0e-2   1  7.740  2026.01.08  1,14,15  -16e-3  1,15,15  -22e-4(o)  1,15,15  1.9e-3( 5) 15e-3    3   3.0    0
  843  1.0e-2   1  7.750  2026.01.08  15,1,12  -29e-4  1,15,15  -21e-4(o)  1,15,15  1.9e-3( 5) 15e-3    3   1.0    0
  844  1.0e-2   1  7.760  2026.01.08  1,15,15  -94e-4  1,15,15  -21e-4(o)  1,15,15  1.9e-3( 5) 15e-3    3   2.0    0
  845  1.0e-2   1  7.770  2026.01.08  1,15,15  -92e-4  1,15,15  -21e-4(o)  1,15,15  1.9e-3( 5) 15e-3    3   2.0    0
  846  1.0e-2   1  7.780  2026.01.08  1,15,15  -90e-4  1,15,15  -21e-4(o)  1,15,15  1.9e-3( 5) 15e-3    3   2.0    0
  847  1.0e-2   1  7.790  2026.01.08  1,15,15  -92e-4  1,15,15  -21e-4(o)  1,15,15  1.9e-3( 5) 15e-3    3   2.0    0
  848  1.0e-2   1  7.800  2026.01.08  1,15,15  -91e-4  1,15,15  -21e-4(o)  1,15,15  1.9e-3( 5) 15e-3    3   2.0    0
  849  1.0e-2   1  7.810  2026.01.08  1,15,15  -91e-4  1,15,15  -21e-4(o)  1,15,15  1.9e-3( 5) 15e-3    3   2.0    0
  850  1.0e-2   1  7.820  2026.01.08  1,15,15  -90e-4   3,11,9  .9998 (o)  1,15,15  1.9e-3( 5) 15e-3    3   2.0    0
  851  1.0e-2   1  7.830  2026.01.08  1,15,15  -87e-4  1,15,15  -20e-4(o)  1,15,15  1.9e-3( 5) 15e-3    3   2.0    0
  852  1.0e-2   1  7.840  2026.01.08  1,15,15  -89e-4  1,15,15  -20e-4(o)  1,15,15  1.9e-3( 5) 15e-3    3   2.0    0
  853  1.0e-2   1  7.850  2026.01.08  1,15,15  -89e-4  14,13,3  .9992 (o)  1,15,15  1.9e-3( 5) 15e-3    3   2.0    0
  854  1.0e-2   1  7.860  2026.01.08  1,15,15  -88e-4  1,15,15  -20e-4(o)  1,15,15  1.9e-3( 5) 15e-3    3   2.0    0
  855  1.0e-2   1  7.870  2026.01.08  1,15,15  -85e-4  1,15,15  -20e-4(o)  1,15,15  1.9e-3( 5) 15e-3    3   2.0    0
  856  1.0e-2   2  7.880  2026.01.08  1,15,15  -16e-3   5,15,3  .9991 (o)  1,15,15  1.9e-3( 5) 15e-3    3   5.0    0
  857  1.0e-2   1  7.890  2026.01.08  1,15,15  -29e-4  1,15,15  -20e-4(o)  1,15,15  1.9e-3( 5) 15e-3    3   1.0    0
  858  1.0e-2   1  7.900  2026.01.08  1,15,15  -80e-4   13,4,2  .9997 (o)  1,15,15  1.9e-3( 5) 15e-3    3   2.0    0
  859  1.0e-2   1  7.910  2026.01.08  1,15,15  -81e-4  1,15,15  -19e-4(o)  1,15,15  1.8e-3( 5) 15e-3    3   2.0    0
  860  1.0e-2   1  7.920  2026.01.08  1,15,15  -84e-4  1,15,15  -19e-4(o)  1,15,15  1.8e-3( 5) 15e-3    3   2.0    0
1

                                     G E M   T I M E   S T E P   S U M M A R Y
                                               sanwei 30cm shale CO2
 ====================================================================================================================
     Time Step            Time                            Maximum Changes                       Mat  Cum    Solver
 ----------------- ----------------- ---------------------------------------------------------  Bal  time -----------
       Size Newton                        Pressure         Saturation         Composition       Err  step Iter/   Cum
 No.   days  cycls  Days     Date      Block     kpa     Block   Fraction   Block    Fraction    %   cuts  Cycl  Fail
 ----  ------ ---- ------ ---------- --------- ------ --------- --------- --------- ---------- ----- ---- ----- -----
  861  1.0e-2   1  7.930  2026.01.08  1,15,15  -84e-4  10,11,6  .9999 (o)  1,15,15  1.8e-3( 5) 15e-3    3   2.0    0
  862  1.0e-2   1  7.940  2026.01.08  2,14,14  -21e-3   12,4,8  .9998 (o)  1,15,15  1.8e-3( 5) 15e-3    3   3.0    0
  863  1.0e-2   1  7.950  2026.01.08  10,11,6  -10e-3  1,15,15  -19e-4(o)  1,15,15  1.8e-3( 5) 15e-3    3   2.0    0
  864  1.0e-2   1  7.960  2026.01.08  2,14,14  -90e-4  1,15,15  -19e-4(o)  1,15,15  1.8e-3( 5) 15e-3    3   2.0    0
  865  1.0e-2   1  7.970  2026.01.08  1,15,15  -89e-4  1,15,15  -19e-4(o)  1,15,15  1.8e-3( 5) 15e-3    3   2.0    0
  866  1.0e-2   1  7.980  2026.01.08  5,15,15  -56e-4  1,15,15  -19e-4(o)  1,15,15  1.8e-3( 5) 15e-3    3   2.0    0
  867  1.0e-2   1  7.990  2026.01.08  1,13,14  -24e-3  1,15,15  -19e-4(o)  1,15,15  1.8e-3( 5) 15e-3    3   3.0    0
  868  1.0e-2   1  8.000  2026.01.08  1,13,14  3.2e-3  1,15,15  -18e-4(o)  1,15,15  1.8e-3( 5) 15e-3    3   1.0    0
  869  1.0e-2   1  8.010  2026.01.09  1,15,15  -76e-4  1,15,15  -18e-4(o)  1,15,15  1.8e-3( 5) 15e-3    3   2.0    0
  870  1.0e-2   1  8.020  2026.01.09  1,15,15  -84e-4  1,15,15  -18e-4(o)  1,15,15  1.8e-3( 5) 15e-3    3   2.0    0
  871  1.0e-2   1  8.030  2026.01.09  1,15,15  -82e-4  1,15,15  -18e-4(o)  1,15,15  1.8e-3( 5) 15e-3    3   2.0    0
  872  1.0e-2   1  8.040  2026.01.09  1,15,15  -84e-4   10,6,6  .9998 (o)  1,15,15  1.8e-3( 5) 15e-3    3   2.0    0
  873  1.0e-2   1  8.050  2026.01.09  1,15,15  -81e-4  1,15,15  -18e-4(o)  1,15,15  1.8e-3( 5) 15e-3    3   2.0    0
  874  1.0e-2   1  8.060  2026.01.09  1,15,15  -83e-4  1,15,15  -18e-4(o)  1,15,15  1.8e-3( 5) 15e-3    3   2.0    0
  875  1.0e-2   1  8.070  2026.01.09  1,15,15  -76e-4  1,15,15  -18e-4(o)  1,15,15  1.8e-3( 5) 15e-3    3   2.0    0
  876  1.0e-2   1  8.080  2026.01.09  1,15,15  -82e-4  1,15,15  -18e-4(o)  1,15,15  1.8e-3( 5) 15e-3    3   2.0    0
  877  1.0e-2   1  8.090  2026.01.09   15,4,6  2.1e-2  1,15,15  -17e-4(o)  1,15,15  1.8e-3( 5) 15e-3    3   3.0    0
  878  1.0e-2   1  8.100  2026.01.09   15,4,6  -45e-3  1,15,15  -17e-4(o)  1,15,15  1.8e-3( 5) 15e-3    3   2.0    0
  879  1.0e-2   1  8.110  2026.01.09   15,4,6  2.0e-2  1,15,15  -17e-4(o)  1,15,15  1.8e-3( 5) 15e-3    3   2.0    0
  880  1.0e-2   1  8.120  2026.01.09  1,15,15  -92e-4  1,15,15  -17e-4(o)  1,15,15  1.8e-3( 5) 15e-3    3   2.0    0
1

                                     G E M   T I M E   S T E P   S U M M A R Y
                                               sanwei 30cm shale CO2
 ====================================================================================================================
     Time Step            Time                            Maximum Changes                       Mat  Cum    Solver
 ----------------- ----------------- ---------------------------------------------------------  Bal  time -----------
       Size Newton                        Pressure         Saturation         Composition       Err  step Iter/   Cum
 No.   days  cycls  Days     Date      Block     kpa     Block   Fraction   Block    Fraction    %   cuts  Cycl  Fail
 ----  ------ ---- ------ ---------- --------- ------ --------- --------- --------- ---------- ----- ---- ----- -----
  881  1.0e-2   1  8.130  2026.01.09  9,12,15  -84e-4  1,15,15  -17e-4(o)  1,15,15  1.7e-3( 5) 15e-3    3   2.0    0
  882  1.0e-2   1  8.140  2026.01.09  1,15,15  -83e-4   14,5,1  .9997 (o)  1,15,15  1.7e-3( 5) 15e-3    3   2.0    0
  883  1.0e-2   1  8.150  2026.01.09  1,15,15  -62e-4  1,15,15  -17e-4(o)  1,15,15  1.7e-3( 5) 15e-3    3   2.0    0
  884  1.0e-2   2  8.160  2026.01.09  1,15,15  -15e-3  1,15,15  -17e-4(o)  1,15,15  1.7e-3( 5) 15e-3    3   7.0    0
  885  1.0e-2   1  8.170  2026.01.09   13,2,5  -53e-4  7,10,11  1.000 (o)  1,15,15  1.7e-3( 5) 15e-3    3   1.0    0
  886  1.0e-2   1  8.180  2026.01.09  7,10,11  2.1e-2  1,15,15  -16e-4(o)  1,15,15  1.7e-3( 5) 15e-3    3   2.0    0
  887  1.0e-2   1  8.190  2026.01.09  7,10,11  -18e-3  1,15,15  -16e-4(o)  1,15,15  1.7e-3( 5) 15e-3    3   2.0    0
  888  1.0e-2   1  8.200  2026.01.09  1,15,15  -87e-4   8,12,4  .9998 (o)  1,15,15  1.7e-3( 5) 15e-3    3   2.0    0
  889  1.0e-2   1  8.210  2026.01.09  1,15,15  -77e-4   10,6,5  .9998 (o)  1,15,15  1.7e-3( 5) 15e-3    3   2.0    0
  890  1.0e-2   1  8.220  2026.01.09   10,6,5  7.5e-3  1,15,15  -16e-4(o)  1,15,15  1.7e-3( 5) 15e-3    3   2.0    0
  891  1.0e-2   1  8.230  2026.01.09  1,15,15  -80e-4  11,8,10  .9999 (o)  1,15,15  1.7e-3( 5) 15e-3    3   2.0    0
  892  1.0e-2   1  8.240  2026.01.09  11,10,6  1.1e-2  1,15,15  -16e-4(o)  1,15,15  1.7e-3( 5) 15e-3    3   2.0    0
  893  1.0e-2   1  8.250  2026.01.09  1,15,15  -82e-4   13,5,9  .9998 (o)  1,15,15  1.7e-3( 5) 15e-3    3   2.0    0
  894  1.0e-2   1  8.260  2026.01.09  1,15,15  -77e-4  10,11,5  .9998 (o)  1,15,15  1.7e-3( 5) 15e-3    3   2.0    0
  895  1.0e-2   1  8.270  2026.01.09  10,11,5  1.1e-2   5,10,4  .9999 (o)  1,15,15  1.7e-3( 5) 15e-3    3   2.0    0
  896  1.0e-2   1  8.280  2026.01.09   5,10,4  1.2e-2   8,12,6  .9999 (o)  1,15,15  1.7e-3( 5) 15e-3    3   2.0    0
  897  1.0e-2   1  8.290  2026.01.09  1,15,15  -14e-3  1,15,15  -15e-4(o)  1,15,15  1.7e-3( 5) 15e-3    3   3.0    0
  898  1.0e-2   1  8.300  2026.01.09   8,12,6  -50e-4  1,15,15  -15e-4(o)  1,15,15  1.7e-3( 5) 15e-3    3   1.0    0
  899  1.0e-2   1  8.310  2026.01.09  1,15,15  -79e-4  13,14,9  .9990 (o)  1,15,15  1.7e-3( 5) 15e-3    3   2.0    0
  900  1.0e-2   1  8.320  2026.01.09  1,15,15  -77e-4  1,15,15  -15e-4(o)  1,15,15  1.6e-3( 5) 15e-3    3   2.0    0
1

                                     G E M   T I M E   S T E P   S U M M A R Y
                                               sanwei 30cm shale CO2
 ====================================================================================================================
     Time Step            Time                            Maximum Changes                       Mat  Cum    Solver
 ----------------- ----------------- ---------------------------------------------------------  Bal  time -----------
       Size Newton                        Pressure         Saturation         Composition       Err  step Iter/   Cum
 No.   days  cycls  Days     Date      Block     kpa     Block   Fraction   Block    Fraction    %   cuts  Cycl  Fail
 ----  ------ ---- ------ ---------- --------- ------ --------- --------- --------- ---------- ----- ---- ----- -----
  901  1.0e-2   1  8.330  2026.01.09  1,15,15  -70e-4   6,14,7  .9999 (o)  1,15,15  1.6e-3( 5) 15e-3    3   2.0    0
  902  1.0e-2   1  8.340  2026.01.09  1,15,15  -77e-4   1,1,15  -15e-4(o)  1,15,15  1.6e-3( 5) 15e-3    3   2.0    0
  903  1.0e-2   1  8.350  2026.01.09  1,15,15  -73e-4   1,1,15  -15e-4(o)  1,15,15  1.6e-3( 5) 15e-3    3   2.0    0
  904  1.0e-2   1  8.360  2026.01.09  1,15,15  -80e-4   14,5,2  1.000 (o)  1,15,15  1.6e-3( 5) 15e-3    3   2.0    0
  905  1.0e-2   1  8.370  2026.01.09  1,15,15  -72e-4   1,1,15  -15e-4(o)  1,15,15  1.6e-3( 5) 15e-3    3   2.0    0
  906  1.0e-2   1  8.380  2026.01.09  1,15,15  -75e-4   1,1,15  -15e-4(o)  1,15,15  1.6e-3( 5) 15e-3    3   2.0    0
  907  1.0e-2   1  8.390  2026.01.09  1,15,15  -75e-4   1,1,15  -15e-4(o)  1,15,15  1.6e-3( 5) 15e-3    3   2.0    0
  908  1.0e-2   1  8.400  2026.01.09  1,15,15  -74e-4   1,1,15  -14e-4(o)  1,15,15  1.6e-3( 5) 15e-3    3   2.0    0
  909  1.0e-2   1  8.410  2026.01.09  1,14,14  -10e-3   1,1,15  -14e-4(o)  1,15,15  1.6e-3( 5) 15e-3    3   2.0    0
  910  1.0e-2   1  8.420  2026.01.09  1,14,14  4.0e-3 15,15,15  -14e-4(o)  1,15,15  1.6e-3( 5) 15e-3    3   1.0    0
  911  1.0e-2   1  8.430  2026.01.09  1,14,14  -17e-3   1,1,15  -14e-4(o)  1,15,15  1.6e-3( 5) 15e-3    3   3.0    0
  912  1.0e-2   1  8.440  2026.01.09  1,15,15  -23e-4   1,1,15  -14e-4(o)  1,15,15  1.6e-3( 5) 15e-3    3   1.0    0
  913  1.0e-2   1  8.450  2026.01.09  1,15,15  -71e-4   13,5,8  .9998 (o)  1,15,15  1.6e-3( 5) 15e-3    3   2.0    0
  914  1.0e-2   1  8.460  2026.01.09  1,15,15  -60e-4   1,1,15  -14e-4(o)  1,15,15  1.6e-3( 5) 15e-3    3   2.0    0
  915  1.0e-2   1  8.470  2026.01.09  1,15,15  -69e-4   1,1,15  -14e-4(o)  1,15,15  1.6e-3( 5) 15e-3    3   2.0    0
  916  1.0e-2   1  8.480  2026.01.09  1,15,15  -81e-4   1,1,15  -14e-4(o)  1,15,15  1.6e-3( 5) 15e-3    3   2.0    0
  917  1.0e-2   1  8.490  2026.01.09  1,15,15  -76e-4   14,7,7  .9998 (o)  1,15,15  1.5e-3( 5) 15e-3    3   2.0    0
  918  1.0e-2   1  8.500  2026.01.09  11,10,5  1.0e-2   1,1,15  -14e-4(o)  1,15,15  1.5e-3( 5) 15e-3    3   2.0    0
  919  1.0e-2   1  8.510  2026.01.09  1,15,15  -79e-4   1,1,15  -14e-4(o)  1,15,15  1.5e-3( 5) 15e-3    3   2.0    0
  920  1.0e-2   1  8.520  2026.01.09  1,15,15  -79e-4  8,11,10  .9999 (o)  1,15,15  1.5e-3( 5) 15e-3    3   2.0    0
1

                                     G E M   T I M E   S T E P   S U M M A R Y
                                               sanwei 30cm shale CO2
 ====================================================================================================================
     Time Step            Time                            Maximum Changes                       Mat  Cum    Solver
 ----------------- ----------------- ---------------------------------------------------------  Bal  time -----------
       Size Newton                        Pressure         Saturation         Composition       Err  step Iter/   Cum
 No.   days  cycls  Days     Date      Block     kpa     Block   Fraction   Block    Fraction    %   cuts  Cycl  Fail
 ----  ------ ---- ------ ---------- --------- ------ --------- --------- --------- ---------- ----- ---- ----- -----
  921  1.0e-2   1  8.530  2026.01.09  11,10,4  9.8e-3    4,2,7  .9991 (o)  1,15,15  1.5e-3( 5) 15e-3    3   2.0    0
  922  1.0e-2   1  8.540  2026.01.09  1,15,15  -73e-4   1,1,15  -14e-4(o)  1,15,15  1.5e-3( 5) 15e-3    3   2.0    0
  923  1.0e-2   1  8.550  2026.01.09  1,15,15  -77e-4   1,1,15  -14e-4(o)  1,15,15  1.5e-3( 5) 15e-3    3   2.0    0
  924  1.0e-2   1  8.560  2026.01.09  1,15,15  -77e-4   8,12,5  .9998 (o)  1,15,15  1.5e-3( 5) 15e-3    3   2.0    0
  925  1.0e-2   1  8.570  2026.01.09   8,12,5  7.7e-3   1,1,15  -13e-4(o)  1,15,15  1.5e-3( 5) 15e-3    3   2.0    0
  926  1.0e-2   1  8.580  2026.01.09  1,15,15  -77e-4   1,1,15  -13e-4(o)  1,15,15  1.5e-3( 5) 15e-3    3   2.0    0
  927  1.0e-2   1  8.590  2026.01.09  1,15,15  -74e-4   1,1,15  -13e-4(o)  1,15,15  1.5e-3( 5) 15e-3    3   2.0    0
  928  1.0e-2   2  8.600  2026.01.09  1,15,15  -84e-4 15,15,15  -13e-4(o)  1,15,15  1.5e-3( 5) 15e-3    3   3.0    0
  929  1.0e-2   1  8.610  2026.01.09  1,15,15  -60e-4  14,13,9  1.000 (o)  1,15,15  1.5e-3( 5) 15e-3    3   2.0    0
  930  1.0e-2   1  8.620  2026.01.09  1,15,15  -64e-4   6,14,8  .9998 (o)  1,15,15  1.5e-3( 5) 15e-3    3   2.0    0
  931  1.0e-2   1  8.630  2026.01.09   13,2,4  -10e-3   1,1,15  -13e-4(o)  1,15,15  1.5e-3( 5) 15e-3    3   2.0    0
  932  1.0e-2   1  8.640  2026.01.09   13,2,4  1.9e-2 15,15,15  -13e-4(o)  1,15,15  1.5e-3( 5) 15e-3    3   3.0    0
  933  1.0e-2   1  8.650  2026.01.09   13,2,4  -11e-3   1,1,15  -13e-4(o)  1,15,15  1.5e-3( 5) 15e-3    3   2.0    0
  934  1.0e-2   1  8.660  2026.01.09  1,15,15  -78e-4 15,15,15  -13e-4(o)  1,15,15  1.4e-3( 5) 15e-3    3   2.0    0
  935  1.0e-2   1  8.670  2026.01.09 10,13,15  -69e-4   1,1,15  -13e-4(o)  1,15,15  1.4e-3( 5) 15e-3    3   2.0    0
  936  1.0e-2   1  8.680  2026.01.09  1,15,15  -75e-4   11,7,6  .9998 (o)  1,15,15  1.4e-3( 5) 15e-3    3   2.0    0
  937  1.0e-2   1  8.690  2026.01.09   11,7,6  7.8e-3   1,1,15  -13e-4(o)  1,15,15  1.4e-3( 5) 15e-3    3   2.0    0
  938  1.0e-2   1  8.700  2026.01.09  1,15,15  -78e-4   1,1,15  -13e-4(o)  1,15,15  1.4e-3( 5) 15e-3    3   2.0    0
  939  1.0e-2   1  8.710  2026.01.09  1,15,15  -72e-4   1,1,15  -13e-4(o)  1,15,15  1.4e-3( 5) 15e-3    3   2.0    0
  940  1.0e-2   1  8.720  2026.01.09  15,1,10  -43e-3   1,1,15  -13e-4(o)  1,15,15  1.4e-3( 5) 15e-3    3   2.0    0
1

                                     G E M   T I M E   S T E P   S U M M A R Y
                                               sanwei 30cm shale CO2
 ====================================================================================================================
     Time Step            Time                            Maximum Changes                       Mat  Cum    Solver
 ----------------- ----------------- ---------------------------------------------------------  Bal  time -----------
       Size Newton                        Pressure         Saturation         Composition       Err  step Iter/   Cum
 No.   days  cycls  Days     Date      Block     kpa     Block   Fraction   Block    Fraction    %   cuts  Cycl  Fail
 ----  ------ ---- ------ ---------- --------- ------ --------- --------- --------- ---------- ----- ---- ----- -----
  941  1.0e-2   1  8.730  2026.01.09  15,1,10  7.8e-2   1,1,15  -13e-4(o)  1,15,15  1.4e-3( 5) 15e-3    3   3.0    0
  942  1.0e-2   1  8.740  2026.01.09  15,1,10  -43e-3   1,1,15  -13e-4(o)  1,15,15  1.4e-3( 5) 15e-3    3   2.0    0
  943  1.0e-2   1  8.750  2026.01.09  1,15,15  -80e-4   1,1,15  -13e-4(o)  1,15,15  1.4e-3( 5) 15e-3    3   2.0    0
  944  1.0e-2   1  8.760  2026.01.09  1,15,15  -71e-4   1,1,15  -13e-4(o)  1,15,15  1.4e-3( 5) 15e-3    3   2.0    0
  945  1.0e-2   1  8.770  2026.01.09  1,15,15  -68e-4   1,1,15  -12e-4(o)  1,15,15  1.4e-3( 5) 15e-3    3   2.0    0
  946  1.0e-2   1  8.780  2026.01.09  1,15,15  -67e-4   6,14,9  1.000 (o)  1,15,15  1.4e-3( 5) 15e-3    3   2.0    0
  947  1.0e-2   1  8.790  2026.01.09  1,15,15  -62e-4  15,1,15  -14e-4(o)  1,15,15  1.4e-3( 5) 15e-3    3   2.0    0
  948  1.0e-2   1  8.800  2026.01.09  15,1,15  3.9e-2  15,1,15  -18e-4(o)  1,15,15  1.4e-3( 5) 15e-3    3   2.0    0
  949  1.0e-2   1  8.810  2026.01.09  15,1,15  -17e-3  15,1,15  -19e-4(o)  1,15,15  1.4e-3( 5) 15e-3    3   2.0    0
  950  1.0e-2   1  8.820  2026.01.09  1,15,15  -72e-4  14,13,8  .9993 (o)  1,15,15  1.4e-3( 5) 15e-3    3   2.0    0
  951  1.0e-2   1  8.830  2026.01.09  9,13,15  9.4e-3  15,1,15  -19e-4(o)  1,15,15  1.4e-3( 5) 15e-3    3   1.0    0
  952  1.0e-2   1  8.840  2026.01.09  9,13,15  -31e-3   11,7,5  1.000 (o)  1,15,15  1.4e-3( 5) 15e-3    3   3.0    0
  953  1.0e-2   1  8.850  2026.01.09   11,7,5  1.1e-2  15,1,15  -19e-4(o)  1,15,15  1.3e-3( 5) 15e-3    3   2.0    0
  954  1.0e-2   1  8.860  2026.01.09   11,7,5  -62e-4  15,1,15  -19e-4(o)  1,15,15  1.3e-3( 5) 15e-3    3   1.0    0
  955  1.0e-2   1  8.870  2026.01.09  1,15,15  -80e-4   11,7,4  .9998 (o)  1,15,15  1.3e-3( 5) 15e-3    3   2.0    0
  956  1.0e-2   1  8.880  2026.01.09  1,15,15  -66e-4  15,1,15  -19e-4(o)  1,15,15  1.3e-3( 5) 15e-3    3   2.0    0
  957  1.0e-2   1  8.890  2026.01.09  1,15,15  -67e-4  15,1,15  -19e-4(o)  1,15,15  1.3e-3( 5) 15e-3    3   2.0    0
  958  1.0e-2   1  8.900  2026.01.09  1,15,15  -65e-4   14,6,3  .9999 (o)  1,15,15  1.3e-3( 5) 15e-3    3   2.0    0
  959  1.0e-2   1  8.910  2026.01.09  1,15,15  -59e-4  15,1,15  -20e-4(o)  1,15,15  1.3e-3( 5) 15e-3    3   2.0    0
  960  1.0e-2   1  8.920  2026.01.09  1,15,15  -60e-4  15,1,15  -20e-4(o)  15,1,14  1.3e-3( 5) 15e-3    3   2.0    0
1

                                     G E M   T I M E   S T E P   S U M M A R Y
                                               sanwei 30cm shale CO2
 ====================================================================================================================
     Time Step            Time                            Maximum Changes                       Mat  Cum    Solver
 ----------------- ----------------- ---------------------------------------------------------  Bal  time -----------
       Size Newton                        Pressure         Saturation         Composition       Err  step Iter/   Cum
 No.   days  cycls  Days     Date      Block     kpa     Block   Fraction   Block    Fraction    %   cuts  Cycl  Fail
 ----  ------ ---- ------ ---------- --------- ------ --------- --------- --------- ---------- ----- ---- ----- -----
  961  1.0e-2   1  8.930  2026.01.09  1,15,15  -70e-4  15,1,15  -20e-4(o)  15,1,14  1.3e-3( 5) 15e-3    3   2.0    0
  962  1.0e-2   1  8.940  2026.01.09  1,15,15  -66e-4  15,1,15  -20e-4(o)  15,1,14  1.3e-3( 5) 15e-3    3   2.0    0
  963  1.0e-2   1  8.950  2026.01.09  1,15,15  -65e-4  15,1,15  -20e-4(o)  15,1,14  1.3e-3( 5) 15e-3    3   2.0    0
  964  1.0e-2   1  8.960  2026.01.09   14,1,5  4.6e-2   6,11,6  .9999 (o)  15,1,14  1.3e-3( 5) 15e-3    3   2.0    0
  965  1.0e-2   1  8.970  2026.01.09   14,1,5  -21e-3   6,11,5  .9999 (o)  15,1,14  1.3e-3( 5) 15e-3    3   3.0    0
  966  1.0e-2   1  8.980  2026.01.09   6,11,5  1.2e-2  15,1,15  -20e-4(o)  15,1,14  1.3e-3( 5) 15e-3    3   2.0    0
  967  1.0e-2   1  8.990  2026.01.09   6,11,5  -85e-4  15,1,15  -20e-4(o)  15,1,14  1.3e-3( 5) 15e-3    3   2.0    0
  968  1.0e-2   1  9.000  2026.01.09  1,15,15  -70e-4   4,15,3  .9995 (o)  15,1,14  1.3e-3( 5) 15e-3    3   2.0    0
  969  1.0e-2   1  9.010  2026.01.10  1,15,15  -46e-4    2,3,7  .9999 (o)  15,1,14  1.3e-3( 5) 15e-3    3   2.0    0
  970  1.0e-2   1  9.020  2026.01.10  8,13,15  -15e-3  15,1,15  -21e-4(o)  15,1,14  1.3e-3( 5) 15e-3    3   3.0    0
  971  1.0e-2   1  9.030  2026.01.10    2,3,7  -44e-4  15,1,15  -21e-4(o)  15,1,14  1.3e-3( 5) 15e-3    3   1.0    0
  972  1.0e-2   1  9.040  2026.01.10  1,15,15  -60e-4  15,1,15  -21e-4(o)  15,1,14  1.3e-3( 5) 15e-3    3   2.0    0
  973  1.0e-2   1  9.050  2026.01.10  1,15,15  -60e-4  15,1,15  -21e-4(o)  15,1,14  1.2e-3( 5) 15e-3    3   2.0    0
  974  1.0e-2   1  9.060  2026.01.10  1,15,15  -60e-4  15,1,15  -21e-4(o)  15,1,14  1.2e-3( 5) 15e-3    3   2.0    0
  975  1.0e-2   1  9.070  2026.01.10  1,15,15  -59e-4  15,1,15  -21e-4(o)  15,1,14  1.2e-3( 5) 15e-3    3   2.0    0
  976  1.0e-2   1  9.080  2026.01.10  1,15,15  -61e-4  15,1,15  -21e-4(o)  15,1,15  1.2e-3( 5) 15e-3    3   2.0    0
  977  1.0e-2   1  9.090  2026.01.10  1,15,15  -60e-4  15,1,15  -21e-4(o)  15,1,15  1.2e-3( 5) 15e-3    3   2.0    0
  978  1.0e-2   1  9.100  2026.01.10  1,15,15  -59e-4  15,1,15  -21e-4(o)  15,1,15  1.2e-3( 5) 15e-3    3   2.0    0
  979  1.0e-2   1  9.110  2026.01.10  1,15,15  -59e-4  15,1,15  -21e-4(o)  15,1,15  1.2e-3( 5) 15e-3    3   2.0    0
  980  1.0e-2   1  9.120  2026.01.10  1,15,15  -59e-4  15,1,15  -21e-4(o)  15,1,15  1.2e-3( 5) 15e-3    3   2.0    0
1

                                     G E M   T I M E   S T E P   S U M M A R Y
                                               sanwei 30cm shale CO2
 ====================================================================================================================
     Time Step            Time                            Maximum Changes                       Mat  Cum    Solver
 ----------------- ----------------- ---------------------------------------------------------  Bal  time -----------
       Size Newton                        Pressure         Saturation         Composition       Err  step Iter/   Cum
 No.   days  cycls  Days     Date      Block     kpa     Block   Fraction   Block    Fraction    %   cuts  Cycl  Fail
 ----  ------ ---- ------ ---------- --------- ------ --------- --------- --------- ---------- ----- ---- ----- -----
  981  1.0e-2   1  9.130  2026.01.10  1,15,15  -59e-4  15,1,15  -22e-4(o)  15,1,15  1.2e-3( 5) 15e-3    3   2.0    0
  982  1.0e-2   1  9.140  2026.01.10  1,15,15  -58e-4  15,1,15  -22e-4(o)  15,1,15  1.3e-3( 5) 15e-3    3   2.0    0
  983  1.0e-2   1  9.150  2026.01.10  1,15,15  -58e-4  15,1,15  -22e-4(o)  15,1,15  1.3e-3( 5) 15e-3    3   2.0    0
  984  1.0e-2   1  9.160  2026.01.10  1,15,15  -58e-4  15,1,15  -22e-4(o)  15,1,15  1.3e-3( 5) 15e-3    3   2.0    0
  985  1.0e-2   1  9.170  2026.01.10  1,15,15  -57e-4  15,1,15  -22e-4(o)  15,1,15  1.3e-3( 5) 15e-3    3   2.0    0
  986  1.0e-2   1  9.180  2026.01.10  1,15,15  -57e-4  15,1,15  -22e-4(o)  15,1,15  1.3e-3( 5) 15e-3    3   2.0    0
  987  1.0e-2   1  9.190  2026.01.10  1,15,15  -57e-4   14,6,9  .9998 (o)  15,1,15  1.3e-3( 5) 15e-3    3   2.0    0
  988  1.0e-2   1  9.200  2026.01.10  1,15,15  -52e-4  15,1,15  -22e-4(o)  15,1,15  1.3e-3( 5) 15e-3    3   2.0    0
  989  1.0e-2   1  9.210  2026.01.10  1,15,15  -59e-4   12,4,7  .9999 (o)  15,1,15  1.3e-3( 5) 15e-3    3   2.0    0
  990  1.0e-2   1  9.220  2026.01.10  1,15,15  -53e-4   9,12,6  .9998 (o)  15,1,15  1.3e-3( 5) 15e-3    3   2.0    0
  991  1.0e-2   1  9.230  2026.01.10   9,12,6  9.5e-3   15,9,1  .9998 (o)  15,1,15  1.3e-3( 5) 15e-3    3   2.0    0
  992  1.0e-2   1  9.240  2026.01.10  1,15,15  -50e-4  15,1,15  -22e-4(o)  15,1,15  1.3e-3( 5) 15e-3    3   2.0    0
  993  1.0e-2   1  9.250  2026.01.10   3,9,15  -65e-4  15,1,15  -22e-4(o)  15,1,15  1.3e-3( 5) 15e-3    3   2.0    0
  994  1.0e-2   1  9.260  2026.01.10  1,15,15  -61e-4 10,10,10  .9998 (o)  15,1,15  1.3e-3( 5) 15e-3    3   2.0    0
  995  1.0e-2   1  9.270  2026.01.10   6,6,10  7.1e-3  15,1,15  -22e-4(o)  15,1,15  1.3e-3( 5) 15e-3    3   2.0    0
  996  1.0e-2   1  9.280  2026.01.10  1,15,15  -61e-4  15,1,15  -22e-4(o)  15,1,15  1.3e-3( 5) 15e-3    3   2.0    0
  997  1.0e-2   1  9.290  2026.01.10  1,15,15  -56e-4  15,1,15  -22e-4(o)  15,1,15  1.3e-3( 5) 15e-3    3   2.0    0
  998  1.0e-2   1  9.300  2026.01.10  1,15,15  -54e-4  15,1,15  -22e-4(o)  15,1,15  1.3e-3( 5) 15e-3    3   2.0    0
  999  1.0e-2   1  9.310  2026.01.10  15,1,11  -.131   15,1,15  -22e-4(o)  15,1,15  1.3e-3( 5) 15e-3    3   3.0    0
 1000  1.0e-2   1  9.320  2026.01.10  15,1,11  .2503   15,1,15  -22e-4(o)  15,1,15  1.3e-3( 5) 15e-3    3   3.0    0
1

                                     G E M   T I M E   S T E P   S U M M A R Y
                                               sanwei 30cm shale CO2
 ====================================================================================================================
     Time Step            Time                            Maximum Changes                       Mat  Cum    Solver
 ----------------- ----------------- ---------------------------------------------------------  Bal  time -----------
       Size Newton                        Pressure         Saturation         Composition       Err  step Iter/   Cum
 No.   days  cycls  Days     Date      Block     kpa     Block   Fraction   Block    Fraction    %   cuts  Cycl  Fail
 ----  ------ ---- ------ ---------- --------- ------ --------- --------- --------- ---------- ----- ---- ----- -----
 1001  1.0e-2   1  9.330  2026.01.10  15,1,11  -.122   15,1,15  -22e-4(o)  15,1,15  1.3e-3( 5) 15e-3    3   2.0    0
 1002  1.0e-2   1  9.340  2026.01.10  1,15,15  -63e-4  15,1,15  -22e-4(o)  15,1,15  1.3e-3( 5) 15e-3    3   2.0    0
 1003  1.0e-2   1  9.350  2026.01.10  1,15,15  -53e-4  15,1,15  -22e-4(o)  15,1,15  1.3e-3( 5) 15e-3    3   2.0    0
 1004  1.0e-2   2  9.360  2026.01.10  5,12,15  -10e-3  15,1,15  -22e-4(o)  15,1,15  1.3e-3( 5) 15e-3    3   3.5    0
 1005  1.0e-2   1  9.370  2026.01.10   12,1,5  -62e-4  15,1,15  -22e-4(o)  15,1,15  1.3e-3( 5) 15e-3    3   1.0    0
 1006  1.0e-2   1  9.380  2026.01.10  1,15,15  -26e-4  15,1,15  -22e-4(o)  15,1,15  1.3e-3( 5) 15e-3    3   1.0    0
 1007  1.0e-2   1  9.390  2026.01.10  1,15,15  -75e-4    7,1,2  .9997 (o)  15,1,15  1.3e-3( 5) 15e-3    3   2.0    0
 1008  1.0e-2   1  9.400  2026.01.10  1,15,15  -56e-4  15,1,15  -22e-4(o)  15,1,15  1.3e-3( 5) 15e-3    3   2.0    0
 1009  1.0e-2   1  9.410  2026.01.10  1,15,15  -24e-4  15,1,15  -22e-4(o)  15,1,15  1.3e-3( 5) 15e-3    3   1.0    0
 1010  1.0e-2   1  9.420  2026.01.10  1,15,15  -74e-4   15,8,1  1.000 (o)  15,1,15  1.3e-3( 5) 15e-3    3   2.0    0
 1011  1.0e-2   1  9.430  2026.01.10  1,15,15  -51e-4  15,1,15  -22e-4(o)  15,1,15  1.3e-3( 5) 15e-3    3   2.0    0
 1012  1.0e-2   1  9.440  2026.01.10  1,15,15  -24e-4   3,12,7  .9999 (o)  15,1,15  1.3e-3( 5) 15e-3    3   1.0    0
 1013  1.0e-2   1  9.450  2026.01.10  1,15,15  -63e-4  15,1,15  -22e-4(o)  15,1,15  1.3e-3( 5) 15e-3    3   2.0    0
 1014  1.0e-2   1  9.460  2026.01.10  1,15,15  -58e-4  15,1,15  -22e-4(o)  15,1,15  1.3e-3( 5) 15e-3    3   2.0    0
 1015  1.0e-2   1  9.470  2026.01.10  1,15,15  -55e-4  15,1,15  -22e-4(o)  15,1,15  1.3e-3( 5) 15e-3    3   2.0    0
 1016  1.0e-2   1  9.480  2026.01.10  1,15,15  -23e-4  15,1,15  -22e-4(o)  15,1,15  1.3e-3( 5) 15e-3    3   1.0    0
 1017  1.0e-2   1  9.490  2026.01.10  1,15,15  -77e-4  15,1,15  -22e-4(o)  15,1,15  1.3e-3( 5) 15e-3    3   2.0    0
 1018  1.0e-2   1  9.500  2026.01.10  1,15,15  -20e-4  15,10,1  .9991 (o)  15,1,15  1.3e-3( 5) 15e-3    3   1.0    0
 1019  1.0e-2   1  9.510  2026.01.10  3,10,15  -73e-4  15,1,15  -22e-4(o)  15,1,15  1.3e-3( 5) 15e-3    3   2.0    0
 1020  1.0e-2   1  9.520  2026.01.10  1,15,15  -55e-4  15,1,15  -22e-4(o)  15,1,15  1.3e-3( 5) 15e-3    3   2.0    0
1

                                     G E M   T I M E   S T E P   S U M M A R Y
                                               sanwei 30cm shale CO2
 ====================================================================================================================
     Time Step            Time                            Maximum Changes                       Mat  Cum    Solver
 ----------------- ----------------- ---------------------------------------------------------  Bal  time -----------
       Size Newton                        Pressure         Saturation         Composition       Err  step Iter/   Cum
 No.   days  cycls  Days     Date      Block     kpa     Block   Fraction   Block    Fraction    %   cuts  Cycl  Fail
 ----  ------ ---- ------ ---------- --------- ------ --------- --------- --------- ---------- ----- ---- ----- -----
 1021  1.0e-2   1  9.530  2026.01.10  1,15,15  -23e-4   14,6,8  .9999 (o)  15,1,15  1.3e-3( 5) 15e-3    3   1.0    0
 1022  1.0e-2   1  9.540  2026.01.10  1,15,15  -67e-4  15,1,15  -22e-4(o)  15,1,15  1.3e-3( 5) 14e-3    3   2.0    0
 1023  1.0e-2   1  9.550  2026.01.10  1,15,15  -54e-4  15,1,15  -22e-4(o)  15,1,15  1.3e-3( 5) 14e-3    3   2.0    0
 1024  1.0e-2   1  9.560  2026.01.10  1,15,15  -22e-4  15,1,15  -22e-4(o)  15,1,15  1.3e-3( 5) 14e-3    3   1.0    0
 1025  1.0e-2   1  9.570  2026.01.10  1,15,15  -73e-4  15,1,15  -22e-4(o)  15,1,15  1.3e-3( 5) 14e-3    3   2.0    0
 1026  1.0e-2   1  9.580  2026.01.10  1,15,15  -53e-4  15,1,15  -22e-4(o)  15,1,15  1.3e-3( 5) 14e-3    3   2.0    0
 1027  1.0e-2   1  9.590  2026.01.10  1,15,15  -21e-4  15,1,15  -22e-4(o)  15,1,15  1.3e-3( 5) 14e-3    3   1.0    0
 1028  1.0e-2   1  9.600  2026.01.10  1,15,15  -69e-4   15,8,2  .9999 (o)  15,1,15  1.3e-3( 5) 14e-3    3   2.0    0
 1029  1.0e-2   1  9.610  2026.01.10  1,15,15  -20e-4  15,1,15  -22e-4(o)  15,1,15  1.3e-3( 5) 14e-3    3   1.0    0
 1030  1.0e-2   1  9.620  2026.01.10  1,15,15  -69e-4  15,1,15  -22e-4(o)  15,1,15  1.3e-3( 5) 14e-3    3   2.0    0
 1031  1.0e-2   1  9.630  2026.01.10    1,1,9  -13e-3  11,8,11  .9999 (o)  15,1,15  1.3e-3( 5) 14e-3    3   2.0    0
 1032  1.0e-2   1  9.640  2026.01.10    1,1,9  2.5e-2  15,1,15  -22e-4(o)  15,1,15  1.3e-3( 5) 14e-3    3   2.0    0
 1033  1.0e-2   1  9.650  2026.01.10    1,1,9  -12e-3  15,1,15  -22e-4(o)  15,1,15  1.3e-3( 5) 14e-3    3   2.0    0
 1034  1.0e-2   1  9.660  2026.01.10  1,15,15  -69e-4   9,12,4  .9999 (o)  15,1,15  1.3e-3( 5) 14e-3    3   2.0    0
 1035  1.0e-2   1  9.670  2026.01.10    4,7,4  7.8e-3  15,1,15  -22e-4(o)  15,1,15  1.3e-3( 5) 14e-3    3   2.0    0
 1036  1.0e-2   1  9.680  2026.01.10    4,7,4  -51e-4  15,1,15  -22e-4(o)  15,1,15  1.3e-3( 5) 14e-3    3   2.0    0
 1037  1.0e-2   1  9.690  2026.01.10  1,15,15  -21e-4  15,1,15  -22e-4(o)  15,1,15  1.3e-3( 5) 14e-3    3   1.0    0
 1038  1.0e-2   1  9.700  2026.01.10  1,15,15  -71e-4  15,1,15  -22e-4(o)  15,1,15  1.3e-3( 5) 14e-3    3   2.0    0
 1039  1.0e-2   1  9.710  2026.01.10  1,15,15  -19e-4  13,15,3  .9989 (o)  15,1,15  1.3e-3( 5) 14e-3    3   1.0    0
 1040  1.0e-2   1  9.720  2026.01.10  1,15,15  -61e-4  15,1,15  -22e-4(o)  15,1,15  1.3e-3( 5) 14e-3    3   2.0    0
1

                                     G E M   T I M E   S T E P   S U M M A R Y
                                               sanwei 30cm shale CO2
 ====================================================================================================================
     Time Step            Time                            Maximum Changes                       Mat  Cum    Solver
 ----------------- ----------------- ---------------------------------------------------------  Bal  time -----------
       Size Newton                        Pressure         Saturation         Composition       Err  step Iter/   Cum
 No.   days  cycls  Days     Date      Block     kpa     Block   Fraction   Block    Fraction    %   cuts  Cycl  Fail
 ----  ------ ---- ------ ---------- --------- ------ --------- --------- --------- ---------- ----- ---- ----- -----
 1041  1.0e-2   1  9.730  2026.01.10  1,15,15  -52e-4  15,1,15  -22e-4(o)  15,1,15  1.3e-3( 5) 14e-3    3   2.0    0
 1042  1.0e-2   1  9.740  2026.01.10  1,15,15  -49e-4  15,1,15  -21e-4(o)  15,1,15  1.3e-3( 5) 14e-3    3   2.0    0
 1043  1.0e-2   2  9.750  2026.01.10  1,15,15  -80e-4  15,1,15  -21e-4(o)  15,1,15  1.3e-3( 5) 14e-3    3   3.0    0
 1044  1.0e-2   1  9.760  2026.01.10  4,12,15  -16e-4   9,12,5  .9997 (o)  15,1,15  1.3e-3( 5) 14e-3    3   1.0    0
 1045  1.0e-2   1  9.770  2026.01.10   9,12,5  7.5e-3   7,12,4  .9999 (o)  15,1,15  1.3e-3( 5) 14e-3    3   1.0    0
 1046  1.0e-2   1  9.780  2026.01.10    4,9,4  8.4e-3  15,1,15  -21e-4(o)  15,1,15  1.3e-3( 5) 14e-3    3   2.0    0
 1047  1.0e-2   1  9.790  2026.01.10   7,12,4  -57e-4  15,1,15  -21e-4(o)  15,1,15  1.3e-3( 5) 14e-3    3   2.0    0
 1048  1.0e-2   1  9.800  2026.01.10  1,15,15  -57e-4  15,1,15  -21e-4(o)  15,1,15  1.3e-3( 5) 14e-3    3   2.0    0
 1049  1.0e-2   1  9.810  2026.01.10  1,15,15  -16e-4   13,5,7  1.000 (o)  15,1,15  1.3e-3( 5) 14e-3    3   1.0    0
 1050  1.0e-2   1  9.820  2026.01.10  1,15,15  -51e-4  15,1,15  -21e-4(o)  15,1,15  1.2e-3( 5) 14e-3    3   2.0    0
 1051  1.0e-2   1  9.830  2026.01.10  1,15,15  -50e-4  15,1,15  -21e-4(o)  15,1,15  1.2e-3( 5) 14e-3    3   2.0    0
 1052  1.0e-2   1  9.840  2026.01.10  1,15,15  -20e-4  15,1,15  -20e-4(o)  15,1,15  1.2e-3( 5) 14e-3    3   1.0    0
 1053  1.0e-2   1  9.850  2026.01.10  1,15,15  -68e-4  15,1,15  -20e-4(o)  15,1,15  1.2e-3( 5) 14e-3    3   2.0    0
 1054  1.0e-2   1  9.860  2026.01.10  1,15,15  -18e-4  15,1,15  -20e-4(o)  15,1,15  1.2e-3( 5) 14e-3    3   1.0    0
 1055  1.0e-2   1  9.870  2026.01.10  1,15,15  -67e-4  15,1,15  -20e-4(o)  15,1,15  1.2e-3( 5) 14e-3    3   2.0    0
 1056  1.0e-2   1  9.880  2026.01.10  1,15,15  -18e-4  15,1,15  -20e-4(o)  15,1,15  1.2e-3( 5) 14e-3    3   1.0    0
 1057  1.0e-2   1  9.890  2026.01.10  1,15,15  -63e-4  15,1,15  -20e-4(o)  15,1,15  1.2e-3( 5) 14e-3    3   2.0    0
 1058  1.0e-2   1  9.900  2026.01.10   2,1,15  -75e-4  15,1,15  -20e-4(o)  15,1,15  1.2e-3( 5) 14e-3    3   1.0    0
 1059  1.0e-2   1  9.910  2026.01.10  1,15,15  -64e-4  11,11,6  .9998 (o)  15,1,15  1.2e-3( 5) 14e-3    3   2.0    0
 1060  1.0e-2   1  9.920  2026.01.10  11,11,6  1.1e-2  15,1,15  -20e-4(o)  15,1,15  1.2e-3( 5) 14e-3    3   2.0    0
1

                                     G E M   T I M E   S T E P   S U M M A R Y
                                               sanwei 30cm shale CO2
 ====================================================================================================================
     Time Step            Time                            Maximum Changes                       Mat  Cum    Solver
 ----------------- ----------------- ---------------------------------------------------------  Bal  time -----------
       Size Newton                        Pressure         Saturation         Composition       Err  step Iter/   Cum
 No.   days  cycls  Days     Date      Block     kpa     Block   Fraction   Block    Fraction    %   cuts  Cycl  Fail
 ----  ------ ---- ------ ---------- --------- ------ --------- --------- --------- ---------- ----- ---- ----- -----
 1061  1.0e-2   1  9.930  2026.01.10  11,11,6  -64e-4  15,1,15  -20e-4(o)  15,1,15  1.2e-3( 5) 14e-3    3   2.0    0
 1062  1.0e-2   1  9.940  2026.01.10  1,15,15  -53e-4  15,1,15  -19e-4(o)  15,1,15  1.2e-3( 5) 14e-3    3   2.0    0
 1063  1.0e-2   2  9.950  2026.01.10  1,15,15  -54e-4  15,1,15  -19e-4(o)  15,1,15  1.2e-3( 5) 14e-3    3   7.5    0
 1064  1.0e-2   1  9.960  2026.01.10  6,14,15  -10e-3  15,1,15  -19e-4(o)  15,1,15  1.2e-3( 5) 14e-3    3   1.0    0
 1065  1.0e-2   1  9.970  2026.01.10  6,14,15  2.9e-3  11,9,10  .9998 (o)  15,1,15  1.2e-3( 5) 14e-3    3   1.0    0
 1066  1.0e-2   1  9.980  2026.01.10  11,9,10  8.0e-3  15,1,15  -19e-4(o)  15,1,15  1.2e-3( 5) 14e-3    3   2.0    0
 1067  1.0e-2   1  9.990  2026.01.10  1,15,15  -53e-4  15,1,15  -19e-4(o)  15,1,15  1.2e-3( 5) 14e-3    3   2.0    0
 1068  1.0e-2   1  10.00  2026.01.10  1,15,15  -18e-4  15,1,15  -19e-4(o)  15,1,15  1.2e-3( 5) 14e-3    3   1.0    0
 1069  1.0e-2   1  10.01  2026.01.11  1,15,15  -60e-4  8,11,11  1.000 (o)  15,1,15  1.2e-3( 5) 14e-3    3   2.0    0
 1070  1.0e-2   1  10.02  2026.01.11  8,11,11  1.3e-2  15,1,15  -19e-4(o)  15,1,15  1.2e-3( 5) 14e-3    3   2.0    0
 1071  1.0e-2   1  10.03  2026.01.11  8,11,11  -11e-3  15,1,15  -19e-4(o)  15,1,15  1.2e-3( 5) 14e-3    3   2.0    0
 1072  1.0e-2   1  10.04  2026.01.11  1,15,15  -57e-4  15,1,15  -18e-4(o)  15,1,15  1.2e-3( 5) 14e-3    3   2.0    0
 1073  1.0e-2   2  10.05  2026.01.11  1,15,15  -71e-4  15,1,15  -18e-4(o)  15,1,15  1.2e-3( 5) 14e-3    3   6.5    0
 1074  1.0e-2   1  10.06  2026.01.11  1,15,15  -15e-4  15,1,15  -18e-4(o)  15,1,15  1.2e-3( 5) 14e-3    3   1.0    0
 1075  1.0e-2   1  10.07  2026.01.11   1,8,15  4.0e-3  15,1,15  -18e-4(o)  15,1,15  1.2e-3( 5) 14e-3    3   1.0    0
 1076  1.0e-2   1  10.08  2026.01.11   1,8,15  -10e-3  15,1,15  -18e-4(o)  15,1,15  1.2e-3( 5) 14e-3    3   2.0    0
 1077  1.0e-2   1  10.09  2026.01.11  8,15,15  -48e-4  15,1,15  -18e-4(o)  15,1,15  1.2e-3( 5) 14e-3    3   2.0    0
 1078  1.0e-2   1  10.10  2026.01.11  1,15,15  -18e-4  15,1,15  -18e-4(o)  15,1,15  1.2e-3( 5) 14e-3    3   1.0    0
 1079  1.0e-2   1  10.11  2026.01.11  4,13,15  -42e-4  15,1,15  -18e-4(o)  15,1,15  1.2e-3( 5) 14e-3    3   2.0    0
 1080  1.0e-2   1  10.12  2026.01.11  3,12,15  -11e-3  15,1,15  -18e-4(o)  15,1,15  1.2e-3( 5) 14e-3    3   2.0    0
1

                                     G E M   T I M E   S T E P   S U M M A R Y
                                               sanwei 30cm shale CO2
 ====================================================================================================================
     Time Step            Time                            Maximum Changes                       Mat  Cum    Solver
 ----------------- ----------------- ---------------------------------------------------------  Bal  time -----------
       Size Newton                        Pressure         Saturation         Composition       Err  step Iter/   Cum
 No.   days  cycls  Days     Date      Block     kpa     Block   Fraction   Block    Fraction    %   cuts  Cycl  Fail
 ----  ------ ---- ------ ---------- --------- ------ --------- --------- --------- ---------- ----- ---- ----- -----
 1081  1.0e-2   1  10.13  2026.01.11  4,15,15  -37e-4  15,1,15  -18e-4(o)  15,1,15  1.2e-3( 5) 14e-3    3   2.0    0
 1082  1.0e-2   1  10.14  2026.01.11  1,15,15  -19e-4   4,13,8  .9998 (o)  15,1,15  1.2e-3( 5) 14e-3    3   1.0    0
 1083  1.0e-2   1  10.15  2026.01.11  1,15,15  -48e-4  15,1,15  -18e-4(o)  15,1,15  1.2e-3( 5) 14e-3    3   2.0    0
 1084  1.0e-2   1  10.16  2026.01.11  1,15,15  -42e-4   7,12,6  .9999 (o)  15,1,15  1.2e-3( 5) 14e-3    3   2.0    0
 1085  1.0e-2   1  10.17  2026.01.11    4,9,6  8.8e-3  15,1,15  -17e-4(o)  15,1,15  1.2e-3( 5) 14e-3    3   2.0    0
 1086  1.0e-2   1  10.18  2026.01.11  1,15,15  -43e-4  9,11,10  .9999 (o)  15,1,15  1.2e-3( 5) 14e-3    3   2.0    0
 1087  1.0e-2   1  10.19  2026.01.11  15,1,12  -78e-3  15,1,15  -17e-4(o)  15,1,15  1.2e-3( 5) 14e-3    3   2.0    0
 1088  1.0e-2   1  10.20  2026.01.11  15,1,12  .1538   15,1,15  -17e-4(o)  15,1,15  1.2e-3( 5) 14e-3    3   3.0    0
 1089  1.0e-2   1  10.21  2026.01.11  15,1,12  -75e-3  10,6,10  .9999 (o)  15,1,15  1.2e-3( 5) 14e-3    3   2.0    0
 1090  1.0e-2   1  10.22  2026.01.11  10,6,10  7.5e-3  15,1,15  -17e-4(o)  15,1,15  1.2e-3( 5) 14e-3    3   2.0    0
 1091  1.0e-2   1  10.23  2026.01.11  10,6,10  -50e-4  15,1,15  -17e-4(o)  15,1,15  1.2e-3( 5) 14e-3    3   2.0    0
 1092  1.0e-2   1  10.24  2026.01.11 13,14,15  4.1e-3  15,1,15  -17e-4(o)  15,1,15  1.2e-3( 5) 14e-3    3   2.0    0
 1093  1.0e-2   1  10.25  2026.01.11 13,14,15  -58e-4  15,1,15  -17e-4(o)  15,1,15  1.2e-3( 5) 14e-3    3   2.0    0
 1094  1.0e-2   1  10.26  2026.01.11  1,15,15  -52e-4  15,1,15  -17e-4(o)  15,1,15  1.2e-3( 5) 14e-3    3   2.0    0
 1095  1.0e-2   1  10.27  2026.01.11  1,15,15  -16e-4   12,8,6  .9999 (o)  15,1,15  1.2e-3( 5) 14e-3    3   1.0    0
 1096  1.0e-2   1  10.28  2026.01.11   12,8,6  7.9e-3  15,1,15  -16e-4(o)  15,1,15  1.2e-3( 5) 14e-3    3   2.0    0
 1097  1.0e-2   1  10.29  2026.01.11  1,15,15  -50e-4  15,1,15  -16e-4(o)  15,1,15  1.2e-3( 5) 14e-3    3   2.0    0
 1098  1.0e-2   1  10.30  2026.01.11  1,15,15  -16e-4   3,15,3  .9997 (o)  15,1,15  1.2e-3( 5) 14e-3    3   1.0    0
 1099  1.0e-2   1  10.31  2026.01.11  1,15,15  -42e-4    3,2,7  .9997 (o)  15,1,15  1.2e-3( 5) 14e-3    3   2.0    0
 1100  1.0e-2   1  10.32  2026.01.11   3,15,3  -48e-4  15,1,15  -16e-4(o)  15,1,15  1.2e-3( 5) 14e-3    3   2.0    0
1

                                     G E M   T I M E   S T E P   S U M M A R Y
                                               sanwei 30cm shale CO2
 ====================================================================================================================
     Time Step            Time                            Maximum Changes                       Mat  Cum    Solver
 ----------------- ----------------- ---------------------------------------------------------  Bal  time -----------
       Size Newton                        Pressure         Saturation         Composition       Err  step Iter/   Cum
 No.   days  cycls  Days     Date      Block     kpa     Block   Fraction   Block    Fraction    %   cuts  Cycl  Fail
 ----  ------ ---- ------ ---------- --------- ------ --------- --------- --------- ---------- ----- ---- ----- -----
 1101  1.0e-2   1  10.33  2026.01.11    3,2,7  -39e-4  15,1,15  -16e-4(o)  15,1,15  1.2e-3( 5) 14e-3    3   2.0    0
 1102  1.0e-2   1  10.34  2026.01.11  6,15,15  -57e-4  15,1,15  -16e-4(o)  15,1,15  1.2e-3( 5) 14e-3    3   2.0    0
 1103  1.0e-2   1  10.35  2026.01.11   1,3,15  -60e-4  15,1,15  -16e-4(o)  15,1,15  1.2e-3( 5) 14e-3    3   2.0    0
 1104  1.0e-2   1  10.36  2026.01.11 13,15,15  -41e-4  15,1,15  -16e-4(o)  15,1,15  1.2e-3( 5) 14e-3    3   2.0    0
 1105  1.0e-2   1  10.37  2026.01.11  1,15,15  -50e-4  15,1,15  -16e-4(o)  15,1,15  1.1e-3( 5) 14e-3    3   2.0    0
 1106  1.0e-2   1  10.38  2026.01.11  1,15,15  -14e-4  15,1,15  -16e-4(o)  15,1,15  1.1e-3( 5) 14e-3    3   1.0    0
 1107  1.0e-2   1  10.39  2026.01.11  1,15,15  -52e-4  11,11,5  .9998 (o)  15,1,15  1.1e-3( 5) 14e-3    3   2.0    0
 1108  1.0e-2   1  10.40  2026.01.11  11,11,5  1.3e-2  15,1,15  -16e-4(o)  15,1,15  1.1e-3( 5) 14e-3    3   2.0    0
 1109  1.0e-2   1  10.41  2026.01.11  11,11,5  -79e-4  15,1,15  -15e-4(o)  15,1,15  1.1e-3( 5) 14e-3    3   2.0    0
 1110  1.0e-2   1  10.42  2026.01.11    5,5,5  -14e-4  15,1,15  -15e-4(o)  15,1,15  1.1e-3( 5) 14e-3    3   1.0    0
 1111  1.0e-2   1  10.43  2026.01.11  3,13,15  -60e-4  15,1,15  -15e-4(o)  15,1,15  1.1e-3( 5) 14e-3    3   2.0    0
 1112  1.0e-2   1  10.44  2026.01.11  4,14,15  -26e-4  15,1,15  -15e-4(o)  15,1,15  1.1e-3( 5) 14e-3    3   1.0    0
 1113  1.0e-2   1  10.45  2026.01.11  1,15,15  -59e-4  15,1,15  -15e-4(o)  15,1,15  1.1e-3( 5) 14e-3    3   2.0    0
 1114  1.0e-2   1  10.46  2026.01.11  1,15,15  -14e-4  15,1,15  -15e-4(o)  15,1,15  1.1e-3( 5) 14e-3    3   1.0    0
 1115  1.0e-2   1  10.47  2026.01.11  1,15,15  -53e-4  11,11,4  1.000 (o)  15,1,15  1.1e-3( 5) 14e-3    3   2.0    0
 1116  1.0e-2   1  10.48  2026.01.11  11,11,4  1.2e-2  15,1,15  -15e-4(o)  15,1,15  1.1e-3( 5) 14e-3    3   2.0    0
 1117  1.0e-2   1  10.49  2026.01.11  11,11,4  -94e-4  15,1,15  -15e-4(o)  15,1,15  1.1e-3( 5) 14e-3    3   2.0    0
 1118  1.0e-2   1  10.50  2026.01.11  1,15,15  -16e-4  15,1,15  -15e-4(o)  15,1,15  1.1e-3( 5) 14e-3    3   1.0    0
 1119  1.0e-2   1  10.51  2026.01.11  1,11,15  -14e-3   3,12,9  .9998 (o)  15,1,15  1.1e-3( 5) 14e-3    3   3.0    0
 1120  1.0e-2   1  10.52  2026.01.11   7,12,5  8.3e-3   12,8,5  .9998 (o)  15,1,15  1.1e-3( 5) 14e-3    3   1.0    0
1

                                     G E M   T I M E   S T E P   S U M M A R Y
                                               sanwei 30cm shale CO2
 ====================================================================================================================
     Time Step            Time                            Maximum Changes                       Mat  Cum    Solver
 ----------------- ----------------- ---------------------------------------------------------  Bal  time -----------
       Size Newton                        Pressure         Saturation         Composition       Err  step Iter/   Cum
 No.   days  cycls  Days     Date      Block     kpa     Block   Fraction   Block    Fraction    %   cuts  Cycl  Fail
 ----  ------ ---- ------ ---------- --------- ------ --------- --------- --------- ---------- ----- ---- ----- -----
 1121  1.0e-2   1  10.53  2026.01.11   12,8,5  6.1e-3  15,1,15  -15e-4(o)  15,1,15  1.1e-3( 5) 14e-3    3   1.0    0
 1122  1.0e-2   1  10.54  2026.01.11  1,11,15  -28e-4  15,1,15  -14e-4(o)  15,1,15  1.1e-3( 5) 14e-3    3   1.0    0
 1123  1.0e-2   1  10.55  2026.01.11  1,15,15  -54e-4  15,1,15  -14e-4(o)  15,1,15  1.1e-3( 5) 14e-3    3   2.0    0
 1124  1.0e-2   1  10.56  2026.01.11  1,15,15  -14e-4    9,1,1  .9997 (o)  15,1,15  1.1e-3( 5) 14e-3    3   1.0    0
 1125  1.0e-2   1  10.57  2026.01.11  1,15,15  -49e-4   5,11,4  .9997 (o)  15,1,15  1.1e-3( 5) 14e-3    3   2.0    0
 1126  1.0e-2   1  10.58  2026.01.11   5,11,4  7.2e-3  15,1,15  -14e-4(o)  15,1,15  1.1e-3( 5) 14e-3    3   1.0    0
 1127  1.0e-2   1  10.59  2026.01.11  1,15,15  -52e-4  15,1,15  -14e-4(o)  15,1,15  1.1e-3( 5) 14e-3    3   2.0    0
 1128  1.0e-2   1  10.60  2026.01.11  1,15,15  -14e-4  15,1,15  -14e-4(o)  15,1,15  1.1e-3( 5) 14e-3    3   1.0    0
 1129  1.0e-2   1  10.61  2026.01.11  1,15,15  -55e-4   9,7,12  .9999 (o)  15,1,15  1.1e-3( 5) 14e-3    3   2.0    0
 1130  1.0e-2   1  10.62  2026.01.11   9,7,12  4.3e-3  15,1,15  -14e-4(o)  15,1,15  1.1e-3( 5) 14e-3    3   1.0    0
 1131  1.0e-2   1  10.63  2026.01.11  1,15,15  -49e-4  15,1,15  -14e-4(o)  15,1,15  1.1e-3( 5) 14e-3    3   2.0    0
 1132  1.0e-2   1  10.64  2026.01.11  1,15,15  -13e-4  15,1,15  -14e-4(o)  15,1,15  1.1e-3( 5) 14e-3    3   1.0    0
 1133  1.0e-2   1  10.65  2026.01.11  1,15,15  -51e-4  15,1,15  -14e-4(o)  15,1,15  1.1e-3( 5) 14e-3    3   2.0    0
 1134  1.0e-2   1  10.66  2026.01.11  1,15,15  -12e-4  15,1,15  -14e-4(o)  15,1,15  1.1e-3( 5) 14e-3    3   1.0    0
 1135  1.0e-2   1  10.67  2026.01.11  1,15,15  -49e-4  15,1,15  -14e-4(o)  15,1,15  1.1e-3( 5) 14e-3    3   2.0    0
 1136  1.0e-2   1  10.68  2026.01.11  3,14,15  -24e-4  15,1,15  -13e-4(o)  15,1,15  1.1e-3( 5) 14e-3    3   1.0    0
 1137  1.0e-2   1  10.69  2026.01.11  1,13,15  -12e-4  15,1,15  -13e-4(o)  15,1,15  1.1e-3( 5) 14e-3    3   1.0    0
 1138  1.0e-2   1  10.70  2026.01.11  3,14,15  -60e-4   12,8,4  .9998 (o)  15,1,15  1.1e-3( 5) 14e-3    3   2.0    0
 1139  1.0e-2   1  10.71  2026.01.11   12,8,4  4.7e-3  15,1,15  -13e-4(o)  15,1,15  1.1e-3( 5) 14e-3    3   1.0    0
 1140  1.0e-2   1  10.72  2026.01.11    8,4,4  -14e-4   9,9,12  1.000 (o)  15,1,15  1.1e-3( 5) 14e-3    3   1.0    0
1

                                     G E M   T I M E   S T E P   S U M M A R Y
                                               sanwei 30cm shale CO2
 ====================================================================================================================
     Time Step            Time                            Maximum Changes                       Mat  Cum    Solver
 ----------------- ----------------- ---------------------------------------------------------  Bal  time -----------
       Size Newton                        Pressure         Saturation         Composition       Err  step Iter/   Cum
 No.   days  cycls  Days     Date      Block     kpa     Block   Fraction   Block    Fraction    %   cuts  Cycl  Fail
 ----  ------ ---- ------ ---------- --------- ------ --------- --------- --------- ---------- ----- ---- ----- -----
 1141  1.0e-2   1  10.73  2026.01.11   9,9,12  9.5e-3  15,1,15  -13e-4(o)  15,1,15  1.1e-3( 5) 14e-3    3   2.0    0
 1142  1.0e-2   1  10.74  2026.01.11   7,7,12  -93e-4  15,1,15  -13e-4(o)  15,1,15  1.1e-3( 5) 14e-3    3   2.0    0
 1143  1.0e-2   1  10.75  2026.01.11  1,15,15  -50e-4    5,1,2  .9997 (o)  15,1,15  1.1e-3( 5) 14e-3    3   2.0    0
 1144  1.0e-2   1  10.76  2026.01.11  15,12,2  2.0e-3    4,1,1  -13e-4(o)  15,1,15  1.1e-3( 5) 14e-3    3   1.0    0
 1145  1.0e-2   1  10.77  2026.01.11  1,15,15  -38e-4  15,12,1  1.3e-3(g)  15,1,15  1.1e-3( 5) 14e-3    3   2.0    0
 1146  1.0e-2   1  10.78  2026.01.11  1,15,15  -13e-4  15,12,1  1.3e-3(g)  15,1,15  1.1e-3( 5) 14e-3    3   1.0    0
 1147  1.0e-2   1  10.79  2026.01.11  1,15,15  -54e-4   12,9,6  1.000 (o)  15,1,15  1.1e-3( 5) 14e-3    3   2.0    0
 1148  1.0e-2   1  10.80  2026.01.11   12,9,6  1.1e-2  15,12,1  -13e-4(o)  15,1,15  1.1e-3( 5) 14e-3    3   1.0    0
 1149  1.0e-2   1  10.81  2026.01.11   12,9,6  -66e-4  15,12,1  1.3e-3(g)  15,1,15  1.0e-3( 5) 14e-3    3   2.0    0
 1150  1.0e-2   1  10.82  2026.01.11  1,15,15  -13e-4  15,12,1  -13e-4(o)  15,1,15  1.0e-3( 5) 14e-3    3   1.0    0
 1151  1.0e-2   1  10.83  2026.01.11  1,15,15  -52e-4  15,12,1  1.3e-3(g)  15,1,15  1.0e-3( 5) 14e-3    3   2.0    0
 1152  1.0e-2   1  10.84  2026.01.11  1,15,15  -11e-4  15,12,1  -13e-4(o)  15,1,15  1.0e-3( 5) 14e-3    3   1.0    0
 1153  1.0e-2   1  10.85  2026.01.11  1,15,15  -47e-4  6,10,10  .9999 (o)  15,1,15  1.0e-3( 5) 14e-3    3   2.0    0
 1154  1.0e-2   1  10.86  2026.01.11  6,10,10  9.7e-3  15,12,1  -13e-4(o)  15,1,15  1.0e-3( 5) 14e-3    3   1.0    0
 1155  1.0e-2   1  10.87  2026.01.11  6,10,10  -75e-4  15,12,1  -13e-4(o)  15,1,15  1.0e-3( 5) 14e-3    3   2.0    0
 1156  1.0e-2   1  10.88  2026.01.11  1,15,15  -13e-4  15,12,1  1.3e-3(g)  15,1,15  1.0e-3( 5) 14e-3    3   1.0    0
 1157  1.0e-2   1  10.89  2026.01.11  1,15,15  -51e-4  15,12,1  1.3e-3(g)  15,1,15  1.0e-3( 5) 14e-3    3   2.0    0
 1158  1.0e-2   1  10.90  2026.01.11  1,15,15  -12e-4  15,12,1  -13e-4(o)  15,1,15  1.0e-3( 5) 14e-3    3   1.0    0
 1159  1.0e-2   1  10.91  2026.01.11  1,15,15  -44e-4  15,12,1  -13e-4(o)  15,1,15  1.0e-3( 5) 14e-3    3   2.0    0
 1160  1.0e-2   1  10.92  2026.01.11  2,14,15  -12e-4   9,15,7  1.000 (o)  15,1,15  1.0e-3( 5) 14e-3    3   1.0    0
1

                                     G E M   T I M E   S T E P   S U M M A R Y
                                               sanwei 30cm shale CO2
 ====================================================================================================================
     Time Step            Time                            Maximum Changes                       Mat  Cum    Solver
 ----------------- ----------------- ---------------------------------------------------------  Bal  time -----------
       Size Newton                        Pressure         Saturation         Composition       Err  step Iter/   Cum
 No.   days  cycls  Days     Date      Block     kpa     Block   Fraction   Block    Fraction    %   cuts  Cycl  Fail
 ----  ------ ---- ------ ---------- --------- ------ --------- --------- --------- ---------- ----- ---- ----- -----
 1161  1.0e-2   1  10.93  2026.01.11   14,1,4  3.1e-2   5,14,7  .9998 (o)  15,1,15  1.0e-3( 5) 14e-3    3   2.0    0
 1162  1.0e-2   1  10.94  2026.01.11   14,1,4  -10e-3  15,12,1  1.3e-3(g)  15,1,15  1.0e-3( 5) 14e-3    3   2.0    0
 1163  1.0e-2   1  10.95  2026.01.11  1,13,15  -20e-4  15,12,1  -13e-4(o)  15,1,15  1.0e-3( 5) 14e-3    3   1.0    0
 1164  1.0e-2   1  10.96  2026.01.11  1,15,15  -57e-4  15,12,1  1.3e-3(g)  15,1,15  1.0e-3( 5) 14e-3    3   2.0    0
 1165  1.0e-2   1  10.97  2026.01.11  1,15,15  -10e-4   9,5,10  .9999 (o)  15,1,15  1.0e-3( 5) 14e-3    3   1.0    0
 1166  1.0e-2   1  10.98  2026.01.11  11,7,10  8.7e-3  15,12,1  1.3e-3(g)  15,1,15  1.0e-3( 5) 14e-3    3   2.0    0
 1167  1.0e-2   1  10.99  2026.01.11  11,7,10  -64e-4   14,6,7  .9999 (o)  15,1,15  1.0e-3( 5) 14e-3    3   2.0    0
 1168  1.0e-2   1  11.00  2026.01.11   14,6,7  2.0e-3  15,12,1  1.3e-3(g)  15,1,15  1.0e-3( 5) 14e-3    3   1.0    0
 1169  1.0e-2   1  11.01  2026.01.12  1,15,15  -50e-4  15,12,1  1.3e-3(g)  15,1,15  1.0e-3( 5) 14e-3    3   2.0    0
 1170  1.0e-2   1  11.02  2026.01.12  1,15,15  -11e-4  15,12,1  -13e-4(o)  15,1,15  1.0e-3( 5) 14e-3    3   1.0    0
 1171  1.0e-2   1  11.03  2026.01.12  1,15,15  -47e-4  15,12,1  1.3e-3(g)  15,1,15  1.0e-3( 5) 14e-3    3   2.0    0
 1172  1.0e-2   1  11.04  2026.01.12  1,15,15  -10e-4  15,12,1  -13e-4(o)  15,1,15  1.0e-3( 5) 14e-3    3   1.0    0
 1173  1.0e-2   1  11.05  2026.01.12  1,15,15  -14e-4  15,12,1  1.3e-3(g)  15,1,15  1.0e-3( 5) 14e-3    3   1.0    0
 1174  1.0e-2   1  11.06  2026.01.12  1,15,15  -54e-4  15,12,1  1.3e-3(g)  15,1,15  1.0e-3( 5) 14e-3    3   2.0    0
 1175  1.0e-2   1  11.07  2026.01.12   1,2,15  -13e-3  15,12,1  -13e-4(o)  15,1,15  1.0e-3( 5) 14e-3    3   2.0    0
 1176  1.0e-2   1  11.08  2026.01.12   1,2,15  2.3e-2  15,12,1  -13e-4(o)  15,1,15  1.0e-3( 5) 14e-3    3   2.0    0
 1177  1.0e-2   1  11.09  2026.01.12   1,2,15  -13e-3  15,12,1  -13e-4(o)  15,1,15  1.0e-3( 5) 14e-3    3   2.0    0
 1178  1.0e-2   1  11.10  2026.01.12  1,15,15  -13e-4  15,12,1  1.3e-3(g)  15,1,15  1.0e-3( 5) 14e-3    3   1.0    0
 1179  1.0e-2   1  11.11  2026.01.12  1,15,15  -55e-4  15,12,1  -13e-4(o)  15,1,15  1.0e-3( 5) 14e-3    3   2.0    0
 1180  1.0e-2   1  11.12  2026.01.12  1,15,15  -88e-5   12,9,5  .9997 (o)  15,1,15  1.0e-3( 5) 14e-3    3   1.0    0
1

                                     G E M   T I M E   S T E P   S U M M A R Y
                                               sanwei 30cm shale CO2
 ====================================================================================================================
     Time Step            Time                            Maximum Changes                       Mat  Cum    Solver
 ----------------- ----------------- ---------------------------------------------------------  Bal  time -----------
       Size Newton                        Pressure         Saturation         Composition       Err  step Iter/   Cum
 No.   days  cycls  Days     Date      Block     kpa     Block   Fraction   Block    Fraction    %   cuts  Cycl  Fail
 ----  ------ ---- ------ ---------- --------- ------ --------- --------- --------- ---------- ----- ---- ----- -----
 1181  1.0e-2   1  11.13  2026.01.12   12,9,5  7.5e-3  15,12,1  -13e-4(o)  15,1,15  1.0e-3( 5) 14e-3    3   2.0    0
 1182  1.0e-2   1  11.14  2026.01.12   12,9,5  -16e-4  15,12,1  -13e-4(o)  15,1,15  1.0e-3( 5) 14e-3    3   1.0    0
 1183  1.0e-2   1  11.15  2026.01.12  2,15,15  -58e-4  15,12,1  1.3e-3(g)  15,1,15  1.0e-3( 5) 14e-3    3   2.0    0
 1184  1.0e-2   1  11.16  2026.01.12    7,4,5  -92e-5  10,12,5  .9999 (o)  15,1,15  1.0e-3( 5) 14e-3    3   1.0    0
 1185  1.0e-2   1  11.17  2026.01.12  10,12,5  1.3e-2  10,12,4  .9999 (o)  15,1,15  1.0e-3( 5) 14e-3    3   2.0    0
 1186  1.0e-2   1  11.18  2026.01.12  10,12,4  9.4e-3  15,12,1  1.3e-3(g)  15,1,15  1.0e-3( 5) 14e-3    3   2.0    0
 1187  1.0e-2   1  11.19  2026.01.12  10,12,4  -69e-4  15,12,1  -13e-4(o)  15,1,15  1.0e-3( 5) 14e-3    3   2.0    0
 1188  1.0e-2   1  11.20  2026.01.12  1,15,15  -13e-4  15,12,1  1.3e-3(g)  15,1,15  1.0e-3( 5) 14e-3    3   1.0    0
 1189  1.0e-2   1  11.21  2026.01.12  1,15,15  -50e-4 10,10,11  .9999 (o)  15,1,15  1.0e-3( 5) 14e-3    3   2.0    0
 1190  1.0e-2   1  11.22  2026.01.12   6,6,11  1.4e-2  15,12,1  -13e-4(o)  15,1,15  1.0e-3( 5) 14e-3    3   2.0    0
 1191  1.0e-2   1  11.23  2026.01.12 10,10,11  -11e-3  15,12,1  1.3e-3(g)  15,1,15  1.0e-3( 5) 14e-3    3   2.0    0
 1192  1.0e-2   1  11.24  2026.01.12 10,10,11  -16e-4  15,12,1  -13e-4(o)  15,1,15  1.0e-3( 5) 14e-3    3   1.0    0
 1193  1.0e-2   1  11.25  2026.01.12  1,15,15  -46e-4   8,15,7  .9998 (o)  15,1,15  1.0e-3( 5) 14e-3    3   2.0    0
 1194  1.0e-2   1  11.26  2026.01.12    1,8,7  1.7e-3   5,11,6  .9999 (o)  15,1,15  1.0e-3( 5) 14e-3    3   1.0    0
 1195  1.0e-2   1  11.27  2026.01.12   5,11,6  1.0e-2  15,12,1  -13e-4(o)  15,1,15  1.0e-3( 5) 14e-3    3   2.0    0
 1196  1.0e-2   1  11.28  2026.01.12   5,11,6  -49e-4  15,12,1  1.3e-3(g)  15,1,15  1.0e-3( 5) 14e-3    3   1.0    0
 1197  1.0e-2   1  11.29  2026.01.12  1,15,15  -45e-4  15,12,1  -13e-4(o)  15,1,15  1.0e-3( 5) 14e-3    3   2.0    0
 1198  1.0e-2   1  11.30  2026.01.12  15,1,13  -16e-4   13,4,9  .9999 (o)  15,1,15  1.0e-3( 5) 14e-3    3   1.0    0
 1199  1.0e-2   1  11.31  2026.01.12  12,3,10  2.9e-3  10,15,7  .9998 (o)  15,1,15  1.0e-3( 5) 14e-3    3   2.0    0
 1200  1.0e-2   1  11.32  2026.01.12   12,9,4  6.3e-3    9,1,2  .9997 (o)  15,1,15  1.0e-3( 5) 14e-3    3   2.0    0
1

                                     G E M   T I M E   S T E P   S U M M A R Y
                                               sanwei 30cm shale CO2
 ====================================================================================================================
     Time Step            Time                            Maximum Changes                       Mat  Cum    Solver
 ----------------- ----------------- ---------------------------------------------------------  Bal  time -----------
       Size Newton                        Pressure         Saturation         Composition       Err  step Iter/   Cum
 No.   days  cycls  Days     Date      Block     kpa     Block   Fraction   Block    Fraction    %   cuts  Cycl  Fail
 ----  ------ ---- ------ ---------- --------- ------ --------- --------- --------- ---------- ----- ---- ----- -----
 1201  1.0e-2   1  11.33  2026.01.12  10,15,7  -32e-4    4,1,1  1.3e-3(g)  15,1,15  9.9e-4( 5) 14e-3    3   1.0    0
 1202  1.0e-2   1  11.34  2026.01.12  1,15,15  -44e-4  15,12,1  1.3e-3(g)  15,1,15  9.9e-4( 5) 14e-3    3   2.0    0
 1203  1.0e-2   1  11.35  2026.01.12   12,9,4  -81e-5  15,12,1  .9991 (o)  15,1,15  9.9e-4( 5) 14e-3    3   1.0    0
 1204  1.0e-2   1  11.36  2026.01.12  1,15,15  -54e-4    4,1,2  1.1e-3(g)  15,1,15  9.9e-4( 5) 14e-3    3   2.0    0
 1205  1.0e-2   1  11.37  2026.01.12    4,1,1  -31e-4    4,1,2  -12e-4(o)  15,1,15  9.9e-4( 5) 14e-3    3   2.0    0
 1206  1.0e-2   1  11.38  2026.01.12  1,15,15  -10e-4    4,1,2  -12e-4(o)  15,1,15  9.8e-4( 5) 14e-3    3   1.0    0
 1207  1.0e-2   1  11.39  2026.01.12  1,15,15  -45e-4    4,1,2  -12e-4(o)  15,1,15  9.8e-4( 5) 14e-3    3   2.0    0
 1208  1.0e-2   1  11.40  2026.01.12  1,15,15  -86e-5    4,1,2  -12e-4(o)  15,1,15  9.8e-4( 5) 14e-3    3   1.0    0
 1209  1.0e-2   1  11.41  2026.01.12  1,15,15  -39e-4    4,1,2  1.3e-3(g)  15,1,15  9.8e-4( 5) 14e-3    3   2.0    0
 1210  1.0e-2   1  11.42  2026.01.12  1,15,15  -89e-5   7,9,12  1.000 (o)  15,1,15  9.8e-4( 5) 14e-3    3   1.0    0
 1211  1.0e-2   1  11.43  2026.01.12   7,9,12  6.9e-3    4,1,2  -13e-4(o)  15,1,15  9.7e-4( 5) 14e-3    3   1.0    0
 1212  1.0e-2   1  11.44  2026.01.12   7,9,12  -62e-4    4,1,2  1.3e-3(g)  15,1,15  9.7e-4( 5) 14e-3    3   2.0    0
 1213  1.0e-2   1  11.45  2026.01.12  1,15,15  -10e-4    4,1,2  -13e-4(o)  15,1,15  9.7e-4( 5) 14e-3    3   1.0    0
 1214  1.0e-2   1  11.46  2026.01.12  1,15,15  -45e-4    4,1,2  -13e-4(o)  15,1,15  9.7e-4( 5) 14e-3    3   2.0    0
 1215  1.0e-2   1  11.47  2026.01.12  1,15,15  -87e-5    4,1,2  1.3e-3(g)  15,1,15  9.7e-4( 5) 14e-3    3   1.0    0
 1216  1.0e-2   1  11.48  2026.01.12  1,15,15  -12e-4  14,15,1  .9999 (o)  15,1,15  9.6e-4( 5) 14e-3    3   1.0    0
 1217  1.0e-2   1  11.49  2026.01.12  1,15,15  -43e-4   5,11,5  .9998 (o)  15,1,15  9.6e-4( 5) 14e-3    3   2.0    0
 1218  1.0e-2   1  11.50  2026.01.12   5,11,5  9.8e-3    4,1,2  -13e-4(o)  15,1,15  9.6e-4( 5) 14e-3    3   1.0    0
 1219  1.0e-2   1  11.51  2026.01.12   5,11,5  -51e-4    4,1,2  1.3e-3(g)  15,1,15  9.6e-4( 5) 14e-3    3   2.0    0
 1220  1.0e-2   1  11.52  2026.01.12   5,11,5  -14e-4   4,10,4  .9998 (o)  15,1,15  9.6e-4( 5) 14e-3    3   1.0    0
1

                                     G E M   T I M E   S T E P   S U M M A R Y
                                               sanwei 30cm shale CO2
 ====================================================================================================================
     Time Step            Time                            Maximum Changes                       Mat  Cum    Solver
 ----------------- ----------------- ---------------------------------------------------------  Bal  time -----------
       Size Newton                        Pressure         Saturation         Composition       Err  step Iter/   Cum
 No.   days  cycls  Days     Date      Block     kpa     Block   Fraction   Block    Fraction    %   cuts  Cycl  Fail
 ----  ------ ---- ------ ---------- --------- ------ --------- --------- --------- ---------- ----- ---- ----- -----
 1221  1.0e-2   1  11.53  2026.01.12   4,10,4  7.4e-3    4,1,2  -13e-4(o)  15,1,15  9.5e-4( 5) 14e-3    3   2.0    0
 1222  1.0e-2   1  11.54  2026.01.12  15,15,4  -81e-4  15,12,2  -13e-4(o)  15,1,15  9.5e-4( 5) 14e-3    3   2.0    0
 1223  1.0e-2   1  11.55  2026.01.12    1,1,4  -89e-4  15,12,2  -13e-4(o)  15,1,15  9.5e-4( 5) 14e-3    3   1.0    0
 1224  1.0e-2   1  11.56  2026.01.12  1,15,15  -42e-4   5,14,8  .9999 (o)  15,1,15  9.5e-4( 5) 14e-3    3   2.0    0
 1225  1.0e-2   1  11.57  2026.01.12   2,11,9  1.3e-3  15,12,2  1.3e-3(g)  15,1,15  9.5e-4( 5) 14e-3    3   1.0    0
 1226  1.0e-2   1  11.58  2026.01.12  1,15,15  -11e-4  15,12,2  -13e-4(o)  15,1,15  9.4e-4( 5) 14e-3    3   1.0    0
 1227  1.0e-2   1  11.59  2026.01.12  1,15,15  -44e-4  15,12,2  1.3e-3(g)  15,1,15  9.4e-4( 5) 14e-3    3   2.0    0
 1228  1.0e-2   1  11.60  2026.01.12  1,15,15  -85e-5  15,12,2  1.3e-3(g)  15,1,15  9.4e-4( 5) 14e-3    3   1.0    0
 1229  1.0e-2   1  11.61  2026.01.12  1,15,15  -11e-4  15,12,2  -13e-4(o)  15,1,15  9.4e-4( 5) 14e-3    3   1.0    0
 1230  1.0e-2   1  11.62  2026.01.12  1,15,15  -45e-4  15,12,2  1.3e-3(g)  15,1,15  9.4e-4( 5) 14e-3    3   2.0    0
 1231  1.0e-2   1  11.63  2026.01.12  1,15,15  -82e-5   9,15,9  .9999 (o)  15,1,15  9.3e-4( 5) 14e-3    3   1.0    0
 1232  1.0e-2   1  11.64  2026.01.12   1,7,10  2.0e-3  15,12,2  -13e-4(o)  15,1,15  9.3e-4( 5) 14e-3    3   1.0    0
 1233  1.0e-2   1  11.65  2026.01.12  1,15,15  -42e-4  15,12,2  1.3e-3(g)  15,1,15  9.3e-4( 5) 14e-3    3   2.0    0
 1234  1.0e-2   1  11.66  2026.01.12  1,15,15  -86e-5  12,10,6  .9997 (o)  15,1,15  9.3e-4( 5) 14e-3    3   1.0    0
 1235  1.0e-2   1  11.67  2026.01.12  12,10,6  9.3e-3   5,9,10  .9998 (o)  15,1,15  9.3e-4( 5) 14e-3    3   2.0    0
 1236  1.0e-2   1  11.68  2026.01.12   5,9,10  3.8e-3  15,12,2  1.3e-3(g)  15,1,15  9.2e-4( 5) 14e-3    3   1.0    0
 1237  1.0e-2   1  11.69  2026.01.12  1,15,15  -39e-4  15,12,2  -13e-4(o)  15,1,15  9.2e-4( 5) 14e-3    3   2.0    0
 1238  1.0e-2   1  11.70  2026.01.12    6,4,6  -10e-4  15,12,2  -13e-4(o)  15,1,15  9.2e-4( 5) 14e-3    3   1.0    0
 1239  1.0e-2   1  11.71  2026.01.12  1,15,15  -38e-4  15,12,2  1.3e-3(g)  15,1,15  9.2e-4( 5) 14e-3    3   2.0    0
 1240  1.0e-2   1  11.72  2026.01.12  1,15,15  -82e-5  15,12,2  -13e-4(o)  15,1,15  9.2e-4( 5) 14e-3    3   1.0    0
1

                                     G E M   T I M E   S T E P   S U M M A R Y
                                               sanwei 30cm shale CO2
 ====================================================================================================================
     Time Step            Time                            Maximum Changes                       Mat  Cum    Solver
 ----------------- ----------------- ---------------------------------------------------------  Bal  time -----------
       Size Newton                        Pressure         Saturation         Composition       Err  step Iter/   Cum
 No.   days  cycls  Days     Date      Block     kpa     Block   Fraction   Block    Fraction    %   cuts  Cycl  Fail
 ----  ------ ---- ------ ---------- --------- ------ --------- --------- --------- ---------- ----- ---- ----- -----
 1241  1.0e-2   1  11.73  2026.01.12  1,15,15  -11e-4  15,12,2  1.3e-3(g)  15,1,15  9.1e-4( 5) 14e-3    3   1.0    0
 1242  1.0e-2   1  11.74  2026.01.12  1,15,15  -42e-4  15,12,2  -13e-4(o)  15,1,15  9.1e-4( 5) 14e-3    3   2.0    0
 1243  1.0e-2   1  11.75  2026.01.12  1,15,15  -80e-5  15,12,2  1.3e-3(g)  15,1,15  9.1e-4( 5) 14e-3    3   1.0    0
 1244  1.0e-2   1  11.76  2026.01.12  1,15,15  -11e-4  15,12,2  -13e-4(o)  15,1,15  9.1e-4( 5) 14e-3    3   1.0    0
 1245  1.0e-2   1  11.77  2026.01.12  1,15,15  -43e-4  15,12,2  -13e-4(o)  15,1,15  9.1e-4( 5) 14e-3    3   2.0    0
 1246  1.0e-2   1  11.78  2026.01.12  1,15,15  -78e-5  15,12,2  -13e-4(o)  15,1,15  9.0e-4( 5) 14e-3    3   1.0    0
 1247  1.0e-2   1  11.79  2026.01.12  1,15,15  -11e-4  15,12,2  1.3e-3(g)  15,1,15  9.0e-4( 5) 14e-3    3   1.0    0
 1248  1.0e-2   1  11.80  2026.01.12  1,15,15  -42e-4  10,15,8  .9998 (o)  15,1,15  9.0e-4( 5) 14e-3    3   2.0    0
 1249  1.0e-2   1  11.81  2026.01.12    1,6,9  1.6e-3  15,12,2  1.3e-3(g)  15,1,15  9.0e-4( 5) 14e-3    3   1.0    0
 1250  1.0e-2   1  11.82  2026.01.12    1,6,8  -18e-4  15,12,2  -13e-4(o)  15,1,15  8.9e-4( 5) 14e-3    3   1.0    0
 1251  1.0e-2   1  11.83  2026.01.12  1,15,15  -41e-4  10,8,12  .9999 (o)  15,1,15  8.9e-4( 5) 14e-3    3   2.0    0
 1252  1.0e-2   1  11.84  2026.01.12  10,8,12  3.2e-3  15,12,2  1.3e-3(g)  15,1,15  8.9e-4( 5) 14e-3    3   1.0    0
 1253  1.0e-2   1  11.85  2026.01.12  1,15,15  -10e-4   8,15,8  .9998 (o)  15,1,15  8.9e-4( 5) 14e-3    3   1.0    0
 1254  1.0e-2   2  11.86  2026.01.12  1,15,15  -57e-4  15,12,2  .9998 (o)  15,1,15  8.9e-4( 5) 14e-3    3   3.0    0
 1255  1.0e-2   1  11.87  2026.01.12  15,12,2  -10e-4  15,13,1  1.0e-3(g)  15,1,15  8.8e-4( 5) 14e-3    3   1.0    0
 1256  1.0e-2   1  11.88  2026.01.12  1,15,15  -91e-5   2,11,9  .9999 (o)  15,1,15  8.8e-4( 5) 14e-3    3   1.0    0
 1257  1.0e-2   1  11.89  2026.01.12  5,14,10  1.8e-3  15,13,1  1.0e-3(g)  15,1,15  8.8e-4( 5) 14e-3    3   1.0    0
 1258  1.0e-2   1  11.90  2026.01.12  1,15,15  -11e-4  15,13,1  -10e-4(o)  15,1,15  8.8e-4( 5) 14e-3    3   1.0    0
 1259  1.0e-2   1  11.91  2026.01.12  1,15,15  -41e-4  11,12,6  .9998 (o)  15,1,15  8.8e-4( 5) 14e-3    3   2.0    0
 1260  1.0e-2   1  11.92  2026.01.12  11,12,6  1.1e-2  15,13,1  -10e-4(o)  15,1,15  8.7e-4( 5) 14e-3    3   1.0    0
1

                                     G E M   T I M E   S T E P   S U M M A R Y
                                               sanwei 30cm shale CO2
 ====================================================================================================================
     Time Step            Time                            Maximum Changes                       Mat  Cum    Solver
 ----------------- ----------------- ---------------------------------------------------------  Bal  time -----------
       Size Newton                        Pressure         Saturation         Composition       Err  step Iter/   Cum
 No.   days  cycls  Days     Date      Block     kpa     Block   Fraction   Block    Fraction    %   cuts  Cycl  Fail
 ----  ------ ---- ------ ---------- --------- ------ --------- --------- --------- ---------- ----- ---- ----- -----
 1261  1.0e-2   1  11.93  2026.01.12  11,12,6  -65e-4  15,13,1  1.0e-3(g)  15,1,15  8.7e-4( 5) 14e-3    3   1.0    0
 1262  1.0e-2   1  11.94  2026.01.12  1,15,15  -40e-4  15,13,1  -10e-4(o)  15,1,15  8.7e-4( 5) 14e-3    3   2.0    0
 1263  1.0e-2   1  11.95  2026.01.12    4,5,6  -10e-4  15,13,1  1.0e-3(g)  15,1,15  8.7e-4( 5) 14e-3    3   1.0    0
 1264  1.0e-2   1  11.96  2026.01.12  1,15,15  -10e-4  15,13,1  -10e-4(o)  15,1,15  8.7e-4( 5) 14e-3    3   1.0    0
 1265  1.0e-2   1  11.97  2026.01.12  1,15,15  -41e-4  15,13,1  1.0e-3(g)  15,1,15  8.6e-4( 5) 14e-3    3   2.0    0
 1266  1.0e-2   1  11.98  2026.01.12  1,15,15  -72e-5   4,10,6  .9999 (o)  15,1,15  8.6e-4( 5) 14e-3    3   1.0    0
 1267  1.0e-2   1  11.99  2026.01.12   6,12,6  8.5e-3  15,13,1  -10e-4(o)  15,1,15  8.6e-4( 5) 14e-3    3   2.0    0
 1268  1.0e-2   1  12.00  2026.01.12   15,2,5  5.3e-3  15,13,1  1.0e-3(g)  15,1,15  8.6e-4( 5) 14e-3    3   1.0    0
 1269  1.0e-2   1  12.01  2026.01.13   15,2,5  -29e-4  10,15,9  .9997 (o)  15,1,15  8.6e-4( 5) 14e-3    3   1.0    0
 1270  1.0e-2   1  12.02  2026.01.13  1,15,15  -38e-4  15,13,1  -10e-4(o)  15,1,15  8.5e-4( 5) 14e-3    3   2.0    0
 1271  1.0e-2   1  12.03  2026.01.13  10,15,9  -15e-4  15,13,1  1.0e-3(g)  15,1,15  8.5e-4( 5) 14e-3    3   1.0    0
 1272  1.0e-2   1  12.04  2026.01.13  1,15,15  -11e-4  15,13,1  1.0e-3(g)  15,1,15  8.5e-4( 5) 14e-3    3   1.0    0
 1273  1.0e-2   1  12.05  2026.01.13   14,2,6  -82e-4   12,3,3  .9998 (o)  15,1,15  8.5e-4( 5) 14e-3    3   2.0    0
 1274  1.0e-2   1  12.06  2026.01.13   14,2,6  1.3e-2  15,13,1  -10e-4(o)  15,1,15  8.5e-4( 5) 14e-3    3   2.0    0
 1275  1.0e-2   1  12.07  2026.01.13   14,2,6  -61e-4  15,13,1  1.0e-3(g)  15,1,15  8.4e-4( 5) 14e-3    3   2.0    0
 1276  1.0e-2   1  12.08  2026.01.13   14,2,6  -14e-4  15,13,1  1.0e-3(g)  15,1,15  8.4e-4( 5) 14e-3    3   1.0    0
 1277  1.0e-2   1  12.09  2026.01.13  1,15,15  -41e-4   8,15,9  .9999 (o)  15,1,15  8.4e-4( 5) 14e-3    3   2.0    0
 1278  1.0e-2   1  12.10  2026.01.13   6,5,10  7.5e-3  15,13,1  1.0e-3(g)  15,1,15  8.4e-4( 5) 14e-3    3   1.0    0
 1279  1.0e-2   1  12.11  2026.01.13 11,10,10  -36e-4  15,13,1  -10e-4(o)  15,1,15  8.4e-4( 5) 14e-3    3   1.0    0
 1280  1.0e-2   1  12.12  2026.01.13 11,10,10  -13e-4  15,13,1  1.0e-3(g)  15,1,15  8.3e-4( 5) 14e-3    3   1.0    0
1

                                     G E M   T I M E   S T E P   S U M M A R Y
                                               sanwei 30cm shale CO2
 ====================================================================================================================
     Time Step            Time                            Maximum Changes                       Mat  Cum    Solver
 ----------------- ----------------- ---------------------------------------------------------  Bal  time -----------
       Size Newton                        Pressure         Saturation         Composition       Err  step Iter/   Cum
 No.   days  cycls  Days     Date      Block     kpa     Block   Fraction   Block    Fraction    %   cuts  Cycl  Fail
 ----  ------ ---- ------ ---------- --------- ------ --------- --------- --------- ---------- ----- ---- ----- -----
 1281  1.0e-2   1  12.13  2026.01.13  1,15,15  -41e-4  15,13,1  1.0e-3(g)  15,1,15  8.3e-4( 5) 14e-3    3   2.0    0
 1282  1.0e-2   1  12.14  2026.01.13 11,10,10  -10e-4  15,13,1  -10e-4(o)  15,1,15  8.3e-4( 5) 14e-3    3   1.0    0
 1283  1.0e-2   1  12.15  2026.01.13  1,15,15  -98e-5  10,6,11  .9999 (o)  15,1,15  8.3e-4( 5) 14e-3    3   1.0    0
 1284  1.0e-2   1  12.16  2026.01.13  10,6,11  1.1e-2  15,13,1  -10e-4(o)  15,1,15  8.3e-4( 5) 14e-3    3   2.0    0
 1285  1.0e-2   1  12.17  2026.01.13  10,6,11  -69e-4  15,13,1  -10e-4(o)  15,1,15  8.2e-4( 5) 14e-3    3   2.0    0
 1286  1.0e-2   1  12.18  2026.01.13  10,6,11  -14e-4  15,13,1  1.0e-3(g)  15,1,15  8.2e-4( 5) 14e-3    3   1.0    0
 1287  1.0e-2   1  12.19  2026.01.13  10,6,11  -13e-4  15,13,1  -10e-4(o)  15,1,15  8.2e-4( 5) 14e-3    3   1.0    0
 1288  1.0e-2   1  12.20  2026.01.13  1,15,15  -43e-4  15,13,1  -10e-4(o)  15,1,15  8.2e-4( 5) 14e-3    3   2.0    0
 1289  1.0e-2   1  12.21  2026.01.13  10,6,11  -95e-5  15,13,1  1.0e-3(g)  15,1,15  8.2e-4( 5) 14e-3    3   1.0    0
 1290  1.0e-2   1  12.22  2026.01.13  1,15,15  -96e-5   5,6,10  .9998 (o)  15,1,15  8.1e-4( 5) 14e-3    3   1.0    0
 1291  1.0e-2   1  12.23  2026.01.13   5,6,10  6.6e-3  15,13,1  1.0e-3(g)  15,1,15  8.1e-4( 5) 14e-3    3   1.0    0
 1292  1.0e-2   1  12.24  2026.01.13  1,15,15  -40e-4   13,3,1  .9999 (o)  15,1,15  8.1e-4( 5) 14e-3    3   2.0    0
 1293  1.0e-2   1  12.25  2026.01.13 10,11,10  -14e-4  15,13,1  1.0e-3(g)  15,1,15  8.1e-4( 5) 14e-3    3   1.0    0
 1294  1.0e-2   1  12.26  2026.01.13 10,11,10  -12e-4  15,13,1  1.0e-3(g)  15,1,15  8.1e-4( 5) 14e-3    3   1.0    0
 1295  1.0e-2   1  12.27  2026.01.13 10,11,10  -11e-4  15,13,1  -10e-4(o)  15,1,15  8.0e-4( 5) 14e-3    3   1.0    0
 1296  1.0e-2   1  12.28  2026.01.13  1,15,15  -44e-4  15,13,1  1.0e-3(g)  15,1,15  8.0e-4( 5) 14e-3    3   2.0    0
 1297  1.0e-2   1  12.29  2026.01.13 10,11,10  -79e-5  11,15,7  .9997 (o)  15,1,15  8.0e-4( 5) 14e-3    3   1.0    0
 1298  1.0e-2   1  12.30  2026.01.13  11,15,7  3.9e-3  15,13,1  1.0e-3(g)  15,1,15  8.0e-4( 5) 14e-3    3   1.0    0
 1299  1.0e-2   1  12.31  2026.01.13  11,15,7  -34e-4  15,13,1  -10e-4(o)  15,1,15  8.0e-4( 5) 14e-3    3   1.0    0
 1300  1.0e-2   1  12.32  2026.01.13  1,15,15  -41e-4  15,13,1  -10e-4(o)  15,1,15  7.9e-4( 5) 14e-3    3   2.0    0
1

                                     G E M   T I M E   S T E P   S U M M A R Y
                                               sanwei 30cm shale CO2
 ====================================================================================================================
     Time Step            Time                            Maximum Changes                       Mat  Cum    Solver
 ----------------- ----------------- ---------------------------------------------------------  Bal  time -----------
       Size Newton                        Pressure         Saturation         Composition       Err  step Iter/   Cum
 No.   days  cycls  Days     Date      Block     kpa     Block   Fraction   Block    Fraction    %   cuts  Cycl  Fail
 ----  ------ ---- ------ ---------- --------- ------ --------- --------- --------- ---------- ----- ---- ----- -----
 1301  1.0e-2   1  12.33  2026.01.13  1,15,15  -66e-5  15,13,1  1.0e-3(g)  15,1,15  7.9e-4( 5) 14e-3    3   1.0    0
 1302  1.0e-2   1  12.34  2026.01.13  1,15,15  -92e-5  15,13,1  1.0e-3(g)  15,1,15  7.9e-4( 5) 14e-3    3   1.0    0
 1303  1.0e-2   1  12.35  2026.01.13  1,15,15  -10e-4  15,13,1  1.0e-3(g)  15,1,15  7.9e-4( 5) 14e-3    3   1.0    0
 1304  1.0e-2   1  12.36  2026.01.13  1,15,15  -42e-4  15,13,1  -10e-4(o)  15,1,15  7.9e-4( 5) 14e-3    3   2.0    0
 1305  1.0e-2   1  12.37  2026.01.13 15,15,11  -63e-5  15,13,1  -10e-4(o)  15,1,15  7.8e-4( 5) 14e-3    3   1.0    0
 1306  1.0e-2   1  12.38  2026.01.13  1,15,15  -90e-5  12,10,4  1.000 (o) 15,15,13  7.8e-4( 5) 14e-3    3   1.0    0
 1307  1.0e-2   1  12.39  2026.01.13  12,10,4  1.1e-2  15,13,2  1.0e-3(g) 15,15,13  7.8e-4( 5) 14e-3    3   2.0    0
 1308  1.0e-2   1  12.40  2026.01.13    6,4,4  -85e-4  15,13,2  -10e-4(o) 15,15,13  7.8e-4( 5) 14e-3    3   1.0    0
 1309  1.0e-2   1  12.41  2026.01.13  12,10,4  -10e-4   15,9,9  1.000 (o) 15,15,13  7.8e-4( 5) 14e-3    3   1.0    0
 1310  1.0e-2   1  12.42  2026.01.13  15,9,10  2.4e-3  15,13,2  1.0e-3(g) 15,15,13  7.8e-4( 5) 14e-3    3   1.0    0
 1311  1.0e-2   1  12.43  2026.01.13  1,15,15  -37e-4  11,9,11  .9999 (o) 15,15,13  7.8e-4( 5) 14e-3    3   2.0    0
 1312  1.0e-2   1  12.44  2026.01.13   7,5,11  8.9e-3  8,10,12  1.000 (o) 15,15,13  7.8e-4( 5) 14e-3    3   1.0    0
 1313  1.0e-2   1  12.45  2026.01.13  8,10,12  7.9e-3   6,12,5  .9998 (o) 15,15,13  7.8e-4( 5) 14e-3    3   1.0    0
 1314  1.0e-2   1  12.46  2026.01.13   6,12,5  1.0e-2  15,13,2  1.0e-3(g) 15,15,13  7.8e-4( 5) 14e-3    3   2.0    0
 1315  1.0e-2   1  12.47  2026.01.13   6,12,5  -49e-4  15,13,2  -10e-4(o) 15,15,13  7.8e-4( 5) 14e-3    3   1.0    0
 1316  1.0e-2   1  12.48  2026.01.13   4,10,5  -13e-4  15,13,2  1.0e-3(g) 15,15,13  7.8e-4( 5) 14e-3    3   1.0    0
 1317  1.0e-2   1  12.49  2026.01.13   4,10,5  -11e-4  15,13,2  -10e-4(o) 15,15,13  7.8e-4( 5) 14e-3    3   1.0    0
 1318  1.0e-2   1  12.50  2026.01.13  1,15,15  -38e-4  15,13,2  -10e-4(o) 15,15,13  7.8e-4( 5) 14e-3    3   2.0    0
 1319  1.0e-2   1  12.51  2026.01.13   7,5,11  -70e-5  15,13,2  1.0e-3(g) 15,15,13  7.8e-4( 5) 14e-3    3   1.0    0
 1320  1.0e-2   1  12.52  2026.01.13  1,15,15  -88e-5  15,13,2  -10e-4(o) 15,15,13  7.8e-4( 5) 14e-3    3   1.0    0
1

                                     G E M   T I M E   S T E P   S U M M A R Y
                                               sanwei 30cm shale CO2
 ====================================================================================================================
     Time Step            Time                            Maximum Changes                       Mat  Cum    Solver
 ----------------- ----------------- ---------------------------------------------------------  Bal  time -----------
       Size Newton                        Pressure         Saturation         Composition       Err  step Iter/   Cum
 No.   days  cycls  Days     Date      Block     kpa     Block   Fraction   Block    Fraction    %   cuts  Cycl  Fail
 ----  ------ ---- ------ ---------- --------- ------ --------- --------- --------- ---------- ----- ---- ----- -----
 1321  1.0e-2   1  12.53  2026.01.13  1,15,15  -10e-4  15,13,2  1.0e-3(g) 15,15,13  7.8e-4( 5) 14e-3    3   1.0    0
 1322  1.0e-2   1  12.54  2026.01.13  1,15,15  -10e-4  15,13,2  -10e-4(o) 15,15,13  7.8e-4( 5) 14e-3    3   1.0    0
 1323  1.0e-2   1  12.55  2026.01.13  1,15,15  -35e-4   12,2,1  .9998 (o) 15,15,13  7.8e-4( 5) 14e-3    3   2.0    0
 1324  1.0e-2   1  12.56  2026.01.13   15,3,6  -34e-4  15,13,2  1.0e-3(g) 15,15,13  7.8e-4( 5) 14e-3    3   1.0    0
 1325  1.0e-2   1  12.57  2026.01.13   15,3,6  1.9e-3   7,15,7  1.000 (o) 15,15,13  7.8e-4( 5) 14e-3    3   1.0    0
 1326  1.0e-2   1  12.58  2026.01.13    1,9,7  2.3e-3   8,13,6  .9998 (o) 15,15,13  7.8e-4( 5) 14e-3    3   1.0    0
 1327  1.0e-2   1  12.59  2026.01.13    3,8,6  5.4e-3  15,13,2  -10e-4(o) 15,15,13  7.8e-4( 5) 14e-3    3   1.0    0
 1328  1.0e-2   1  12.60  2026.01.13  1,15,15  -11e-4  15,13,2  -10e-4(o) 15,15,13  7.8e-4( 5) 14e-3    3   1.0    0
 1329  1.0e-2   1  12.61  2026.01.13  1,15,15  -42e-4  15,13,2  1.0e-3(g) 15,15,13  7.8e-4( 5) 14e-3    3   2.0    0
 1330  1.0e-2   1  12.62  2026.01.13 15,15,12  -61e-5  9,11,11  .9998 (o) 15,15,13  7.8e-4( 5) 14e-3    3   1.0    0
 1331  1.0e-2   1  12.63  2026.01.13  9,11,11  8.4e-3  15,13,2  1.0e-3(g) 15,15,13  7.8e-4( 5) 14e-3    3   2.0    0
 1332  1.0e-2   1  12.64  2026.01.13  9,11,11  -36e-4    3,1,2  1.0e-3(g) 15,15,13  7.8e-4( 5) 14e-3    3   1.0    0
 1333  1.0e-2   1  12.65  2026.01.13   5,7,11  -15e-4   14,5,9  1.000 (o) 15,15,13  7.8e-4( 5) 14e-3    3   1.0    0
 1334  1.0e-2   1  12.66  2026.01.13  14,5,10  2.3e-3  12,11,6  .9998 (o) 15,15,13  7.7e-4( 5) 14e-3    3   1.0    0
 1335  1.0e-2   1  12.67  2026.01.13  12,11,6  1.1e-2    3,1,2  1.0e-3(g) 15,15,13  7.7e-4( 5) 14e-3    3   2.0    0
 1336  1.0e-2   1  12.68  2026.01.13  12,11,6  -57e-4    3,1,2  1.0e-3(g) 15,15,13  7.7e-4( 5) 14e-3    3   1.0    0
 1337  1.0e-2   1  12.69  2026.01.13  12,11,6  -15e-4    3,1,2  1.0e-3(g) 15,15,13  7.7e-4( 5) 14e-3    3   1.0    0
 1338  1.0e-2   1  12.70  2026.01.13    5,4,6  -11e-4   11,6,6  .9999 (o) 15,15,13  7.7e-4( 5) 14e-3    3   1.0    0
 1339  1.0e-2   1  12.71  2026.01.13  11,12,5  1.2e-2    3,1,2  1.0e-3(g) 15,15,13  7.7e-4( 5) 14e-3    3   2.0    0
 1340  1.0e-2   1  12.72  2026.01.13  11,12,5  -73e-4    3,1,2  -10e-4(o) 15,15,13  7.7e-4( 5) 14e-3    3   2.0    0
1

                                     G E M   T I M E   S T E P   S U M M A R Y
                                               sanwei 30cm shale CO2
 ====================================================================================================================
     Time Step            Time                            Maximum Changes                       Mat  Cum    Solver
 ----------------- ----------------- ---------------------------------------------------------  Bal  time -----------
       Size Newton                        Pressure         Saturation         Composition       Err  step Iter/   Cum
 No.   days  cycls  Days     Date      Block     kpa     Block   Fraction   Block    Fraction    %   cuts  Cycl  Fail
 ----  ------ ---- ------ ---------- --------- ------ --------- --------- --------- ---------- ----- ---- ----- -----
 1341  1.0e-2   1  12.73  2026.01.13    4,5,5  -15e-4    3,1,2  -10e-4(o) 15,15,13  7.7e-4( 5) 14e-3    3   1.0    0
 1342  1.0e-2   1  12.74  2026.01.13    4,5,5  -11e-4    3,1,2  -10e-4(o) 15,15,13  7.7e-4( 5) 14e-3    3   1.0    0
 1343  1.0e-2   1  12.75  2026.01.13  1,15,15  -10e-4    3,1,2  1.0e-3(g) 15,15,13  7.7e-4( 5) 14e-3    3   1.0    0
 1344  1.0e-2   1  12.76  2026.01.13  1,15,15  -39e-4   8,4,10  .9999 (o) 15,15,13  7.7e-4( 5) 14e-3    3   2.0    0
 1345  1.0e-2   1  12.77  2026.01.13  12,8,10  4.3e-3  15,13,2  -10e-4(o) 15,15,13  7.7e-4( 5) 14e-3    3   1.0    0
 1346  1.0e-2   1  12.78  2026.01.13   8,4,10  -21e-4  15,13,2  1.0e-3(g) 15,15,13  7.7e-4( 5) 14e-3    3   1.0    0
 1347  1.0e-2   1  12.79  2026.01.13  1,15,15  -90e-5   3,13,7  1.000 (o) 15,15,13  7.7e-4( 5) 14e-3    3   1.0    0
 1348  1.0e-2   1  12.80  2026.01.13   3,13,7  2.3e-3  15,10,9  .9999 (o) 15,15,13  7.7e-4( 5) 14e-3    3   1.0    0
 1349  1.0e-2   1  12.81  2026.01.13 15,10,10  2.6e-3  11,15,8  .9997 (o) 15,15,13  7.6e-4( 5) 14e-3    3   1.0    0
 1350  1.0e-2   1  12.82  2026.01.13  15,10,9  -20e-4  11,12,4  .9996 (o) 15,15,13  7.6e-4( 5) 14e-3    3   1.0    0
 1351  1.0e-2   1  12.83  2026.01.13    4,5,4  7.2e-3  15,13,2  1.0e-3(g) 15,15,13  7.6e-4( 5) 14e-3    3   2.0    0
 1352  1.0e-2   2  12.84  2026.01.13    1,1,6  -88e-4  15,13,2  -10e-4(o) 15,15,13  7.6e-4( 5) 14e-3    3   3.0    0
 1353  1.0e-2   1  12.85  2026.01.13    1,1,6  9.0e-3  15,13,2  1.0e-3(g) 15,15,13  7.6e-4( 5) 14e-3    3   1.0    0
 1354  1.0e-2   1  12.86  2026.01.13  14,1,15  -34e-4  15,13,2  -10e-4(o) 15,15,13  7.6e-4( 5) 14e-3    3   1.0    0
 1355  1.0e-2   2  12.87  2026.01.13  14,1,15  5.7e-3  15,13,2  1.0e-3(g) 15,15,13  7.6e-4( 5) 14e-3    3   2.5    0
 1356  1.0e-2   1  12.88  2026.01.13  14,1,15  -36e-4  15,13,2  -10e-4(o) 15,15,13  7.6e-4( 5) 14e-3    3   1.0    0
 1357  1.0e-2   1  12.89  2026.01.13  1,15,15  -80e-5  15,13,2  1.0e-3(g) 15,15,13  7.6e-4( 5) 14e-3    3   1.0    0
 1358  1.0e-2   1  12.90  2026.01.13  1,15,15  -86e-5  15,13,2  -10e-4(o) 15,15,13  7.6e-4( 5) 14e-3    3   1.0    0
 1359  1.0e-2   1  12.91  2026.01.13  1,15,15  -91e-5  15,13,2  -10e-4(o) 15,15,13  7.6e-4( 5) 14e-3    3   1.0    0
 1360  1.0e-2   1  12.92  2026.01.13  1,15,15  -95e-5  15,13,2  1.0e-3(g) 15,15,13  7.5e-4( 5) 14e-3    3   1.0    0
1

                                     G E M   T I M E   S T E P   S U M M A R Y
                                               sanwei 30cm shale CO2
 ====================================================================================================================
     Time Step            Time                            Maximum Changes                       Mat  Cum    Solver
 ----------------- ----------------- ---------------------------------------------------------  Bal  time -----------
       Size Newton                        Pressure         Saturation         Composition       Err  step Iter/   Cum
 No.   days  cycls  Days     Date      Block     kpa     Block   Fraction   Block    Fraction    %   cuts  Cycl  Fail
 ----  ------ ---- ------ ---------- --------- ------ --------- --------- --------- ---------- ----- ---- ----- -----
 1361  1.0e-2   1  12.93  2026.01.13  1,15,15  -99e-5   15,9,8  .9999 (o) 15,15,13  7.5e-4( 5) 14e-3    3   1.0    0
 1362  1.0e-2   1  12.94  2026.01.13   15,9,8  1.0e-3  15,13,2  -10e-4(o) 15,15,13  7.5e-4( 5) 14e-3    3   1.0    0
 1363  1.0e-2   1  12.95  2026.01.13   15,9,8  -10e-4  15,13,2  .9993 (o) 15,15,13  7.5e-4( 5) 14e-3    3   1.0    0
 1364  1.0e-2   1  12.96  2026.01.13  1,15,15  -31e-4   15,8,9  .9999 (o) 15,15,13  7.5e-4( 5) 14e-3    3   2.0    0
 1365  1.0e-2   1  12.97  2026.01.13  15,8,10  2.5e-3   14,1,4  -88e-5(o) 15,15,13  7.5e-4( 5) 14e-3    3   1.0    0
 1366  1.0e-2   1  12.98  2026.01.13   15,8,9  -92e-5   14,1,4  -88e-5(o) 15,15,13  7.5e-4( 5) 14e-3    3   1.0    0
 1367  1.0e-2   1  12.99  2026.01.13  1,15,15  -91e-5   14,1,4  -88e-5(o) 15,15,13  7.5e-4( 5) 14e-3    3   1.0    0
 1368  1.0e-2   1  13.00  2026.01.13  1,15,15  -95e-5   13,3,2  .9999 (o) 15,15,13  7.5e-4( 5) 14e-3    3   1.0    0
 1369  1.0e-2   1  13.01  2026.01.14  1,15,15  -25e-4   15,2,4  -88e-5(o) 15,15,13  7.4e-4( 5) 14e-3    3   2.0    0
 1370  1.0e-2   1  13.02  2026.01.14  1,15,15  -71e-5   15,2,4  -88e-5(o) 15,15,13  7.4e-4( 5) 14e-3    3   1.0    0
 1371  1.0e-2   1  13.03  2026.01.14  1,15,15  -84e-5   14,1,4  -88e-5(o) 15,15,13  7.4e-4( 5) 14e-3    3   1.0    0
 1372  1.0e-2   1  13.04  2026.01.14  1,15,15  -91e-5   14,1,4  -87e-5(o) 15,15,13  7.4e-4( 5) 14e-3    3   1.0    0
 1373  1.0e-2   1  13.05  2026.01.14  1,15,15  -95e-5  11,15,9  .9997 (o) 15,15,13  7.4e-4( 5) 14e-3    3   1.0    0
 1374  1.0e-2   1  13.06  2026.01.14 11,15,10  3.0e-3   11,6,5  .9999 (o) 15,15,13  7.4e-4( 5) 14e-3    3   2.0    0
 1375  1.0e-2   1  13.07  2026.01.14   11,6,5  1.0e-2   14,5,8  .9999 (o) 15,15,13  7.4e-4( 5) 14e-3    3   2.0    0
 1376  1.0e-2   1  13.08  2026.01.14   11,6,5  -42e-4   14,1,4  -87e-5(o) 15,15,13  7.4e-4( 5) 14e-3    3   1.0    0
 1377  1.0e-2   1  13.09  2026.01.14  2,15,15  -85e-5   14,1,4  -87e-5(o) 15,15,13  7.3e-4( 5) 14e-3    3   1.0    0
 1378  1.0e-2   1  13.10  2026.01.14  2,15,15  -90e-5   14,1,4  -87e-5(o) 15,15,13  7.3e-4( 5) 14e-3    3   1.0    0
 1379  1.0e-2   1  13.11  2026.01.14  2,15,15  -93e-5   8,13,4  1.000 (o) 15,15,13  7.3e-4( 5) 14e-3    3   1.0    0
 1380  1.0e-2   1  13.12  2026.01.14   8,13,4  6.6e-3   15,2,4  -87e-5(o) 15,15,13  7.3e-4( 5) 14e-3    3   2.0    0
1

                                     G E M   T I M E   S T E P   S U M M A R Y
                                               sanwei 30cm shale CO2
 ====================================================================================================================
     Time Step            Time                            Maximum Changes                       Mat  Cum    Solver
 ----------------- ----------------- ---------------------------------------------------------  Bal  time -----------
       Size Newton                        Pressure         Saturation         Composition       Err  step Iter/   Cum
 No.   days  cycls  Days     Date      Block     kpa     Block   Fraction   Block    Fraction    %   cuts  Cycl  Fail
 ----  ------ ---- ------ ---------- --------- ------ --------- --------- --------- ---------- ----- ---- ----- -----
 1381  1.0e-2   1  13.13  2026.01.14   8,13,4  -43e-4   14,1,4  -86e-5(o) 15,15,13  7.3e-4( 5) 14e-3    3   1.0    0
 1382  1.0e-2   1  13.14  2026.01.14  2,15,15  -85e-5   14,1,4  -86e-5(o) 15,15,13  7.3e-4( 5) 14e-3    3   1.0    0
 1383  1.0e-2   1  13.15  2026.01.14  2,15,15  -90e-5   14,4,2  .9999 (o) 15,15,13  7.3e-4( 5) 14e-3    3   1.0    0
 1384  1.0e-2   1  13.16  2026.01.14  1,14,15  -20e-4   14,1,4  -86e-5(o) 15,15,13  7.3e-4( 5) 14e-3    3   2.0    0
 1385  1.0e-2   1  13.17  2026.01.14  1,14,15  -76e-5   15,2,4  -86e-5(o) 15,15,13  7.2e-4( 5) 14e-3    3   1.0    0
 1386  1.0e-2   1  13.18  2026.01.14  2,15,15  -85e-5   9,13,6  1.000 (o) 15,15,13  7.2e-4( 5) 14e-3    3   1.0    0
 1387  1.0e-2   1  13.19  2026.01.14   15,1,6  3.4e-2   15,2,4  -85e-5(o) 15,15,13  7.2e-4( 5) 14e-3    3   2.0    0
 1388  1.0e-2   1  13.20  2026.01.14   15,1,6  -12e-3   15,2,4  -85e-5(o) 15,15,13  7.2e-4( 5) 14e-3    3   2.0    0
 1389  1.0e-2   1  13.21  2026.01.14   9,13,6  -76e-5   14,1,4  -85e-5(o) 15,15,13  7.2e-4( 5) 14e-3    3   1.0    0
 1390  1.0e-2   1  13.22  2026.01.14  2,15,15  -82e-5   14,1,4  -85e-5(o) 15,15,13  7.2e-4( 5) 14e-3    3   1.0    0
 1391  1.0e-2   1  13.23  2026.01.14  2,15,15  -87e-5  6,10,11  .9999 (o) 15,15,13  7.2e-4( 5) 14e-3    3   1.0    0
 1392  1.0e-2   1  13.24  2026.01.14  6,10,11  1.0e-2   14,1,4  -85e-5(o) 15,15,13  7.1e-4( 5) 14e-3    3   1.0    0
 1393  1.0e-2   1  13.25  2026.01.14  6,10,11  -63e-4   14,1,4  -84e-5(o) 15,15,13  7.1e-4( 5) 14e-3    3   1.0    0
 1394  1.0e-2   1  13.26  2026.01.14    1,1,5  -45e-4   15,2,4  -84e-5(o) 15,15,13  7.1e-4( 5) 14e-3    3   2.0    0
 1395  1.0e-2   1  13.27  2026.01.14  15,15,5  1.4e-3    1,9,8  .9999 (o) 15,15,13  7.1e-4( 5) 14e-3    3   1.0    0
 1396  1.0e-2   1  13.28  2026.01.14    1,9,9  1.4e-3   11,6,4  .9998 (o) 15,15,13  7.1e-4( 5) 14e-3    3   1.0    0
 1397  1.0e-2   1  13.29  2026.01.14   11,6,4  4.9e-3   15,2,4  -84e-5(o) 15,15,13  7.1e-4( 5) 14e-3    3   1.0    0
 1398  1.0e-2   1  13.30  2026.01.14  6,10,11  -81e-5   14,1,4  -84e-5(o) 15,15,13  7.1e-4( 5) 14e-3    3   1.0    0
 1399  1.0e-2   1  13.31  2026.01.14  2,15,15  -83e-5   14,1,4  -83e-5(o) 15,15,13  7.0e-4( 5) 14e-3    3   1.0    0
 1400  1.0e-2   1  13.32  2026.01.14  2,15,15  -85e-5   14,1,4  -83e-5(o) 15,15,13  7.0e-4( 5) 14e-3    3   1.0    0
1

                                     G E M   T I M E   S T E P   S U M M A R Y
                                               sanwei 30cm shale CO2
 ====================================================================================================================
     Time Step            Time                            Maximum Changes                       Mat  Cum    Solver
 ----------------- ----------------- ---------------------------------------------------------  Bal  time -----------
       Size Newton                        Pressure         Saturation         Composition       Err  step Iter/   Cum
 No.   days  cycls  Days     Date      Block     kpa     Block   Fraction   Block    Fraction    %   cuts  Cycl  Fail
 ----  ------ ---- ------ ---------- --------- ------ --------- --------- --------- ---------- ----- ---- ----- -----
 1401  1.0e-2   1  13.33  2026.01.14  2,15,15  -87e-5  15,10,8  .9998 (o) 15,15,13  7.0e-4( 5) 14e-3    3   1.0    0
 1402  1.0e-2   1  13.34  2026.01.14  15,10,8  1.7e-3  12,11,5  .9997 (o) 15,15,13  7.0e-4( 5) 14e-3    3   1.0    0
 1403  1.0e-2   1  13.35  2026.01.14  12,11,5  1.1e-2   14,1,4  -83e-5(o) 15,15,13  7.0e-4( 5) 14e-3    3   2.0    0
 1404  1.0e-2   1  13.36  2026.01.14    5,4,5  -54e-4   14,1,4  -83e-5(o) 15,15,13  7.0e-4( 5) 14e-3    3   1.0    0
 1405  1.0e-2   1  13.37  2026.01.14  12,11,5  -16e-4   14,1,4  -83e-5(o) 15,15,13  7.0e-4( 5) 14e-3    3   1.0    0
 1406  1.0e-2   1  13.38  2026.01.14  12,11,5  -12e-4   14,1,4  -82e-5(o) 15,15,13  6.9e-4( 5) 14e-3    3   1.0    0
 1407  1.0e-2   1  13.39  2026.01.14  12,11,5  -10e-4   4,11,4  .9999 (o) 15,15,13  6.9e-4( 5) 14e-3    3   1.0    0
 1408  1.0e-2   1  13.40  2026.01.14   4,11,4  1.1e-2   15,8,3  .9999 (o) 15,15,13  6.9e-4( 5) 14e-3    3   2.0    0
 1409  1.0e-2   1  13.41  2026.01.14   4,11,4  -79e-4  11,7,11  .9999 (o) 15,15,13  6.9e-4( 5) 14e-3    3   1.0    0
 1410  1.0e-2   1  13.42  2026.01.14  11,7,11  1.0e-2  15,10,3  8.4e-4(g) 15,15,13  6.9e-4( 5) 14e-3    3   2.0    0
 1411  1.0e-2   1  13.43  2026.01.14  11,7,11  -53e-4  15,10,3  -90e-5(o) 15,15,13  6.9e-4( 5) 14e-3    3   1.0    0
 1412  1.0e-2   1  13.44  2026.01.14  11,7,11  -13e-4  15,10,3  9.2e-4(g) 15,15,13  6.8e-4( 5) 14e-3    3   1.0    0
 1413  1.0e-2   1  13.45  2026.01.14  11,7,11  -11e-4  15,10,3  -94e-5(o) 15,15,13  6.8e-4( 5) 14e-3    3   1.0    0
 1414  1.0e-2   1  13.46  2026.01.14  11,7,11  -10e-4   8,8,13  .9999 (o) 15,15,13  6.8e-4( 5) 14e-3    3   1.0    0
 1415  1.0e-2   1  13.47  2026.01.14   8,8,12  1.1e-3  15,10,3  -95e-5(o) 15,15,13  6.8e-4( 5) 14e-3    3   1.0    0
 1416  1.0e-2   1  13.48  2026.01.14   9,5,11  -82e-5  15,10,3  -96e-5(o) 15,15,13  6.8e-4( 5) 14e-3    3   1.0    0
 1417  1.0e-2   1  13.49  2026.01.14  2,14,15  -74e-5  15,10,3  9.6e-4(g) 15,15,13  6.8e-4( 5) 14e-3    3   1.0    0
 1418  1.0e-2   1  13.50  2026.01.14  3,15,15  -75e-5  15,10,3  9.6e-4(g) 15,15,13  6.7e-4( 5) 14e-3    3   1.0    0
 1419  1.0e-2   1  13.51  2026.01.14  4,15,15  -72e-5  8,12,10  1.000 (o) 15,15,13  6.7e-4( 5) 14e-3    3   1.0    0
 1420  1.0e-2   1  13.52  2026.01.14  8,12,10  7.6e-3  15,10,3  9.6e-4(g) 15,15,13  6.7e-4( 5) 14e-3    3   1.0    0
1

                                     G E M   T I M E   S T E P   S U M M A R Y
                                               sanwei 30cm shale CO2
 ====================================================================================================================
     Time Step            Time                            Maximum Changes                       Mat  Cum    Solver
 ----------------- ----------------- ---------------------------------------------------------  Bal  time -----------
       Size Newton                        Pressure         Saturation         Composition       Err  step Iter/   Cum
 No.   days  cycls  Days     Date      Block     kpa     Block   Fraction   Block    Fraction    %   cuts  Cycl  Fail
 ----  ------ ---- ------ ---------- --------- ------ --------- --------- --------- ---------- ----- ---- ----- -----
 1421  1.0e-2   1  13.53  2026.01.14  8,12,10  -61e-4   15,8,8  .9998 (o) 15,15,13  6.7e-4( 5) 14e-3    3   1.0    0
 1422  1.0e-2   1  13.54  2026.01.14   15,8,8  1.0e-3  15,10,3  9.6e-4(g) 15,15,13  6.7e-4( 5) 14e-3    3   1.0    0
 1423  1.0e-2   1  13.55  2026.01.14   4,8,10  -67e-5  15,10,3  .9992 (o) 15,15,13  6.7e-4( 5) 14e-3    3   1.0    0
 1424  1.0e-2   1  13.56  2026.01.14  15,11,3  1.5e-3   7,15,9  .9999 (o) 15,15,13  6.6e-4( 5) 14e-3    3   1.0    0
 1425  1.0e-2   1  13.57  2026.01.14   1,9,10  2.0e-3  15,11,3  -91e-5(o) 15,15,13  6.6e-4( 5) 14e-3    3   1.0    0
 1426  1.0e-2   1  13.58  2026.01.14    1,9,9  -70e-5  15,11,3  -99e-5(o) 15,15,13  6.6e-4( 5) 14e-3    3   1.0    0
 1427  1.0e-2   1  13.59  2026.01.14 15,15,12  -62e-5   8,13,5  .9999 (o) 15,15,13  6.6e-4( 5) 14e-3    3   1.0    0
 1428  1.0e-2   1  13.60  2026.01.14   8,13,5  7.0e-3  15,11,3  1.0e-3(g) 15,15,13  6.6e-4( 5) 14e-3    3   2.0    0
 1429  1.0e-2   1  13.61  2026.01.14   8,13,5  -29e-4  12,11,4  .9998 (o) 15,15,13  6.6e-4( 5) 14e-3    3   1.0    0
 1430  1.0e-2   1  13.62  2026.01.14    5,4,4  9.0e-3  15,11,3  -10e-4(o) 15,15,13  6.5e-4( 5) 14e-3    3   1.0    0
 1431  1.0e-2   1  13.63  2026.01.14    5,4,4  -50e-4  15,11,3  1.0e-3(g) 15,15,13  6.5e-4( 5) 14e-3    3   1.0    0
 1432  1.0e-2   1  13.64  2026.01.14  12,11,4  -13e-4  12,15,7  .9994 (o) 15,15,13  6.5e-4( 5) 14e-3    3   1.0    0
 1433  1.0e-2   1  13.65  2026.01.14  12,15,7  3.2e-3  15,11,3  -10e-4(o) 15,15,13  6.5e-4( 5) 14e-3    3   1.0    0
 1434  1.0e-2   1  13.66  2026.01.14  12,15,7  -29e-4  15,11,3  -10e-4(o) 15,15,13  6.5e-4( 5) 14e-3    3   1.0    0
 1435  1.0e-2   1  13.67  2026.01.14  12,15,7  -90e-5  15,11,3  1.0e-3(g) 15,15,13  6.4e-4( 5) 14e-3    3   1.0    0
 1436  1.0e-2   1  13.68  2026.01.14 15,15,12  -61e-5  15,11,3  1.0e-3(g) 15,15,13  6.4e-4( 5) 14e-3    3   1.0    0
 1437  1.0e-2   1  13.69  2026.01.14 15,15,12  -61e-5  15,11,3  -10e-4(o) 15,15,13  6.4e-4( 5) 14e-3    3   1.0    0
 1438  1.0e-2   1  13.70  2026.01.14 15,15,12  -61e-5  15,11,3  -10e-4(o) 15,15,13  6.4e-4( 5) 14e-3    3   1.0    0
 1439  1.0e-2   1  13.71  2026.01.14 15,15,12  -61e-5  15,11,3  -10e-4(o) 15,15,13  6.4e-4( 5) 14e-3    3   1.0    0
 1440  1.0e-2   1  13.72  2026.01.14 15,15,12  -61e-5  10,5,10  1.000 (o) 15,15,13  6.4e-4( 5) 14e-3    3   1.0    0
1

                                     G E M   T I M E   S T E P   S U M M A R Y
                                               sanwei 30cm shale CO2
 ====================================================================================================================
     Time Step            Time                            Maximum Changes                       Mat  Cum    Solver
 ----------------- ----------------- ---------------------------------------------------------  Bal  time -----------
       Size Newton                        Pressure         Saturation         Composition       Err  step Iter/   Cum
 No.   days  cycls  Days     Date      Block     kpa     Block   Fraction   Block    Fraction    %   cuts  Cycl  Fail
 ----  ------ ---- ------ ---------- --------- ------ --------- --------- --------- ---------- ----- ---- ----- -----
 1441  1.0e-2   1  13.73  2026.01.14  11,6,10  1.0e-2  15,11,3  1.0e-3(g) 15,15,13  6.3e-4( 5) 14e-3    3   2.0    0
 1442  1.0e-2   1  13.74  2026.01.14  11,6,10  -80e-4  15,11,3  -10e-4(o) 15,15,13  6.3e-4( 5) 14e-3    3   1.0    0
 1443  1.0e-2   1  13.75  2026.01.14  11,6,10  -10e-4  15,11,3  -10e-4(o) 15,15,13  6.3e-4( 5) 14e-3    3   1.0    0
 1444  1.0e-2   1  13.76  2026.01.14  11,6,10  -87e-5  15,11,3  1.0e-3(g) 15,15,13  6.3e-4( 5) 14e-3    3   1.0    0
 1445  1.0e-2   1  13.77  2026.01.14  11,6,10  -77e-5  12,12,6  .9996 (o) 15,15,13  6.3e-4( 5) 14e-3    3   1.0    0
 1446  1.0e-2   1  13.78  2026.01.14  12,12,6  1.0e-2  15,11,3  1.0e-3(g) 15,15,13  6.2e-4( 5) 14e-3    3   2.0    0
 1447  1.0e-2   1  13.79  2026.01.14  12,12,6  -45e-4   5,12,6  .9999 (o) 15,15,13  6.2e-4( 5) 14e-3    3   1.0    0
 1448  1.0e-2   1  13.80  2026.01.14   4,11,6  1.1e-2  15,11,3  -10e-4(o) 15,15,13  6.2e-4( 5) 14e-3    3   2.0    0
 1449  1.0e-2   1  13.81  2026.01.14   5,12,6  -52e-4    5,1,3  1.0e-3(g) 15,15,13  6.2e-4( 5) 14e-3    3   1.0    0
 1450  1.0e-2   1  13.82  2026.01.14    4,4,6  -10e-4    5,1,3  -10e-4(o) 15,15,14  6.2e-4( 5) 14e-3    3   1.0    0
 1451  1.0e-2   1  13.83  2026.01.14  12,12,6  -81e-5    5,1,3  1.0e-3(g) 15,15,14  6.2e-4( 5) 14e-3    3   1.0    0
 1452  1.0e-2   1  13.84  2026.01.14   4,11,6  -62e-5    5,1,3  -10e-4(o) 15,15,14  6.2e-4( 5) 14e-3    3   1.0    0
 1453  1.0e-2   1  13.85  2026.01.14 15,15,12  -57e-5    5,1,3  -10e-4(o) 15,15,14  6.2e-4( 5) 14e-3    3   1.0    0
 1454  1.0e-2   1  13.86  2026.01.14   1,1,12  -57e-5   7,4,10  1.000 (o) 15,15,14  6.2e-4( 5) 14e-3    3   1.0    0
 1455  1.0e-2   1  13.87  2026.01.14  12,9,10  1.0e-2  15,11,3  1.0e-3(g) 15,15,14  6.2e-4( 5) 14e-3    3   1.0    0
 1456  1.0e-2   1  13.88  2026.01.14   7,4,10  -84e-4  15,11,3  1.0e-3(g) 15,15,14  6.2e-4( 5) 14e-3    3   1.0    0
 1457  1.0e-2   1  13.89  2026.01.14  12,9,10  -98e-5  15,11,3  -10e-4(o) 15,15,14  6.2e-4( 5) 14e-3    3   1.0    0
 1458  1.0e-2   1  13.90  2026.01.14  12,9,10  -84e-5  15,11,3  1.0e-3(g) 15,15,14  6.2e-4( 5) 14e-3    3   1.0    0
 1459  1.0e-2   1  13.91  2026.01.14  12,9,10  -74e-5    5,1,3  -10e-4(o) 15,15,14  6.2e-4( 5) 14e-3    3   1.0    0
 1460  1.0e-2   1  13.92  2026.01.14  12,9,10  -67e-5    5,1,3  -10e-4(o) 15,15,14  6.2e-4( 5) 14e-3    3   1.0    0
1

                                     G E M   T I M E   S T E P   S U M M A R Y
                                               sanwei 30cm shale CO2
 ====================================================================================================================
     Time Step            Time                            Maximum Changes                       Mat  Cum    Solver
 ----------------- ----------------- ---------------------------------------------------------  Bal  time -----------
       Size Newton                        Pressure         Saturation         Composition       Err  step Iter/   Cum
 No.   days  cycls  Days     Date      Block     kpa     Block   Fraction   Block    Fraction    %   cuts  Cycl  Fail
 ----  ------ ---- ------ ---------- --------- ------ --------- --------- --------- ---------- ----- ---- ----- -----
 1461  1.0e-2   1  13.93  2026.01.14  12,9,10  -60e-5    5,1,3  -10e-4(o) 15,15,14  6.3e-4( 5) 14e-3    3   1.0    0
 1462  1.0e-2   1  13.94  2026.01.14   1,1,12  -57e-5    5,1,3  1.0e-3(g) 15,15,14  6.3e-4( 5) 14e-3    3   1.0    0
 1463  1.0e-2   1  13.95  2026.01.14 15,15,12  -57e-5    5,1,3  -10e-4(o) 15,15,14  6.3e-4( 5) 14e-3    3   1.0    0
 1464  1.0e-2   1  13.96  2026.01.14 15,15,12  -56e-5  15,11,9  .9996 (o) 15,15,14  6.3e-4( 5) 14e-3    3   1.0    0
 1465  1.0e-2   1  13.97  2026.01.14 15,11,10  2.8e-3    5,1,3  -10e-4(o) 15,15,14  6.3e-4( 5) 14e-3    3   1.0    0
 1466  1.0e-2   1  13.98  2026.01.14  15,11,9  -24e-4    5,1,3  1.0e-3(g) 15,15,14  6.3e-4( 5) 14e-3    3   1.0    0
 1467  1.0e-2   1  13.99  2026.01.14   14,1,4  -33e-4    5,1,3  1.0e-3(g) 15,15,14  6.3e-4( 5) 14e-3    3   1.0    0
 1468  1.0e-2   1  14.00  2026.01.14   14,1,4  6.9e-3   7,13,6  .9999 (o) 15,15,14  6.3e-4( 5) 14e-3    3   1.0    0
 1469  1.0e-2   1  14.01  2026.01.15   7,13,6  6.4e-3    5,1,3  1.0e-3(g) 15,15,14  6.3e-4( 5) 14e-3    3   1.0    0
 1470  1.0e-2   1  14.02  2026.01.15   15,2,4  2.3e-3  15,11,3  1.0e-3(g) 15,15,14  6.3e-4( 5) 14e-3    3   1.0    0
 1471  1.0e-2   1  14.03  2026.01.15   1,1,11  -70e-5  10,13,6  .9998 (o) 15,15,14  6.3e-4( 5) 14e-3    3   1.0    0
 1472  1.0e-2   1  14.04  2026.01.15  10,13,6  1.0e-2   3,13,8  1.000 (o) 15,15,14  6.3e-4( 5) 14e-3    3   2.0    0
 1473  1.0e-2   1  14.05  2026.01.15  10,13,6  -46e-4  15,11,3  1.0e-3(g) 15,15,14  6.3e-4( 5) 14e-3    3   1.0    0
 1474  1.0e-2   1  14.06  2026.01.15 15,15,11  -47e-4    5,1,3  -10e-4(o) 15,15,14  6.3e-4( 5) 14e-3    3   1.0    0
 1475  1.0e-2   1  14.07  2026.01.15 15,15,11  7.0e-3    5,1,3  1.0e-3(g) 15,15,14  6.3e-4( 5) 14e-3    3   1.0    0
 1476  1.0e-2   1  14.08  2026.01.15 15,15,11  -40e-4    5,1,3  -10e-4(o) 15,15,14  6.3e-4( 5) 14e-3    3   1.0    0
 1477  1.0e-2   1  14.09  2026.01.15 15,15,11  -95e-5    5,1,3  1.0e-3(g) 15,15,14  6.3e-4( 5) 14e-3    3   1.0    0
 1478  1.0e-2   1  14.10  2026.01.15   1,1,11  -84e-5    5,1,3  1.0e-3(g) 15,15,14  6.3e-4( 5) 14e-3    3   1.0    0
 1479  1.0e-2   1  14.11  2026.01.15 15,15,11  -77e-5    5,1,3  -10e-4(o) 15,15,14  6.3e-4( 5) 14e-3    3   1.0    0
 1480  1.0e-2   1  14.12  2026.01.15   1,1,11  -70e-5  15,11,3  -10e-4(o) 15,15,14  6.3e-4( 5) 14e-3    3   1.0    0
1

                                     G E M   T I M E   S T E P   S U M M A R Y
                                               sanwei 30cm shale CO2
 ====================================================================================================================
     Time Step            Time                            Maximum Changes                       Mat  Cum    Solver
 ----------------- ----------------- ---------------------------------------------------------  Bal  time -----------
       Size Newton                        Pressure         Saturation         Composition       Err  step Iter/   Cum
 No.   days  cycls  Days     Date      Block     kpa     Block   Fraction   Block    Fraction    %   cuts  Cycl  Fail
 ----  ------ ---- ------ ---------- --------- ------ --------- --------- --------- ---------- ----- ---- ----- -----
 1481  1.0e-2   1  14.13  2026.01.15 15,15,11  -72e-5  15,11,3  1.0e-3(g) 15,15,14  6.3e-4( 5) 14e-3    3   1.0    0
 1482  1.0e-2   1  14.14  2026.01.15 15,15,11  -68e-5  15,11,3  1.0e-3(g) 15,15,14  6.3e-4( 5) 14e-3    3   1.0    0
 1483  1.0e-2   1  14.15  2026.01.15 15,15,11  -69e-5  15,11,3  -10e-4(o) 15,15,14  6.3e-4( 5) 14e-3    3   1.0    0
 1484  1.0e-2   1  14.16  2026.01.15   1,1,11  -70e-5   12,7,5  .9998 (o) 15,15,14  6.3e-4( 5) 14e-3    3   1.0    0
 1485  1.0e-2   1  14.17  2026.01.15   12,7,5  5.4e-3  15,11,3  -10e-4(o) 15,15,14  6.3e-4( 5) 14e-3    3   1.0    0
 1486  1.0e-2   1  14.18  2026.01.15 15,15,11  -69e-5   2,12,7  .9998 (o) 15,15,14  6.3e-4( 5) 14e-3    3   1.0    0
 1487  1.0e-2   1  14.19  2026.01.15    1,4,9  1.6e-3   13,4,7  .9998 (o) 15,15,14  6.3e-4( 5) 14e-3    3   1.0    0
 1488  1.0e-2   1  14.20  2026.01.15  12,15,8  -16e-4  15,11,3  1.0e-3(g) 15,15,14  6.3e-4( 5) 14e-3    3   1.0    0
 1489  1.0e-2   1  14.21  2026.01.15  12,15,8  -10e-4  15,11,3  -10e-4(o) 15,15,14  6.3e-4( 5) 14e-3    3   1.0    0
 1490  1.0e-2   1  14.22  2026.01.15 15,15,11  -67e-5    5,1,3  1.0e-3(g) 15,15,14  6.3e-4( 5) 14e-3    3   1.0    0
 1491  1.0e-2   1  14.23  2026.01.15   1,1,11  -68e-5    5,1,3  -10e-4(o) 15,15,14  6.3e-4( 5) 14e-3    3   1.0    0
 1492  1.0e-2   1  14.24  2026.01.15 15,15,11  -67e-5   9,13,4  .9999 (o) 15,15,14  6.3e-4( 5) 14e-3    3   1.0    0
 1493  1.0e-2   1  14.25  2026.01.15   9,13,4  6.2e-3    5,1,3  -10e-4(o) 15,15,14  6.3e-4( 5) 14e-3    3   1.0    0
 1494  1.0e-2   1  14.26  2026.01.15   9,13,4  -36e-4    5,1,3  -10e-4(o) 15,15,14  6.3e-4( 5) 14e-3    3   1.0    0
 1495  1.0e-2   1  14.27  2026.01.15   1,1,11  -66e-5    5,1,3  1.0e-3(g) 15,15,14  6.3e-4( 5) 14e-3    3   1.0    0
 1496  1.0e-2   1  14.28  2026.01.15   1,1,11  -66e-5    5,1,3  -10e-4(o) 15,15,14  6.3e-4( 5) 14e-3    3   1.0    0
 1497  1.0e-2   1  14.29  2026.01.15 15,15,11  -66e-5    5,1,3  -10e-4(o) 15,15,14  6.3e-4( 5) 14e-3    3   1.0    0
 1498  1.0e-2   1  14.30  2026.01.15   1,1,11  -66e-5    5,1,3  -10e-4(o) 15,15,14  6.3e-4( 5) 14e-3    3   1.0    0
 1499  1.0e-2   1  14.31  2026.01.15   1,1,11  -66e-5    5,1,3  -10e-4(o) 15,15,14  6.3e-4( 5) 14e-3    3   1.0    0
 1500  1.0e-2   1  14.32  2026.01.15 15,15,11  -66e-5    5,1,3  1.0e-3(g) 15,15,14  6.3e-4( 5) 14e-3    3   1.0    0
1

                                     G E M   T I M E   S T E P   S U M M A R Y
                                               sanwei 30cm shale CO2
 ====================================================================================================================
     Time Step            Time                            Maximum Changes                       Mat  Cum    Solver
 ----------------- ----------------- ---------------------------------------------------------  Bal  time -----------
       Size Newton                        Pressure         Saturation         Composition       Err  step Iter/   Cum
 No.   days  cycls  Days     Date      Block     kpa     Block   Fraction   Block    Fraction    %   cuts  Cycl  Fail
 ----  ------ ---- ------ ---------- --------- ------ --------- --------- --------- ---------- ----- ---- ----- -----
 1501  1.0e-2   1  14.33  2026.01.15 15,15,11  -66e-5    5,1,3  1.0e-3(g) 15,15,14  6.3e-4( 5) 14e-3    3   1.0    0
 1502  1.0e-2   1  14.34  2026.01.15   1,1,11  -65e-5  15,11,3  1.0e-3(g) 15,15,14  6.3e-4( 5) 14e-3    3   1.0    0
 1503  1.0e-2   1  14.35  2026.01.15 15,15,11  -65e-5  15,11,3  -10e-4(o) 15,15,14  6.3e-4( 5) 14e-3    3   1.0    0
 1504  1.0e-2   1  14.36  2026.01.15   1,1,11  -65e-5   9,13,5  .9998 (o) 15,15,14  6.3e-4( 5) 14e-3    3   1.0    0
 1505  1.0e-2   1  14.37  2026.01.15   9,13,5  6.6e-3   12,7,4  1.000 (o) 15,15,14  6.3e-4( 5) 14e-3    3   1.0    0
 1506  1.0e-2   1  14.38  2026.01.15   12,7,4  6.3e-3    5,1,3  1.0e-3(g) 15,15,14  6.3e-4( 5) 14e-3    3   1.0    0
 1507  1.0e-2   1  14.39  2026.01.15   12,7,4  -32e-4    5,1,3  -10e-4(o) 15,15,14  6.3e-4( 5) 14e-3    3   1.0    0
 1508  1.0e-2   1  14.40  2026.01.15   9,13,5  -73e-5   5,12,5  .9998 (o) 15,15,14  6.3e-4( 5) 14e-3    3   1.0    0
 1509  1.0e-2   1  14.41  2026.01.15   5,12,5  1.2e-2   4,7,10  .9999 (o) 15,15,14  6.3e-4( 5) 14e-3    3   2.0    0
 1510  1.0e-2   1  14.42  2026.01.15  9,12,10  6.8e-3    5,1,3  -10e-4(o) 15,15,14  6.3e-4( 5) 14e-3    3   1.0    0
 1511  1.0e-2   2  14.43  2026.01.15  9,12,10  -46e-4    5,1,3  -10e-4(o) 15,15,14  6.3e-4( 5) 14e-3    3   5.5    0
 1512  1.0e-2   1  14.44  2026.01.15   13,1,5  -17e-4    5,1,3  -10e-4(o) 15,15,14  6.3e-4( 5) 14e-3    3   1.0    0
 1513  1.0e-2   1  14.45  2026.01.15   4,11,5  -10e-4    5,1,3  1.0e-3(g) 15,15,14  6.3e-4( 5) 14e-3    3   1.0    0
 1514  1.0e-2   1  14.46  2026.01.15   4,11,5  -88e-5  12,15,9  1.000 (o) 15,15,14  6.3e-4( 5) 14e-3    3   1.0    0
 1515  1.0e-2   1  14.47  2026.01.15    1,4,9  4.3e-3    5,1,3  -10e-4(o) 15,15,14  6.3e-4( 5) 14e-3    3   1.0    0
 1516  1.0e-2   1  14.48  2026.01.15    1,4,9  -63e-4    5,1,3  -10e-4(o) 15,15,14  6.3e-4( 5) 14e-3    3   1.0    0
 1517  1.0e-2   1  14.49  2026.01.15   1,1,11  -76e-5    5,1,3  -10e-4(o) 15,15,14  6.3e-4( 5) 14e-3    3   1.0    0
 1518  1.0e-2   1  14.50  2026.01.15   1,1,11  -67e-5    5,1,3  1.0e-3(g) 15,15,14  6.3e-4( 5) 14e-3    3   1.0    0
 1519  1.0e-2   1  14.51  2026.01.15   1,1,11  -64e-5   5,5,10  .9998 (o) 15,15,14  6.3e-4( 5) 14e-3    3   1.0    0
 1520  1.0e-2   1  14.52  2026.01.15   5,5,10  6.7e-3    5,1,3  1.0e-3(g) 15,15,14  6.3e-4( 5) 14e-3    3   1.0    0
1

                                     G E M   T I M E   S T E P   S U M M A R Y
                                               sanwei 30cm shale CO2
 ====================================================================================================================
     Time Step            Time                            Maximum Changes                       Mat  Cum    Solver
 ----------------- ----------------- ---------------------------------------------------------  Bal  time -----------
       Size Newton                        Pressure         Saturation         Composition       Err  step Iter/   Cum
 No.   days  cycls  Days     Date      Block     kpa     Block   Fraction   Block    Fraction    %   cuts  Cycl  Fail
 ----  ------ ---- ------ ---------- --------- ------ --------- --------- --------- ---------- ----- ---- ----- -----
 1521  1.0e-2   1  14.53  2026.01.15   5,5,10  -29e-4    5,1,3  -10e-4(o) 15,15,14  6.3e-4( 5) 14e-3    3   1.0    0
 1522  1.0e-2   1  14.54  2026.01.15   5,5,10  -13e-4    5,1,3  1.0e-3(g) 15,15,14  6.3e-4( 5) 14e-3    3   1.0    0
 1523  1.0e-2   1  14.55  2026.01.15 11,11,10  -11e-4  15,11,8  .9995 (o) 15,15,14  6.3e-4( 5) 14e-3    3   1.0    0
 1524  1.0e-2   1  14.56  2026.01.15  15,11,8  2.2e-3    5,1,3  1.0e-3(g) 15,15,14  6.3e-4( 5) 14e-3    3   1.0    0
 1525  1.0e-2   1  14.57  2026.01.15  15,11,8  -18e-4    5,1,3  1.0e-3(g) 15,15,14  6.3e-4( 5) 14e-3    3   1.0    0
 1526  1.0e-2   1  14.58  2026.01.15   5,5,10  -79e-5    5,1,3  -10e-4(o) 15,15,14  6.3e-4( 5) 14e-3    3   1.0    0
 1527  1.0e-2   1  14.59  2026.01.15 11,11,10  -70e-5    5,1,3  -10e-4(o) 15,15,14  6.3e-4( 5) 14e-3    3   1.0    0
 1528  1.0e-2   1  14.60  2026.01.15 15,15,11  -62e-5    5,1,3  -10e-4(o) 15,15,14  6.3e-4( 5) 14e-3    3   1.0    0
 1529  1.0e-2   1  14.61  2026.01.15   1,1,11  -62e-5    5,1,3  1.0e-3(g) 15,15,14  6.3e-4( 5) 14e-3    3   1.0    0
 1530  1.0e-2   1  14.62  2026.01.15   1,1,11  -62e-5    5,1,3  -10e-4(o) 15,15,14  6.3e-4( 5) 14e-3    3   1.0    0
 1531  1.0e-2   1  14.63  2026.01.15   1,1,11  -62e-5   5,9,11  1.000 (o) 15,15,14  6.3e-4( 5) 14e-3    3   1.0    0
 1532  1.0e-2   1  14.64  2026.01.15  7,11,11  1.0e-2  15,11,3  -10e-4(o) 15,15,14  6.3e-4( 5) 14e-3    3   2.0    0
 1533  1.0e-2   1  14.65  2026.01.15  7,11,11  -68e-4   7,13,4  .9998 (o) 15,15,14  6.3e-4( 5) 14e-3    3   1.0    0
 1534  1.0e-2   1  14.66  2026.01.15   7,13,4  3.8e-3   15,6,1  .9999 (o) 15,15,14  6.3e-4( 5) 14e-3    3   1.0    0
 1535  1.0e-2   1  14.67  2026.01.15   15,6,1  1.1e-3  12,12,5  .9998 (o) 15,15,14  6.3e-4( 5) 14e-3    3   1.0    0
 1536  1.0e-2   1  14.68  2026.01.15  12,12,5  1.3e-2    5,1,3  -10e-4(o) 15,15,14  6.2e-4( 5) 14e-3    3   2.0    0
 1537  1.0e-2   1  14.69  2026.01.15  12,12,5  -80e-4    5,1,3  1.0e-3(g) 15,15,14  6.2e-4( 5) 14e-3    3   1.0    0
 1538  1.0e-2   1  14.70  2026.01.15  12,12,5  -19e-4    5,1,3  1.0e-3(g) 15,15,14  6.2e-4( 5) 14e-3    3   1.0    0
 1539  1.0e-2   1  14.71  2026.01.15  12,12,5  -13e-4   3,13,9  1.000 (o) 15,15,14  6.2e-4( 5) 14e-3    3   1.0    0
 1540  1.0e-2   1  14.72  2026.01.15  3,13,10  1.7e-3    5,1,3  -10e-4(o) 15,15,14  6.2e-4( 5) 14e-3    3   1.0    0
1

                                     G E M   T I M E   S T E P   S U M M A R Y
                                               sanwei 30cm shale CO2
 ====================================================================================================================
     Time Step            Time                            Maximum Changes                       Mat  Cum    Solver
 ----------------- ----------------- ---------------------------------------------------------  Bal  time -----------
       Size Newton                        Pressure         Saturation         Composition       Err  step Iter/   Cum
 No.   days  cycls  Days     Date      Block     kpa     Block   Fraction   Block    Fraction    %   cuts  Cycl  Fail
 ----  ------ ---- ------ ---------- --------- ------ --------- --------- --------- ---------- ----- ---- ----- -----
 1541  1.0e-2   1  14.73  2026.01.15   3,13,9  -91e-5    5,1,3  1.0e-3(g) 15,15,14  6.2e-4( 5) 14e-3    3   1.0    0
 1542  1.0e-2   1  14.74  2026.01.15 15,15,11  -59e-5  15,11,3  1.0e-3(g) 15,15,14  6.2e-4( 5) 14e-3    3   1.0    0
 1543  1.0e-2   1  14.75  2026.01.15 15,15,11  -59e-5  15,11,3  -10e-4(o) 15,15,14  6.2e-4( 5) 14e-3    3   1.0    0
 1544  1.0e-2   1  14.76  2026.01.15 15,15,11  -59e-5  15,11,3  1.0e-3(g) 15,15,14  6.2e-4( 5) 14e-3    3   1.0    0
 1545  1.0e-2   1  14.77  2026.01.15 15,15,11  -59e-5  15,11,3  -10e-4(o) 15,15,14  6.2e-4( 5) 14e-3    3   1.0    0
 1546  1.0e-2   1  14.78  2026.01.15 15,15,11  -59e-5  15,11,3  1.0e-3(g) 15,15,14  6.2e-4( 5) 14e-3    3   1.0    0
 1547  1.0e-2   1  14.79  2026.01.15   1,1,11  -59e-5  15,11,3  1.0e-3(g) 15,15,14  6.2e-4( 5) 14e-3    3   1.0    0
 1548  1.0e-2   1  14.80  2026.01.15 15,15,11  -59e-5  15,11,3  1.0e-3(g) 15,15,14  6.2e-4( 5) 14e-3    3   1.0    0
 1549  1.0e-2   1  14.81  2026.01.15   1,1,11  -59e-5  15,11,3  -10e-4(o) 15,15,14  6.2e-4( 5) 14e-3    3   1.0    0
 1550  1.0e-2   1  14.82  2026.01.15 15,15,11  -59e-5  15,11,3  -10e-4(o) 15,15,14  6.2e-4( 5) 14e-3    3   1.0    0
 1551  1.0e-2   1  14.83  2026.01.15   1,1,11  -59e-5  15,11,3  1.0e-3(g) 15,15,14  6.2e-4( 5) 14e-3    3   1.0    0
 1552  1.0e-2   1  14.84  2026.01.15 15,15,11  -59e-5  15,11,3  1.0e-3(g) 15,15,14  6.2e-4( 5) 14e-3    3   1.0    0
 1553  1.0e-2   1  14.85  2026.01.15   1,1,11  -59e-5  15,11,3  -10e-4(o) 15,15,14  6.2e-4( 5) 14e-3    3   1.0    0
 1554  1.0e-2   1  14.86  2026.01.15   1,1,11  -58e-5  15,11,3  1.0e-3(g) 15,15,14  6.1e-4( 5) 14e-3    3   1.0    0
 1555  1.0e-2   1  14.87  2026.01.15 15,15,11  -58e-5  15,11,3  1.0e-3(g) 15,15,14  6.1e-4( 5) 14e-3    3   1.0    0
 1556  1.0e-2   1  14.88  2026.01.15   1,1,11  -58e-5  15,11,3  -10e-4(o) 15,15,14  6.1e-4( 5) 14e-3    3   1.0    0
 1557  1.0e-2   1  14.89  2026.01.15   1,1,11  -58e-5  15,11,3  1.0e-3(g) 15,15,14  6.1e-4( 5) 14e-3    3   1.0    0
 1558  1.0e-2   1  14.90  2026.01.15   1,1,11  -58e-5  11,13,6  1.000 (o) 15,15,14  6.1e-4( 5) 14e-3    3   1.0    0
 1559  1.0e-2   1  14.91  2026.01.15  11,13,6  1.4e-2  15,11,3  1.0e-3(g) 15,15,14  6.1e-4( 5) 14e-3    3   2.0    0
 1560  1.0e-2   1  14.92  2026.01.15  11,13,6  -10e-3  15,11,3  1.0e-3(g) 15,15,14  6.1e-4( 5) 14e-3    3   2.0    0
1

                                     G E M   T I M E   S T E P   S U M M A R Y
                                               sanwei 30cm shale CO2
 ====================================================================================================================
     Time Step            Time                            Maximum Changes                       Mat  Cum    Solver
 ----------------- ----------------- ---------------------------------------------------------  Bal  time -----------
       Size Newton                        Pressure         Saturation         Composition       Err  step Iter/   Cum
 No.   days  cycls  Days     Date      Block     kpa     Block   Fraction   Block    Fraction    %   cuts  Cycl  Fail
 ----  ------ ---- ------ ---------- --------- ------ --------- --------- --------- ---------- ----- ---- ----- -----
 1561  1.0e-2   1  14.93  2026.01.15   14,2,5  -16e-4   1,14,1  .9999 (o) 15,15,14  6.1e-4( 5) 14e-3    3   1.0    0
 1562  1.0e-2   1  14.94  2026.01.15   1,14,1  2.4e-3    5,1,3  -10e-4(o) 15,15,14  6.1e-4( 5) 14e-3    3   1.0    0
 1563  1.0e-2   1  14.95  2026.01.15   14,2,5  -26e-4   1,14,2  .9999 (o) 15,15,14  6.1e-4( 5) 14e-3    3   1.0    0
 1564  1.0e-2   1  14.96  2026.01.15   1,14,2  1.9e-3  12,12,4  .9997 (o) 15,15,14  6.1e-4( 5) 14e-3    3   1.0    0
 1565  1.0e-2   1  14.97  2026.01.15    4,4,4  8.9e-3  15,11,3  1.0e-3(g) 15,15,14  6.1e-4( 5) 14e-3    3   1.0    0
 1566  1.0e-2   1  14.98  2026.01.15    4,4,4  -47e-4    5,1,3  -10e-4(o) 15,15,14  6.1e-4( 5) 14e-3    3   1.0    0
 1567  1.0e-2   2  14.99  2026.01.15  1,15,14  -23e-4   6,15,7  1.000 (o) 15,15,14  6.1e-4( 5) 14e-3    3   6.5    0
 1568w 1.0e-2   1  15.00  2026.01.16    4,4,4  -12e-4    5,1,3  1.0e-3(g) 15,15,14  6.0e-4( 5) 14e-3    3   1.0    0
 1569  1.0e-2   1  15.01  2026.01.16    4,4,4  -97e-5    5,1,3  1.0e-3(g) 15,15,14  6.0e-4( 5) 14e-3    3   1.0    0
 1570  3.0e-2   1  15.04  2026.01.16 15,15,11  -15e-4   9,4,10  .9998 (o) 15,15,14  1.8e-3( 5) 14e-3    3   1.0    0
 1571  9.0e-2   2  15.13  2026.01.16 15,15,11  -51e-4   15,9,7  1.000 (o) 15,15,14  5.3e-3( 5) 14e-3    3   2.5    0
 1572  .2700    2  15.40  2026.01.16 15,15,11  -14e-3  15,14,1  .9965 (o) 15,15,14  1.5e-2( 5) 13e-3    3   4.0    0
 1573  .8100    6  16.21  2026.01.17   1,1,12  -38e-3   15,7,8  .9998 (o) 15,15,14  3.8e-2( 5) 13e-3    3   1.5    0
    --- Repeat time step: program failed to converge
 1574  .5000   12  16.71  2026.01.17 15,15,12  -23e-3   13,3,9  .9994 (o) 15,15,15  2.1e-2( 5) 13e-3    4   2.9    0
 1575  1.000    6  17.71  2026.01.18 15,15,12  -21e-3   3,11,6  .9990 (o) 15,15,15  4.0e-2( 5) 13e-3    4   2.0    0
 1576  1.000    7  18.71  2026.01.19 15,15,14  -18e-3  11,6,11  .9993 (o) 15,15,15  3.5e-2( 5) 13e-3    4   1.9    0
 1577  1.000    5  19.71  2026.01.20   15,2,5  -14e-3   13,9,4  .9996 (o)   15,2,4  3.2e-2( 5) 13e-3    4   1.8    0
 1578  1.000    8  20.71  2026.01.21  15,1,12  2.5e-2  8,11,12  .9998 (o)   15,2,4  2.9e-2( 5) 13e-3    4   2.2    0
 1579  1.000    5  21.71  2026.01.22  15,1,10  3.7e-2  14,15,3  .9995 (o)   15,2,4  2.7e-2( 5) 13e-3    4   1.8    0
 1580  1.000    6  22.71  2026.01.23  15,1,10  3.0e-2   3,9,10  .9995 (o)   15,1,6  2.5e-2( 5) 13e-3    4   2.0    0
1

                                     G E M   T I M E   S T E P   S U M M A R Y
                                               sanwei 30cm shale CO2
 ====================================================================================================================
     Time Step            Time                            Maximum Changes                       Mat  Cum    Solver
 ----------------- ----------------- ---------------------------------------------------------  Bal  time -----------
       Size Newton                        Pressure         Saturation         Composition       Err  step Iter/   Cum
 No.   days  cycls  Days     Date      Block     kpa     Block   Fraction   Block    Fraction    %   cuts  Cycl  Fail
 ----  ------ ---- ------ ---------- --------- ------ --------- --------- --------- ---------- ----- ---- ----- -----
 1581  1.000    5  23.71  2026.01.24   15,1,6  -93e-4   4,9,11  .9995 (o)   15,1,6  2.5e-2( 5) 13e-3    4   2.6    0
 1582  1.000    2  24.71  2026.01.25   15,2,5  -80e-4  4,11,10  .9983 (o)   15,1,6  2.4e-2( 5) 16e-3    4   2.5    0
 1583  1.000    5  25.71  2026.01.26   15,1,6  -64e-4  12,6,11  .9998 (o)   15,1,6  2.3e-2( 5) 16e-3    4   1.4    0
 1584  1.000    6  26.71  2026.01.27  1,15,13  -10e-3   14,3,9  .9993 (o)   15,1,6  2.2e-2( 5) 16e-3    4   1.7    0
 1585  1.000    5  27.71  2026.01.28   15,1,6  -60e-4   2,8,10  .9996 (o)   15,1,6  2.1e-2( 5) 16e-3    4   1.8    0
 1586  1.000    5  28.71  2026.01.29   15,1,6  -62e-4 14,11,10  .9998 (o)   15,1,6  2.0e-2( 5) 16e-3    4   2.0    0
 1587  1.000    5  29.71  2026.01.30   15,1,6  -56e-4   1,12,9  .9997 (o)   15,1,6  1.9e-2( 5) 16e-3    4   1.6    0
 1588w .2900    3  30.00  2026.01.31    6,2,6  2.6e-3   7,4,12  .9997 (o)   15,1,6  5.6e-3( 5) 16e-3    4   1.7    0
 1589  1.000    4  31.00  2026.02.01   15,1,6  -47e-4   4,8,12  .9991 (o)   15,1,6  1.8e-2( 5) 16e-3    4   2.0    0
 1590  1.000    4  32.00  2026.02.02   15,1,6  -42e-4  7,10,13  .9998 (o)   15,1,6  1.7e-2( 5) 16e-3    4   1.8    0
 1591  1.000    5  33.00  2026.02.03   15,1,6  -46e-4 14,12,10  .9998 (o)   15,1,6  1.6e-2( 5) 16e-3    4   1.4    0
 1592  1.000    5  34.00  2026.02.04  13,4,11  -55e-4  3,12,10  .9991 (o)   15,1,5  1.4e-2( 5) 16e-3    4   1.6    0
 1593  1.000    6  35.00  2026.02.05 10,12,12  -42e-4  12,8,13  .9998 (o)   15,1,5  1.4e-2( 5) 16e-3    4   2.0    0
 1594  1.000    4  36.00  2026.02.06  15,7,10  -41e-4   2,14,6  .9991 (o)   15,1,5  1.4e-2( 5) 16e-3    4   1.5    0
 1595  1.000    5  37.00  2026.02.07  4,11,11  -31e-4  12,15,6  .9998 (o)   15,1,5  1.4e-2( 5) 16e-3    4   1.2    0
 1596  1.000    5  38.00  2026.02.08  8,15,10  -52e-4  10,15,5  .9998 (o)   15,1,5  1.4e-2( 5) 16e-3    4   2.6    0
 1597  1.000    4  39.00  2026.02.09   1,9,10  -34e-4  13,8,12  .9994 (o)   15,1,5  1.3e-2( 5) 16e-3    4   1.5    0
 1598  1.000    4  40.00  2026.02.10  14,3,10  -41e-4  14,3,10  .9998 (o)   15,1,5  1.3e-2( 5) 16e-3    4   1.5    0
 1599  1.000    2  41.00  2026.02.11   15,1,6  -21e-4  13,15,6  .9976 (o)   15,1,5  1.3e-2( 5) 17e-3    4   2.0    0
 1600  1.000    5  42.00  2026.02.12  13,15,6  4.7e-3  5,11,12  .9999 (o)   15,1,5  1.2e-2( 5) 17e-3    4   2.8    0
1

                                     G E M   T I M E   S T E P   S U M M A R Y
                                               sanwei 30cm shale CO2
 ====================================================================================================================
     Time Step            Time                            Maximum Changes                       Mat  Cum    Solver
 ----------------- ----------------- ---------------------------------------------------------  Bal  time -----------
       Size Newton                        Pressure         Saturation         Composition       Err  step Iter/   Cum
 No.   days  cycls  Days     Date      Block     kpa     Block   Fraction   Block    Fraction    %   cuts  Cycl  Fail
 ----  ------ ---- ------ ---------- --------- ------ --------- --------- --------- ---------- ----- ---- ----- -----
 1601  1.000    5  43.00  2026.02.13  13,15,6  -42e-4  12,5,13  .9996 (o)   15,1,3  1.3e-2( 5) 17e-3    4   1.4    0
 1602  1.000    2  44.00  2026.02.14   3,7,12  -28e-4  10,8,14  .9977 (o)   15,1,3  1.3e-2( 5) 17e-3    4   2.0    0
 1603w 1.000    4  45.00  2026.02.15  3,14,10  -29e-4  13,6,12  .9999 (o)   15,1,3  1.3e-2( 5) 17e-3    4   1.2    0
 1604  1.000    4  46.00  2026.02.16  12,2,11  -49e-4  1,11,10  .9989 (o)   15,1,3  1.3e-2( 5) 17e-3    4   1.2    0
 1605  1.000    3  47.00  2026.02.17   7,7,14  -20e-4   11,3,4  .9999 (o)   15,1,3  1.3e-2( 5) 17e-3    4   1.3    0
 1606  1.000    5  48.00  2026.02.18   3,9,12  -33e-4  10,6,14  .9996 (o)   15,1,3  1.3e-2( 5) 17e-3    4   3.0    0
 1607  1.000    5  49.00  2026.02.19  12,1,10  -31e-4 11,13,12  .9998 (o)   15,1,3  1.3e-2( 5) 17e-3    4   1.4    0
 1608  1.000    3  50.00  2026.02.20 15,13,10  -39e-4 15,13,10  .9988 (o)   15,1,3  1.3e-2( 5) 18e-3    4   1.7    0
 1609  1.000    4  51.00  2026.02.21 13,15,10  -38e-4  14,3,11  .9999 (o)   15,1,3  1.3e-2( 5) 18e-3    4   1.2    0
 1610  1.000    4  52.00  2026.02.22  13,15,5  -32e-4  14,8,12  .9994 (o)   15,1,3  1.3e-2( 5) 18e-3    4   1.0    0
 1611  1.000    5  53.00  2026.02.23   2,15,6  3.5e-3   14,6,4  .9999 (o)   15,1,3  1.3e-2( 5) 18e-3    4   1.2    0
 1612  1.000    2  54.00  2026.02.24  6,13,12  -27e-4  2,11,11  .9968 (o)   15,1,3  1.3e-2( 5) 19e-3    4   2.0    0
 1613  1.000    4  55.00  2026.02.25 15,10,11  -31e-4  13,15,4  .9998 (o)   15,1,2  1.5e-2( 5) 19e-3    4   1.2    0
 1614  1.000    3  56.00  2026.02.26 14,10,12  -27e-4 14,10,12  .9961 (o)   15,1,2  1.5e-2( 5) 19e-3    4   1.7    0
 1615  1.000    2  57.00  2026.02.27   15,1,5  -11e-4  15,5,11  .9977 (o)   15,1,2  1.6e-2( 5) 20e-3    4   1.0    0
 1616  1.000    3  58.00  2026.02.28   1,8,11  -38e-4   1,8,11  .9998 (o)   15,1,2  1.6e-2( 5) 20e-3    4   1.3    0
 1617  1.000    2  59.00  2026.03.01  15,5,11  -37e-4  14,2,10  .9978 (o)   15,1,2  1.6e-2( 5) 20e-3    4   2.0    0
 1618w 1.000    3  60.00  2026.03.02  8,14,12  -32e-4  8,14,12  .9996 (o)   15,1,2  1.6e-2( 5) 20e-3    4   1.3    0
 1619  1.000    4  61.00  2026.03.03 15,11,11  -33e-4  14,9,13  .9999 (o)   15,1,2  1.6e-2( 5) 20e-3    4   1.0    0
 1620  1.000    4  62.00  2026.03.04  3,15,10  -39e-4 10,14,12  .9993 (o)   15,1,2  1.6e-2( 5) 20e-3    4   2.0    0
1

                                     G E M   T I M E   S T E P   S U M M A R Y
                                               sanwei 30cm shale CO2
 ====================================================================================================================
     Time Step            Time                            Maximum Changes                       Mat  Cum    Solver
 ----------------- ----------------- ---------------------------------------------------------  Bal  time -----------
       Size Newton                        Pressure         Saturation         Composition       Err  step Iter/   Cum
 No.   days  cycls  Days     Date      Block     kpa     Block   Fraction   Block    Fraction    %   cuts  Cycl  Fail
 ----  ------ ---- ------ ---------- --------- ------ --------- --------- --------- ---------- ----- ---- ----- -----
 1621  1.000    4  63.00  2026.03.05    7,1,6  2.7e-3   15,9,6  .9996 (o)   15,1,2  1.6e-2( 5) 20e-3    4   1.5    0
 1622  1.000    3  64.00  2026.03.06 11,15,11  -32e-4   1,15,7  .9993 (o)   15,1,2  1.6e-2( 5) 20e-3    4   1.3    0
 1623  1.000    3  65.00  2026.03.07  12,2,12  -28e-4  12,2,12  .9996 (o)   15,1,2  1.6e-2( 5) 20e-3    4   1.0    0
 1624  1.000    2  66.00  2026.03.08  1,11,11  -24e-4 15,12,11  .9984 (o)   15,1,2  1.5e-2( 5) 20e-3    4   1.0    0
 1625  1.000    3  67.00  2026.03.09    8,1,6  2.7e-3 14,11,13  .9998 (o)   15,1,2  1.5e-2( 5) 21e-3    4   2.0    0
 1626  1.000    3  68.00  2026.03.10   4,1,11  -41e-4 14,15,10  .9981 (o)   15,1,2  1.5e-2( 5) 21e-3    4   2.7    0
 1627  1.000    4  69.00  2026.03.11   9,1,12  -45e-4  15,7,12  .9997 (o)   15,1,2  1.5e-2( 5) 21e-3    4   1.2    0
 1628  1.000    2  70.00  2026.03.12  15,6,12  -35e-4   5,8,14  .9981 (o)   15,1,2  1.4e-2( 5) 21e-3    4   1.5    0
 1629  1.000    3  71.00  2026.03.13    5,1,6  3.7e-3  15,11,6  .9996 (o)   15,1,2  1.4e-2( 5) 21e-3    4   1.7    0
 1630  1.000    4  72.00  2026.03.14  14,15,6  2.9e-3  13,3,14  1.000 (o)   15,1,2  1.4e-2( 5) 21e-3    4   1.2    0
 1631  1.000    2  73.00  2026.03.15  5,14,12  -25e-4   14,2,3  .9984 (o)   15,1,2  1.4e-2( 5) 21e-3    4   1.5    0
 1632  1.000    2  74.00  2026.03.16 15,13,11  -24e-4   2,14,4  .9969 (o)   15,1,2  1.3e-2( 5) 22e-3    4   2.0    0
 1633w 1.000    4  75.00  2026.03.17  2,15,10  -44e-4   4,2,13  .9995 (o)   15,1,2  1.3e-2( 5) 22e-3    4   1.2    0
 1634  1.000    4  76.00  2026.03.18 12,14,12  -26e-4  2,14,11  .9991 (o)   15,1,2  1.3e-2( 5) 22e-3    4   1.2    0
 1635  1.000    3  77.00  2026.03.19  13,1,11  -30e-4    9,1,6  .9993 (o)   15,1,1  1.6e-2( 5) 22e-3    4   4.3    0
 1636  1.000    4  78.00  2026.03.20  8,15,12  -31e-4  14,7,14  .9994 (o)   15,1,1  1.6e-2( 5) 22e-3    4   1.5    0
 1637  1.000    3  79.00  2026.03.21  12,1,12  -38e-4  9,15,12  .9990 (o)   15,1,1  1.6e-2( 5) 22e-3    4   1.3    0
 1638  1.000    3  80.00  2026.03.22  4,14,12  -27e-4   4,6,14  .9999 (o)   15,1,1  1.6e-2( 5) 22e-3    4   1.3    0
 1639  1.000    4  81.00  2026.03.23 10,15,12  -32e-4 15,11,12  .9987 (o)   15,1,1  1.5e-2( 5) 22e-3    4   1.2    0
 1640  1.000    3  82.00  2026.03.24  6,15,12  -33e-4  4,12,13  .9999 (o)   15,1,1  1.5e-2( 5) 22e-3    4   1.7    0
1

                                     G E M   T I M E   S T E P   S U M M A R Y
                                               sanwei 30cm shale CO2
 ====================================================================================================================
     Time Step            Time                            Maximum Changes                       Mat  Cum    Solver
 ----------------- ----------------- ---------------------------------------------------------  Bal  time -----------
       Size Newton                        Pressure         Saturation         Composition       Err  step Iter/   Cum
 No.   days  cycls  Days     Date      Block     kpa     Block   Fraction   Block    Fraction    %   cuts  Cycl  Fail
 ----  ------ ---- ------ ---------- --------- ------ --------- --------- --------- ---------- ----- ---- ----- -----
 1641  1.000    3  83.00  2026.03.25  1,13,11  -27e-4  1,13,11  .9995 (o)   15,1,1  1.5e-2( 5) 22e-3    4   2.0    0
 1642  1.000    3  84.00  2026.03.26  15,6,12  2.0e-3 14,11,14  .9992 (o)   15,1,1  1.5e-2( 5) 22e-3    4   3.3    0
 1643  1.000    2  85.00  2026.03.27   1,15,5  2.8e-3   14,1,9  .9985 (o)   15,1,1  1.5e-2( 5) 23e-3    4   1.5    0
 1644  1.000    2  86.00  2026.03.28  15,13,6  4.0e-3    4,1,5  .9996 (o)   15,1,1  1.4e-2( 5) 23e-3    4   1.0    0
 1645  1.000    3  87.00  2026.03.29  5,15,12  -41e-4   3,2,13  .9998 (o)   15,1,1  1.4e-2( 5) 23e-3    4   2.7    0
 1646  1.000    3  88.00  2026.03.30  2,10,13  -13e-4    9,1,4  .9979 (o)   15,1,1  1.4e-2( 5) 23e-3    4   4.0    0
 1647  1.000    2  89.00  2026.03.31  15,5,12  1.8e-3   2,4,13  .9997 (o)   15,1,1  1.3e-2( 5) 23e-3    4   1.5    0
 1648w 1.000    2  90.00  2026.04.01 14,13,11  8.2e-4  12,2,14  .9981 (o)   15,1,1  1.3e-2( 5) 23e-3    4   1.5    0
 1649  1.000    2  91.00  2026.04.02   4,1,12  -24e-4    1,2,5  .9984 (o)   15,1,1  1.3e-2( 5) 23e-3    4   1.0    0
 1650  1.000    3  92.00  2026.04.03    1,2,5  2.8e-3 14,12,14  .9995 (o)   15,1,1  1.2e-2( 5) 23e-3    4   1.3    0
 1651  1.000    2  93.00  2026.04.04  15,4,13  -19e-4  12,1,13  .9997 (o)   15,1,1  1.2e-2( 5) 23e-3    4   1.5    0
 1652  1.000    3  94.00  2026.04.05  15,3,12  -32e-4  1,12,12  .9996 (o)   15,1,1  1.2e-2( 5) 23e-3    4   1.3    0
 1653  1.000    2  95.00  2026.04.06   10,1,5  -12e-4   10,1,6  .9990 (o)   15,1,1  1.2e-2( 5) 23e-3    4   3.0    0
 1654  1.000    2  96.00  2026.04.07  2,15,11  -32e-4  1,14,11  .9993 (o)   15,1,1  1.2e-2( 5) 23e-3    4   1.5    0
 1655  1.000    3  97.00  2026.04.08  2,14,12  -25e-4  2,14,12  .9996 (o)   15,1,1  1.1e-2( 5) 24e-3    4   2.0    0
 1656  1.000    2  98.00  2026.04.09 15,12,13  -16e-4   2,3,13  .9999 (o)   15,1,1  1.1e-2( 5) 24e-3    4   1.5    0
 1657  1.000    3  99.00  2026.04.10  1,15,10  -42e-4   1,15,4  .9976 (o)   15,1,1  1.1e-2( 5) 24e-3    4   1.0    0
 1658  1.000    2  100.0  2026.04.11  8,13,14  -17e-4  3,13,13  .9991 (o)   15,1,1  1.1e-2( 5) 24e-3    4   1.5    0
 1659  1.000    4  101.0  2026.04.12  15,8,14  -22e-4  15,8,14  .9999 (o)   15,1,1  1.1e-2( 5) 24e-3    4   1.2    0
 1660  1.000    3  102.0  2026.04.13   9,1,14  -26e-4  15,7,14  .9997 (o)   15,1,1  1.0e-2( 5) 24e-3    4   1.3    0
1

                                     G E M   T I M E   S T E P   S U M M A R Y
                                               sanwei 30cm shale CO2
 ====================================================================================================================
     Time Step            Time                            Maximum Changes                       Mat  Cum    Solver
 ----------------- ----------------- ---------------------------------------------------------  Bal  time -----------
       Size Newton                        Pressure         Saturation         Composition       Err  step Iter/   Cum
 No.   days  cycls  Days     Date      Block     kpa     Block   Fraction   Block    Fraction    %   cuts  Cycl  Fail
 ----  ------ ---- ------ ---------- --------- ------ --------- --------- --------- ---------- ----- ---- ----- -----
 1661  1.000    4  103.0  2026.04.14  1,13,12  -35e-4 14,15,11  .9993 (o)   15,1,1  1.0e-2( 5) 24e-3    4   2.0    0
 1662  1.000    3  104.0  2026.04.15  10,1,14  -23e-4    1,2,4  .9992 (o)   15,1,1  1.0e-2( 5) 24e-3    4   1.3    0
 1663  1.000    3  105.0  2026.04.16 13,15,12  -31e-4   14,1,8  1.000 (o)   15,1,1  1.0e-2( 5) 24e-3    4   5.0    0
 1664  1.000    1  106.0  2026.04.17   6,1,14  -21e-4   1,4,13  -12e-3(o)   15,1,1  9.8e-3( 5) 24e-3    4   2.0    0
 1665  1.000    3  107.0  2026.04.18 15,14,11  -24e-4  5,12,14  1.000 (o)   15,1,1  9.6e-3( 5) 24e-3    4   2.3    0
 1666  1.000    1  108.0  2026.04.19   2,1,11  -23e-5   1,4,13  -13e-3(o)   15,1,1  9.4e-3( 5) 24e-3    4   2.0    0
 1667  1.000    2  109.0  2026.04.20  5,15,13  -17e-4  1,11,13  .9987 (o)   15,1,1  9.2e-3( 5) 24e-3    4   1.5    0
 1668  1.000    3  110.0  2026.04.21  11,1,14  -19e-4  15,5,14  .9995 (o)   15,1,1  9.1e-3( 5) 24e-3    4   1.3    0
 1669  1.000    3  111.0  2026.04.22  14,1,10  -44e-4   13,3,4  .9991 (o)   15,1,1  8.9e-3( 5) 24e-3    4   1.7    0
 1670  1.000    2  112.0  2026.04.23   5,1,14  -21e-4  3,10,14  .9996 (o)   15,1,1  8.7e-3( 5) 24e-3    4   1.5    0
 1671  1.000    2  113.0  2026.04.24   9,7,15  -16e-4   9,7,15  .9980 (o)   15,1,1  8.5e-3( 5) 24e-3    4   1.5    0
 1672  1.000    2  114.0  2026.04.25  15,4,14  -22e-4  15,4,14  .9923 (o)   15,1,1  8.3e-3( 5) 24e-3    4   1.0    0
 1673  1.000    1  115.0  2026.04.26  15,3,14  1.8e-4   8,6,15  .9976 (o)   15,1,1  8.1e-3( 5) 24e-3    4   1.0    0
 1674  1.000    3  116.0  2026.04.27  2,15,12  -38e-4 14,14,11  .9996 (o)   15,1,1  7.9e-3( 5) 24e-3    4   1.3    0
 1675  1.000    2  117.0  2026.04.28  9,14,14  -18e-4   2,7,14  .9991 (o)   15,1,1  7.7e-3( 5) 24e-3    4   2.0    0
 1676  1.000    2  118.0  2026.04.29   4,1,14  -22e-4   9,9,15  .9994 (o)   15,1,1  7.5e-3( 5) 24e-3    4   1.5    0
 1677  1.000    3  119.0  2026.04.30  1,15,11  -31e-4   8,9,15  .9998 (o)   15,1,1  7.3e-3( 5) 24e-3    4   1.7    0
 1678w 1.000    3  120.0  2026.05.01   8,5,15  -17e-4   8,5,15  .9997 (o)   15,1,1  7.1e-3( 5) 24e-3    4   1.7    0
 1679  1.000    3  121.0  2026.05.02  11,6,15  -12e-4  13,1,14  .9955 (o)   15,1,1  6.9e-3( 5) 24e-3    4   1.3    0
 1680  1.000    2  122.0  2026.05.03  15,3,14  -22e-4   2,9,14  .9998 (o)   15,1,1  6.7e-3( 5) 24e-3    4   1.5    0
1

                                     G E M   T I M E   S T E P   S U M M A R Y
                                               sanwei 30cm shale CO2
 ====================================================================================================================
     Time Step            Time                            Maximum Changes                       Mat  Cum    Solver
 ----------------- ----------------- ---------------------------------------------------------  Bal  time -----------
       Size Newton                        Pressure         Saturation         Composition       Err  step Iter/   Cum
 No.   days  cycls  Days     Date      Block     kpa     Block   Fraction   Block    Fraction    %   cuts  Cycl  Fail
 ----  ------ ---- ------ ---------- --------- ------ --------- --------- --------- ---------- ----- ---- ----- -----
 1681  1.000    1  123.0  2026.05.04 11,14,14  -14e-4   7,5,15  .9959 (o)   15,1,1  6.5e-3( 5) 24e-3    4   2.0    0
 1682  1.000    3  124.0  2026.05.05    2,1,5  -12e-4  15,14,4  .9987 (o)   15,1,1  6.4e-3( 5) 24e-3    4   4.0    0
 1683  1.000    3  125.0  2026.05.06  14,2,12  -23e-4   9,4,15  .9999 (o)   15,1,1  6.2e-3( 5) 24e-3    4   1.7    0
 1684  1.000    2  126.0  2026.05.07  2,10,14  -17e-4  10,4,15  .9990 (o)   15,1,1  6.0e-3( 5) 24e-3    4   2.0    0
 1685  1.000    2  127.0  2026.05.08   15,5,6  -21e-5  11,4,15  -10e-3(o)   15,1,1  5.8e-3( 5) 24e-3    4   1.5    0
 1686  1.000    3  128.0  2026.05.09  3,12,14  -20e-4 12,14,14  .9997 (o)   15,1,1  5.6e-3( 5) 24e-3    4   1.3    0
 1687  1.000    2  129.0  2026.05.10   7,4,15  -11e-4   7,4,15  .9997 (o)   15,1,1  5.5e-3( 5) 24e-3    4   1.5    0
 1688  1.000    3  130.0  2026.05.11 15,13,14  -22e-4   6,8,15  .9996 (o)   15,1,1  5.3e-3( 5) 24e-3    4   1.3    0
 1689  1.000    3  131.0  2026.05.12  15,2,11  -35e-4 10,10,15  .9988 (o)   15,1,1  5.1e-3( 5) 24e-3    4   1.3    0
 1690  1.000    2  132.0  2026.05.13  5,14,14  -18e-4  2,11,14  .9990 (o)   15,1,1  5.0e-3( 5) 24e-3    4   1.5    0
 1691  1.000    1  133.0  2026.05.14  15,2,11  -87e-5  12,3,15  .9816 (o)   15,1,1  4.8e-3( 5) 24e-3    4   2.0    0
 1692  1.000    1  134.0  2026.05.15  13,4,15  -16e-4  13,3,15  -36e-3(o)  13,3,15  6.0e-3( 5) 24e-3    4   2.0    0
 1693  1.000    2  135.0  2026.05.16   11,1,5  2.4e-3   11,1,5  .9998 (o)  13,3,15  6.0e-3( 5) 24e-3    4   2.5    0
 1694  1.000    2  136.0  2026.05.17  3,13,14  -17e-4   14,1,1  .9996 (o)  13,3,15  5.7e-3( 5) 24e-3    4   2.0    0
 1695  1.000    3  137.0  2026.05.18  8,15,14  -23e-4   1,8,14  .9990 (o)   15,1,1  4.2e-3( 5) 25e-3    4   4.0    0
 1696  1.000    3  138.0  2026.05.19  7,15,14  -26e-4   1,7,14  .9998 (o)   15,1,1  4.0e-3( 5) 25e-3    4   1.7    0
 1697  1.000    1  139.0  2026.05.20 13,14,14  -38e-5  1,15,12  .9962 (o)   15,1,1  3.9e-3( 5) 25e-3    4   2.0    0
 1698  1.000    4  140.0  2026.05.21  1,15,12  -43e-4   1,6,14  .9997 (o)   15,1,1  3.7e-3( 5) 25e-3    4   1.2    0
 1699  1.000    2  141.0  2026.05.22  6,15,14  -23e-4  1,10,14  .9988 (o)   15,1,1  3.6e-3( 5) 25e-3    4   1.5    0
 1700  1.000    3  142.0  2026.05.23   1,2,13  -16e-4   5,5,15  .9987 (o)   15,1,1  3.5e-3( 5) 25e-3    4   1.3    0
1

                                     G E M   T I M E   S T E P   S U M M A R Y
                                               sanwei 30cm shale CO2
 ====================================================================================================================
     Time Step            Time                            Maximum Changes                       Mat  Cum    Solver
 ----------------- ----------------- ---------------------------------------------------------  Bal  time -----------
       Size Newton                        Pressure         Saturation         Composition       Err  step Iter/   Cum
 No.   days  cycls  Days     Date      Block     kpa     Block   Fraction   Block    Fraction    %   cuts  Cycl  Fail
 ----  ------ ---- ------ ---------- --------- ------ --------- --------- --------- ---------- ----- ---- ----- -----
 1701  1.000    3  143.0  2026.05.24 11,15,14  -23e-4   1,5,14  .9999 (o)   15,1,1  3.3e-3( 5) 25e-3    4   1.3    0
 1702  1.000    1  144.0  2026.05.25 11,15,14  -16e-5   5,7,15  .9989 (o)   15,1,1  3.2e-3( 5) 25e-3    4   1.0    0
 1703  1.000    2  145.0  2026.05.26   5,8,15  -14e-4   11,1,4  .9996 (o)   15,1,1  3.1e-3( 5) 25e-3    4   1.5    0
 1704  1.000    3  146.0  2026.05.27  5,15,14  -25e-4  1,11,14  1.000 (o)   15,1,1  3.0e-3( 5) 25e-3    4   2.7    0
 1705  1.000    2  147.0  2026.05.28 12,15,14  -23e-4 14,10,15  .9980 (o)   15,1,1  2.9e-3( 5) 25e-3    4   4.0    0
 1706  1.000    1  148.0  2026.05.29 14,10,14  9.2e-4   4,3,15  -95e-4(o)   15,1,1  2.8e-3( 5) 25e-3    4   2.0    0
 1707  1.000    1  149.0  2026.05.30 14,10,15  -39e-5   4,3,15  -95e-4(o)   15,1,1  2.7e-3( 5) 25e-3    4   1.0    0
 1708w 1.000    1  150.0  2026.05.31   6,2,15  -36e-6  7,11,15  .9987 (o)   15,1,1  2.6e-3( 5) 25e-3    4   1.0    0
 1709  1.000    1  151.0  2026.06.01   5,9,15  -10e-4    1,1,7  .9993 (o)   15,1,1  2.5e-3( 5) 25e-3    4   1.0    0
 1710  1.000    3  152.0  2026.06.02    1,1,6  -30e-4   4,4,15  .9995 (o)   15,1,1  2.4e-3( 5) 25e-3    4   1.3    0
 1711  1.000    2  153.0  2026.06.03 14,11,15  -12e-4   5,2,15  .9986 (o)   15,1,1  2.3e-3( 5) 25e-3    4   1.5    0
 1712  1.000    2  154.0  2026.06.04 15,14,12  -31e-4   8,1,15  .9993 (o)   15,1,1  2.2e-3( 5) 25e-3    4   1.5    0
 1713  1.000    2  155.0  2026.06.05  2,14,14  -18e-4   9,1,15  .9994 (o) 13,13,15  2.3e-3( 5) 25e-3    4   1.5    0
 1714  1.000    1  156.0  2026.06.06 15,14,12  -42e-5   13,2,6  .9994 (o) 13,13,15  2.3e-3( 5) 25e-3    4   2.0    0
 1715  1.000    3  157.0  2026.06.07  15,6,15  -13e-4   4,6,15  .9991 (o) 13,13,15  2.3e-3( 5) 25e-3    4   1.0    0
 1716  1.000    2  158.0  2026.06.08  15,9,15  -13e-4   7,1,15  .9992 (o) 13,13,15  2.3e-3( 5) 25e-3    4   1.0    0
 1717  1.000    2  159.0  2026.06.09  1,15,13  -22e-4  5,10,15  .9995 (o) 13,13,15  2.3e-3( 5) 25e-3    4   1.5    0
 1718  1.000    3  160.0  2026.06.10  15,2,12  -38e-4   4,2,15  1.000 (o)   15,1,1  1.7e-3( 5) 25e-3    4   3.3    0
 1719  1.000    1  161.0  2026.06.11 14,12,15  -44e-5 14,13,15  6.7e-3(g)   15,1,1  1.7e-3( 5) 25e-3    4   2.0    0
 1720  1.000    2  162.0  2026.06.12  15,2,12  -67e-5   6,1,15  .9984 (o)   15,1,1  1.6e-3( 5) 25e-3    4   1.5    0
1

                                     G E M   T I M E   S T E P   S U M M A R Y
                                               sanwei 30cm shale CO2
 ====================================================================================================================
     Time Step            Time                            Maximum Changes                       Mat  Cum    Solver
 ----------------- ----------------- ---------------------------------------------------------  Bal  time -----------
       Size Newton                        Pressure         Saturation         Composition       Err  step Iter/   Cum
 No.   days  cycls  Days     Date      Block     kpa     Block   Fraction   Block    Fraction    %   cuts  Cycl  Fail
 ----  ------ ---- ------ ---------- --------- ------ --------- --------- --------- ---------- ----- ---- ----- -----
 1721  1.000    1  163.0  2026.06.13  15,5,14  1.1e-3   4,8,15  .9992 (o)   15,1,1  1.6e-3( 5) 25e-3    4   1.0    0
 1722  1.000    1  164.0  2026.06.14   4,8,15  -10e-4  15,4,15  7.0e-3(g)   15,1,1  1.5e-3( 5) 25e-3    4   1.0    0
 1723  1.000    1  165.0  2026.06.15  9,12,15  -87e-6   3,4,15  .9950 (o)   15,1,1  1.4e-3( 5) 25e-3    4   1.0    0
 1724  1.000    1  166.0  2026.06.16 12,13,15  -10e-4  15,4,15  7.1e-3(g)   15,1,1  1.4e-3( 5) 25e-3    4   1.0    0
 1725  1.000    2  167.0  2026.06.17  15,1,10  3.2e-3  7,12,15  .9996 (o)   15,1,1  1.3e-3( 5) 25e-3    4   1.5    0
 1726  1.000    2  168.0  2026.06.18  15,1,10  2.9e-4   5,1,15  .9975 (o)   15,1,1  1.3e-3( 5) 25e-3    4   5.5    0
 1727  1.000    1  169.0  2026.06.19 15,11,14  1.1e-3   3,2,15  -69e-4(o)   15,1,1  1.2e-3( 5) 25e-3    4   1.0    0
 1728  1.000    2  170.0  2026.06.20   1,15,2  3.0e-3   1,15,2  .9998 (o)   15,1,1  1.2e-3( 5) 25e-3    4   1.5    0
 1729  1.000    1  171.0  2026.06.21  5,11,15  -34e-6  15,2,13  .9978 (o)   15,1,1  1.1e-3( 5) 25e-3    4   1.0    0
 1730  1.000    2  172.0  2026.06.22  2,15,14  -28e-4 14,14,13  .9982 (o)   15,1,1  1.1e-3( 5) 25e-3    4   3.5    0
 1731  1.000    2  173.0  2026.06.23   2,2,12  1.3e-3   3,5,15  1.000 (o)   15,1,1  1.1e-3( 5) 25e-3    4   3.0    0
 1732  1.000    2  174.0  2026.06.24  4,10,15  -11e-4  4,10,15  1.000 (o)   15,1,1  1.0e-3( 5) 25e-3    4   1.5    0
 1733  1.000    2  175.0  2026.06.25  14,2,12  1.4e-3   3,2,15  .9996 (o)   15,1,1  1.0e-3( 5) 25e-3    4   1.0    0
 1734  1.000    1  176.0  2026.06.26 15,12,14  1.1e-3  15,15,9  .9997 (o)   15,1,1  1.0e-3( 5) 25e-3    4   1.0    0
 1735  1.000    2  177.0  2026.06.27   1,1,10  2.7e-3   12,1,6  .9999 (o)   15,1,1  9.6e-4( 5) 25e-3    4   1.0    0
 1736  1.000    1  178.0  2026.06.28   14,3,5  1.3e-4   3,1,15  -52e-4(o)   15,1,1  9.3e-4( 5) 25e-3    4   1.0    0
 1737  1.000    1  179.0  2026.06.29   13,2,5  -88e-6   3,7,15  .9992 (o)   15,1,1  9.0e-4( 5) 25e-3    4   1.0    0
 1738w 1.000    1  180.0  2026.06.30   3,7,15  -10e-4   3,1,15  5.2e-3(g)   15,1,1  8.7e-4( 5) 25e-3    4   1.0    0
 1739  1.000    1  181.0  2026.07.01 10,13,15  -81e-6   3,1,15  -52e-4(o)   15,1,1  8.4e-4( 5) 25e-3    4   1.0    0
 1740  1.000    2  182.0  2026.07.02  4,11,15  -13e-4  8,13,15  1.000 (o)   15,1,1  8.1e-4( 5) 25e-3    4   1.5    0
1

                                     G E M   T I M E   S T E P   S U M M A R Y
                                               sanwei 30cm shale CO2
 ====================================================================================================================
     Time Step            Time                            Maximum Changes                       Mat  Cum    Solver
 ----------------- ----------------- ---------------------------------------------------------  Bal  time -----------
       Size Newton                        Pressure         Saturation         Composition       Err  step Iter/   Cum
 No.   days  cycls  Days     Date      Block     kpa     Block   Fraction   Block    Fraction    %   cuts  Cycl  Fail
 ----  ------ ---- ------ ---------- --------- ------ --------- --------- --------- ---------- ----- ---- ----- -----
 1741  1.000    2  183.0  2026.07.03 15,14,12  1.7e-3   2,1,13  .9999 (o) 15,13,15  7.9e-4( 5) 25e-3    4   1.0    0
 1742  1.000    1  184.0  2026.07.04   2,1,13  -96e-6   3,1,15  -52e-4(o)   3,1,15  7.8e-4( 5) 25e-3    4   1.0    0
 1743  1.000    1  185.0  2026.07.05  7,13,15  -70e-6   3,1,15  5.2e-3(g)   3,1,15  7.8e-4( 5) 25e-3    4   1.0    0
 1744  1.000    1  186.0  2026.07.06  8,13,15  -39e-6   3,1,15  -52e-4(o)   3,1,15  7.7e-4( 5) 25e-3    4   1.0    0
 1745  1.000    2  187.0  2026.07.07  1,14,15  -21e-5   3,1,15  .9963 (o)   15,1,1  6.8e-4( 5) 25e-3    4   5.5    0
 1746  1.000    2  188.0  2026.07.08  1,15,14  -29e-4  6,13,15  .9994 (o)   15,1,1  6.6e-4( 5) 25e-3    4   1.5    0
 1747  1.000    1  189.0  2026.07.09 15,13,15  -36e-5   15,1,8  .9988 (o)   15,1,1  6.4e-4( 5) 25e-3    4   2.0    0
 1748  1.000    1  190.0  2026.07.10  15,1,10  5.6e-4  15,1,10  -35e-4(o)   15,1,1  6.2e-4( 5) 25e-3    4   1.0    0
 1749  1.000    1  191.0  2026.07.11  15,1,10  1.0e-4  15,1,10  3.8e-3(g)  15,1,10  6.1e-4( 5) 25e-3    4   1.0    0
 1750  1.000    2  192.0  2026.07.12  14,1,14  -29e-4  4,12,15  .9998 (o)  15,1,10  6.2e-4( 5) 25e-3    4   1.5    0
 1751  1.000    1  193.0  2026.07.13  14,2,14  6.1e-5   14,3,4  .9998 (o)  15,1,10  6.2e-4( 5) 25e-3    4   1.0    0
 1752  1.000    1  194.0  2026.07.14   14,3,4  1.1e-3  3,11,15  .9991 (o)  15,1,10  6.1e-4( 5) 25e-3    4   1.0    0
 1753  1.000    1  195.0  2026.07.15  3,11,15  -11e-4  14,2,14  3.9e-3(g)  14,2,14  6.2e-4( 5) 25e-3    4   1.0    0
 1754  1.000    1  196.0  2026.07.16  5,13,15  -10e-5  14,2,14  4.0e-3(g)  14,2,14  6.3e-4( 5) 25e-3    4   1.0    0
 1755  1.000    1  197.0  2026.07.17  6,13,15  -37e-6  14,2,14  4.0e-3(g)  14,2,14  6.3e-4( 5) 25e-3    4   1.0    0
 1756  1.000    1  198.0  2026.07.18   15,1,5  -22e-6  14,2,14  -40e-4(o)  14,2,14  6.3e-4( 5) 25e-3    4   1.0    0
 1757  1.000    1  199.0  2026.07.19   15,1,5  -16e-6  7,14,15  .9994 (o)  14,2,14  6.2e-4( 5) 25e-3    4   1.0    0
 1758  1.000    2  200.0  2026.07.20   2,8,15  -19e-4  9,14,15  .9990 (o)  14,2,14  6.2e-4( 5) 25e-3    4   1.0    0
 1759  1.000    1  201.0  2026.07.21  8,14,15  -13e-5  3,12,15  .9991 (o) 10,14,15  -74e-5(14) 25e-3    4   1.0    0
 1760  1.000    2  202.0  2026.07.22  3,12,15  -15e-4   2,2,14  .9983 (o)   2,5,15  -10e-4(14) 25e-3    4   1.0    0
1

                                     G E M   T I M E   S T E P   S U M M A R Y
                                               sanwei 30cm shale CO2
 ====================================================================================================================
     Time Step            Time                            Maximum Changes                       Mat  Cum    Solver
 ----------------- ----------------- ---------------------------------------------------------  Bal  time -----------
       Size Newton                        Pressure         Saturation         Composition       Err  step Iter/   Cum
 No.   days  cycls  Days     Date      Block     kpa     Block   Fraction   Block    Fraction    %   cuts  Cycl  Fail
 ----  ------ ---- ------ ---------- --------- ------ --------- --------- --------- ---------- ----- ---- ----- -----
 1761  1.000    1  203.0  2026.07.23 14,14,14  -17e-4   2,5,15  -70e-4(o)   2,5,15  1.0e-3( 5) 25e-3    4   1.0    0
 1762  1.000    1  204.0  2026.07.24 14,14,14  -17e-5   2,5,15  7.0e-3(g)   2,5,15  1.0e-3( 5) 25e-3    4   1.0    0
 1763  1.000    2  205.0  2026.07.25  2,11,15  -12e-4  5,14,15  .9988 (o)   2,5,15  8.8e-4( 5) 25e-3    4   1.5    0
 1764  1.000    2  206.0  2026.07.26   2,4,15  1.4e-4   14,1,2  .9999 (o) 12,14,15  1.1e-3( 5) 25e-3    4   2.0    0
 1765  1.000    1  207.0  2026.07.27   2,5,15  -75e-6   14,1,3  .9993 (o)   2,4,15  -12e-4(14) 25e-3    4   1.0    0
 1766  1.000    1  208.0  2026.07.28  6,14,15  -34e-6   2,4,15  -84e-4(o)   2,4,15  -12e-4(14) 25e-3    4   1.0    0
 1767  1.000    1  209.0  2026.07.29   15,2,3  -91e-6  3,13,15  .9996 (o)   2,4,15  -12e-4(14) 25e-3    4   1.0    0
 1768w 1.000    2  210.0  2026.07.30  15,1,10  -46e-4  14,2,14  .9973 (o)   2,4,15  1.2e-3( 5) 26e-3    4   1.5    0
 1769  1.000    2  211.0  2026.07.31  14,2,14  -17e-4  2,12,15  .9997 (o)   2,3,15  9.3e-4( 5) 26e-3    4   1.0    0
 1770  1.000    1  212.0  2026.08.01  14,2,14  -18e-5   2,3,15  -70e-4(o)   2,3,15  1.1e-3( 5) 26e-3    4   1.0    0
 1771  1.000    1  213.0  2026.08.02  4,14,15  -61e-6   1,9,15  .9989 (o)   2,3,15  1.1e-3( 5) 26e-3    4   1.0    0
 1772  1.000    1  214.0  2026.08.03   1,9,15  -13e-4  6,15,15  .9991 (o)   2,3,15  1.1e-3( 5) 26e-3    4   1.0    0
 1773  1.000    1  215.0  2026.08.04  1,10,15  -16e-4   12,1,4  .9988 (o) 13,14,15  1.1e-3( 5) 26e-3    4   1.0    0
 1774  1.000    2  216.0  2026.08.05   12,1,5  -12e-4  9,15,15  .9983 (o) 13,14,15  1.1e-3( 5) 26e-3    4   5.0    0
 1775  1.000    1  217.0  2026.08.06  9,15,14  1.1e-3  1,11,15  .9990 (o)   2,3,15  1.1e-3( 5) 26e-3    4   1.0    0
 1776  1.000    1  218.0  2026.08.07  1,11,15  -17e-4   2,3,15  7.6e-3(g)   2,3,15  1.1e-3( 5) 26e-3    4   1.0    0
 1777  1.000    2  219.0  2026.08.08  5,15,15  -22e-5 10,15,15  .9974 (o)   2,3,15  1.1e-3( 5) 26e-3    4   1.0    0
 1778  1.000    1  220.0  2026.08.09   1,6,14  1.1e-3   15,1,7  .9992 (o)   2,3,15  1.1e-3( 5) 26e-3    4   2.0    0
 1779  1.000    2  221.0  2026.08.10   2,3,15  -12e-4   2,3,15  .9995 (o) 11,15,15  1.1e-3( 5) 26e-3    4   1.0    0
 1780  1.000    1  222.0  2026.08.11  15,1,11  1.9e-4  4,15,15  .9992 (o)   1,5,15  1.1e-3( 5) 26e-3    4   1.0    0
1

                                     G E M   T I M E   S T E P   S U M M A R Y
                                               sanwei 30cm shale CO2
 ====================================================================================================================
     Time Step            Time                            Maximum Changes                       Mat  Cum    Solver
 ----------------- ----------------- ---------------------------------------------------------  Bal  time -----------
       Size Newton                        Pressure         Saturation         Composition       Err  step Iter/   Cum
 No.   days  cycls  Days     Date      Block     kpa     Block   Fraction   Block    Fraction    %   cuts  Cycl  Fail
 ----  ------ ---- ------ ---------- --------- ------ --------- --------- --------- ---------- ----- ---- ----- -----
 1781  1.000    2  223.0  2026.08.12  1,12,15  -15e-4 11,15,15  .9975 (o)  15,1,11  8.0e-4( 5) 26e-3    4   5.5    0
 1782  1.000    1  224.0  2026.08.13 11,15,14  1.2e-3 12,15,15  7.9e-3(g) 12,15,15  1.2e-3( 5) 26e-3    4   1.0    0
 1783  1.000    1  225.0  2026.08.14   1,5,15  -70e-5  2,14,15  .9989 (o) 12,15,15  1.2e-3( 5) 26e-3    4   1.0    0
 1784  1.000    1  226.0  2026.08.15  2,14,15  -11e-4 12,15,15  8.7e-3(g) 12,15,15  -13e-4(14) 26e-3    4   1.0    0
 1785  1.000    1  227.0  2026.08.16  2,14,15  -93e-6 12,15,15  -87e-4(o) 12,15,15  1.2e-3( 5) 26e-3    4   1.0    0
 1786  1.000    2  228.0  2026.08.17  2,14,15  -71e-6 12,15,15  .9972 (o)  15,1,11  8.0e-4( 5) 26e-3    4   1.0    0
 1787  1.000    2  229.0  2026.08.18  3,15,15  -15e-4  1,13,15  .9997 (o) 13,15,15  -10e-4(14) 26e-3    4   2.5    0
 1788  1.000    1  230.0  2026.08.19   1,4,15  -79e-5 13,15,15  7.2e-3(g) 13,15,15  -11e-4(14) 26e-3    4   1.0    0
 1789  1.000    1  231.0  2026.08.20  3,15,15  -71e-6   1,3,15  7.4e-3(g)   1,3,15  1.1e-3( 5) 26e-3    4   1.0    0
 1790  1.000    1  232.0  2026.08.21  3,15,15  -52e-6 15,15,10  .9994 (o)   1,3,15  1.1e-3( 5) 26e-3    4   1.0    0
 1791  1.000    1  233.0  2026.08.22   1,1,10  -36e-4   1,3,15  7.5e-3(g)   1,3,15  1.1e-3( 5) 26e-3    4   1.0    0
 1792  1.000    1  234.0  2026.08.23 15,15,10  -84e-5   1,3,15  7.6e-3(g)   1,3,15  1.1e-3( 5) 26e-3    4   1.0    0
 1793  1.000    2  235.0  2026.08.24  1,14,15  -18e-5   1,3,15  .9981 (o)  15,1,11  4.0e-4( 5) 26e-3    4   5.5    0
 1794  1.000    1  236.0  2026.08.25  15,1,12  2.6e-3  15,1,12  -30e-4(o)  15,1,12  5.0e-4( 5) 26e-3    4   1.0    0
 1795  1.000    1  237.0  2026.08.26  15,1,11  -32e-4  1,14,15  .9990 (o)  15,1,12  5.6e-4( 5) 26e-3    4   1.0    0
 1796  1.000    1  238.0  2026.08.27  1,14,15  -19e-4  15,1,12  -34e-4(o)  15,1,12  5.7e-4( 5) 26e-3    4   1.0    0
 1797  1.000    1  239.0  2026.08.28  2,15,15  -17e-5  15,1,12  -34e-4(o)  15,1,12  5.7e-4( 5) 26e-3    4   1.0    0
 1798w 1.000    1  240.0  2026.08.29  2,15,15  -81e-6  15,1,12  -34e-4(o)  15,1,12  5.6e-4( 5) 26e-3    4   1.0    0
 1799  1.000    1  241.0  2026.08.30  2,15,15  -46e-6   2,1,14  .9996 (o)  15,1,12  5.6e-4( 5) 26e-3    4   1.0    0
 1800  1.000    1  242.0  2026.08.31 15,14,14  -22e-4  15,1,12  -34e-4(o)  15,1,12  5.6e-4( 5) 26e-3    4   1.0    0
1

                                     G E M   T I M E   S T E P   S U M M A R Y
                                               sanwei 30cm shale CO2
 ====================================================================================================================
     Time Step            Time                            Maximum Changes                       Mat  Cum    Solver
 ----------------- ----------------- ---------------------------------------------------------  Bal  time -----------
       Size Newton                        Pressure         Saturation         Composition       Err  step Iter/   Cum
 No.   days  cycls  Days     Date      Block     kpa     Block   Fraction   Block    Fraction    %   cuts  Cycl  Fail
 ----  ------ ---- ------ ---------- --------- ------ --------- --------- --------- ---------- ----- ---- ----- -----
 1801  1.000    1  243.0  2026.09.01 15,14,14  -99e-6  15,1,12  -34e-4(o)  15,1,12  5.6e-4( 5) 26e-3    4   1.0    0
 1802  1.000    1  244.0  2026.09.02  1,14,15  -17e-6  15,1,12  3.4e-3(g)  15,1,12  5.5e-4( 5) 26e-3    4   1.0    0
 1803  1.000    1  245.0  2026.09.03  1,14,15  -14e-6  15,1,12  -34e-4(o)  15,1,12  5.5e-4( 5) 26e-3    4   1.0    0
 1804  1.000    1  246.0  2026.09.04  1,14,15  -12e-6  15,1,12  -34e-4(o)  15,1,12  5.5e-4( 5) 26e-3    4   1.0    0
 1805  1.000    1  247.0  2026.09.05  1,14,15  -10e-6  15,1,12  -34e-4(o)  15,1,12  5.4e-4( 5) 26e-3    4   1.0    0
 1806  1.000    1  248.0  2026.09.06  1,14,15  -91e-7  15,1,12  3.4e-3(g)  15,1,12  5.4e-4( 5) 26e-3    4   1.0    0
 1807  1.000    1  249.0  2026.09.07  1,14,15  -79e-7  1,15,15  .9995 (o)  15,1,12  5.4e-4( 5) 26e-3    4   1.0    0
 1808  1.000    1  250.0  2026.09.08  1,15,15  -17e-4  15,2,15  .9994 (o)  15,1,12  5.4e-4( 5) 26e-3    4   1.0    0
 1809  1.000    1  251.0  2026.09.09  14,1,15  -18e-4  15,1,12  -34e-4(o)  15,1,12  5.3e-4( 5) 26e-3    4   1.0    0
 1810  1.000    1  252.0  2026.09.10  15,2,15  -16e-5  15,1,12  3.4e-3(g)  15,1,12  5.3e-4( 5) 26e-3    4   1.0    0
 1811  1.000    1  253.0  2026.09.11  1,15,15  -35e-6   14,2,6  .9998 (o)  15,1,12  5.3e-4( 5) 26e-3    4   1.0    0
 1812  1.000    1  254.0  2026.09.12   14,2,6  1.0e-3 14,15,15  .9977 (o)  15,1,12  5.3e-4( 5) 26e-3    4   1.0    0
 1813  1.000    1  255.0  2026.09.13 14,15,15  -13e-4  15,1,12  3.4e-3(g)  15,1,12  5.3e-4( 5) 26e-3    4   1.0    0
 1814  1.000    1  256.0  2026.09.14 14,15,15  -13e-5  15,1,12  -34e-4(o)  15,1,12  5.3e-4( 5) 26e-3    4   1.0    0
 1815  1.000    1  257.0  2026.09.15   1,2,15  -37e-6  15,1,12  -34e-4(o)  15,1,12  5.3e-4( 5) 26e-3    4   1.0    0
 1816  1.000    1  258.0  2026.09.16   1,2,15  -12e-6  15,1,12  3.5e-3(g)  15,1,12  5.2e-4( 5) 26e-3    4   1.0    0
 1817  1.000    1  259.0  2026.09.17  1,14,15  -71e-7  15,1,12  3.5e-3(g)  15,1,12  5.2e-4( 5) 26e-3    4   1.0    0
 1818  1.000    1  260.0  2026.09.18   15,1,4  -62e-7  15,1,12  3.5e-3(g)  15,1,12  5.2e-4( 5) 26e-3    4   1.0    0
 1819  1.000    1  261.0  2026.09.19   15,1,4  -59e-7  15,1,12  -35e-4(o)  15,1,12  5.2e-4( 5) 26e-3    4   1.0    0
 1820  1.000    1  262.0  2026.09.20   15,1,4  -57e-7  15,1,12  3.5e-3(g)  15,1,12  5.2e-4( 5) 26e-3    4   1.0    0
1

                                     G E M   T I M E   S T E P   S U M M A R Y
                                               sanwei 30cm shale CO2
 ====================================================================================================================
     Time Step            Time                            Maximum Changes                       Mat  Cum    Solver
 ----------------- ----------------- ---------------------------------------------------------  Bal  time -----------
       Size Newton                        Pressure         Saturation         Composition       Err  step Iter/   Cum
 No.   days  cycls  Days     Date      Block     kpa     Block   Fraction   Block    Fraction    %   cuts  Cycl  Fail
 ----  ------ ---- ------ ---------- --------- ------ --------- --------- --------- ---------- ----- ---- ----- -----
 1821  1.000    1  263.0  2026.09.21   15,1,4  -55e-7  15,1,12  -35e-4(o)  15,1,12  5.1e-4( 5) 26e-3    4   1.0    0
 1822  1.000    1  264.0  2026.09.22   15,1,4  -54e-7  15,1,12  -35e-4(o)  15,1,12  5.1e-4( 5) 26e-3    4   1.0    0
 1823  1.000    2  265.0  2026.09.23   15,1,4  -60e-7  15,1,12  .9981 (o)  14,2,15  4.9e-4( 5) 26e-3    4   1.0    0
 1824  1.000    1  266.0  2026.09.24  15,1,12  -33e-4  14,2,15  -32e-4(o)  14,2,15  4.9e-4( 5) 26e-3    4   1.0    0
 1825  1.000    1  267.0  2026.09.25  15,1,12  -17e-4  14,2,15  -33e-4(o)  14,2,15  4.9e-4( 5) 26e-3    4   1.0    0
 1826  1.000    1  268.0  2026.09.26  15,1,12  -17e-5  14,2,15  3.3e-3(g)  14,2,15  4.9e-4( 5) 26e-3    4   1.0    0
 1827  1.000    1  269.0  2026.09.27  15,1,12  -55e-6  14,2,15  -33e-4(o)  14,2,15  4.9e-4( 5) 26e-3    4   1.0    0
 1828w 1.000    1  270.0  2026.09.28  15,1,12  -16e-6  14,2,15  3.3e-3(g)  14,2,15  4.9e-4( 5) 26e-3    4   1.0    0
 1829  1.000    1  271.0  2026.09.29  15,1,12  -53e-7  14,2,15  -33e-4(o)  14,2,15  4.9e-4( 5) 26e-3    4   1.0    0
 1830  1.000    1  272.0  2026.09.30   15,1,4  -49e-7  14,2,15  3.3e-3(g)  14,2,15  4.9e-4( 5) 26e-3    4   1.0    0
 1831  1.000    1  273.0  2026.10.01   15,1,4  -49e-7  14,2,15  3.3e-3(g)  14,2,15  4.9e-4( 5) 26e-3    4   1.0    0
 1832  1.000    2  274.0  2026.10.02  14,2,15  -10e-4  14,2,15  .9978 (o) 14,14,15  4.3e-4( 5) 26e-3    4   2.0    0
 1833  1.000    1  275.0  2026.10.03  14,2,15  -59e-6   2,2,15  2.8e-3(g) 14,14,15  4.3e-4( 5) 26e-3    4   1.0    0
 1834  1.000    1  276.0  2026.10.04  14,2,15  -82e-6 14,14,15  2.8e-3(g) 14,14,15  4.2e-4( 5) 26e-3    4   1.0    0
 1835  1.000    1  277.0  2026.10.05  14,2,15  -23e-6 14,14,15  -28e-4(o) 14,14,15  4.2e-4( 5) 26e-3    4   1.0    0
 1836  1.000    1  278.0  2026.10.06  14,2,15  -73e-7 14,14,15  2.8e-3(g) 14,14,15  4.2e-4( 5) 26e-3    4   1.0    0
 1837  1.000    1  279.0  2026.10.07   15,1,4  -47e-7    1,1,4  .9999 (o) 14,14,15  4.2e-4( 5) 26e-3    4   1.0    0
 1838  1.000    1  280.0  2026.10.08  15,15,4  1.7e-4   2,2,15  2.8e-3(g) 14,14,15  4.2e-4( 5) 26e-3    4   1.0    0
 1839  1.000    1  281.0  2026.10.09    1,1,4  -25e-5 15,15,11  .9985 (o) 14,14,15  4.2e-4( 5) 26e-3    4   1.0    0
 1840  1.000    2  282.0  2026.10.10   1,1,11  -28e-4   1,1,11  1.000 (o)  15,1,13  4.1e-4( 5) 26e-3    4   1.0    0
1

                                     G E M   T I M E   S T E P   S U M M A R Y
                                               sanwei 30cm shale CO2
 ====================================================================================================================
     Time Step            Time                            Maximum Changes                       Mat  Cum    Solver
 ----------------- ----------------- ---------------------------------------------------------  Bal  time -----------
       Size Newton                        Pressure         Saturation         Composition       Err  step Iter/   Cum
 No.   days  cycls  Days     Date      Block     kpa     Block   Fraction   Block    Fraction    %   cuts  Cycl  Fail
 ----  ------ ---- ------ ---------- --------- ------ --------- --------- --------- ---------- ----- ---- ----- -----
 1841  1.000    1  283.0  2026.10.11 15,15,11  -49e-5    1,1,6  1.000 (o)  15,1,13  4.1e-4( 5) 26e-3    4   1.0    0
 1842  1.000    1  284.0  2026.10.12  15,15,6  4.2e-3   13,1,6  1.000 (o)  15,1,13  4.1e-4( 5) 26e-3    4   1.0    0
 1843  1.000    1  285.0  2026.10.13   13,1,6  1.3e-3  15,1,13  2.7e-3(g)  15,1,13  4.1e-4( 5) 26e-3    4   1.0    0
 1844  1.000    1  286.0  2026.10.14   13,1,6  -29e-5  15,1,13  -27e-4(o)  15,1,13  4.1e-4( 5) 26e-3    4   1.0    0
 1845  1.000    1  287.0  2026.10.15   13,1,6  -32e-6  15,1,13  -27e-4(o)  15,1,13  4.1e-4( 5) 26e-3    4   1.0    0
 1846  1.000    1  288.0  2026.10.16   13,1,6  -25e-6  15,1,13  -27e-4(o)  15,1,13  4.1e-4( 5) 26e-3    4   1.0    0
 1847  1.000    1  289.0  2026.10.17   13,1,6  -16e-6  15,1,13  2.7e-3(g)  15,1,13  4.0e-4( 5) 26e-3    4   1.0    0
 1848  1.000    1  290.0  2026.10.18   13,1,6  -11e-6  15,1,13  -27e-4(o)  15,1,13  4.0e-4( 5) 26e-3    4   1.0    0
 1849  1.000    1  291.0  2026.10.19   13,1,6  -77e-7  15,1,13  2.7e-3(g)  15,1,13  4.0e-4( 5) 26e-3    4   1.0    0
 1850  1.000    1  292.0  2026.10.20   15,1,4  -64e-7  15,1,13  -27e-4(o)  15,1,13  4.0e-4( 5) 26e-3    4   1.0    0
 1851  1.000    1  293.0  2026.10.21   15,1,4  -59e-7  15,1,13  2.7e-3(g)  15,1,13  4.0e-4( 5) 26e-3    4   1.0    0
 1852  1.000    1  294.0  2026.10.22   15,1,4  -56e-7  15,1,13  -27e-4(o)  15,1,13  4.0e-4( 5) 26e-3    4   1.0    0
 1853  1.000    1  295.0  2026.10.23   15,1,4  -53e-7  15,1,13  2.7e-3(g)  15,1,13  4.0e-4( 5) 26e-3    4   1.0    0
 1854  1.000    1  296.0  2026.10.24   15,1,4  -51e-7  15,1,13  2.7e-3(g)  15,1,13  4.0e-4( 5) 26e-3    4   1.0    0
 1855  1.000    1  297.0  2026.10.25   15,1,4  -49e-7  15,1,13  2.7e-3(g)  15,1,13  3.9e-4( 5) 26e-3    4   1.0    0
 1856  1.000    2  298.0  2026.10.26  15,1,13  -22e-4  15,1,13  .9996 (o)   1,1,12  -23e-5(14) 26e-3    4   1.0    0
 1857  1.000    1  299.0  2026.10.27  15,1,13  -10e-5 15,15,12  1.5e-3(g)   1,1,12  -23e-5(14) 26e-3    4   1.0    0
 1858w 1.000    1  300.0  2026.10.28  15,1,13  -78e-6 15,15,12  -15e-4(o)   1,1,12  2.3e-4( 5) 26e-3    4   1.0    0
 1859  1.000    1  301.0  2026.10.29  15,1,13  -29e-6 15,15,12  1.5e-3(g)   1,1,12  2.3e-4( 5) 26e-3    4   1.0    0
 1860  1.000    1  302.0  2026.10.30  15,1,13  -11e-6 15,15,12  1.5e-3(g)   1,1,12  2.3e-4( 5) 26e-3    4   1.0    0
1

                                     G E M   T I M E   S T E P   S U M M A R Y
                                               sanwei 30cm shale CO2
 ====================================================================================================================
     Time Step            Time                            Maximum Changes                       Mat  Cum    Solver
 ----------------- ----------------- ---------------------------------------------------------  Bal  time -----------
       Size Newton                        Pressure         Saturation         Composition       Err  step Iter/   Cum
 No.   days  cycls  Days     Date      Block     kpa     Block   Fraction   Block    Fraction    %   cuts  Cycl  Fail
 ----  ------ ---- ------ ---------- --------- ------ --------- --------- --------- ---------- ----- ---- ----- -----
 1861  1.000    1  303.0  2026.10.31  15,1,13  -46e-7    1,1,5  .9993 (o)  15,1,14  2.3e-4( 5) 26e-3    4   1.0    0
 1862  1.000    1  304.0  2026.11.01    1,1,5  1.8e-3 15,15,12  1.5e-3(g)  15,1,14  2.3e-4( 5) 26e-3    4   1.0    0
 1863  1.000    1  305.0  2026.11.02    1,1,5  -17e-5 15,15,12  -15e-4(o)  15,1,14  2.3e-4( 5) 26e-3    4   1.0    0
 1864  1.000    1  306.0  2026.11.03    1,1,5  -89e-6   14,2,5  .9996 (o)  15,1,14  2.3e-4( 5) 26e-3    4   1.0    0
 1865  1.000    1  307.0  2026.11.04   14,2,5  2.1e-3 15,15,12  1.5e-3(g)  15,1,14  2.2e-4( 5) 26e-3    4   1.0    0
 1866  1.000    1  308.0  2026.11.05   14,2,5  -98e-6 15,15,12  -15e-4(o)  15,1,14  2.2e-4( 5) 26e-3    4   1.0    0
 1867  1.000    1  309.0  2026.11.06  15,15,5  -24e-6 15,15,12  -15e-4(o)  15,1,14  2.2e-4( 5) 26e-3    4   1.0    0
 1868  1.000    1  310.0  2026.11.07   14,2,5  -19e-6 15,15,12  1.5e-3(g)  15,1,14  2.2e-4( 5) 26e-3    4   1.0    0
 1869  1.000    1  311.0  2026.11.08   14,2,5  -14e-6 15,15,12  -15e-4(o)  15,1,14  2.2e-4( 5) 26e-3    4   1.0    0
 1870  1.000    1  312.0  2026.11.09   14,2,5  -10e-6 15,15,12  1.5e-3(g)  15,1,14  2.2e-4( 5) 26e-3    4   1.0    0
 1871  1.000    1  313.0  2026.11.10   14,2,5  -78e-7 15,15,12  -15e-4(o)  15,1,14  2.2e-4( 5) 26e-3    4   1.0    0
 1872  1.000    1  314.0  2026.11.11   14,2,5  -57e-7   1,1,12  1.5e-3(g)  15,1,14  2.2e-4( 5) 26e-3    4   1.0    0
 1873  1.000    1  315.0  2026.11.12   14,2,5  -42e-7 15,15,12  1.5e-3(g)  15,1,14  2.2e-4( 5) 26e-3    4   1.0    0
 1874  1.000    1  316.0  2026.11.13   15,1,4  -39e-7   1,1,12  -15e-4(o)  15,1,14  2.2e-4( 5) 26e-3    4   1.0    0
 1875  1.000    1  317.0  2026.11.14   15,1,4  -38e-7   1,1,12  1.5e-3(g)  15,1,14  2.2e-4( 5) 26e-3    4   1.0    0
 1876  1.000    1  318.0  2026.11.15   15,1,4  -37e-7 15,15,12  -15e-4(o)  15,1,14  2.2e-4( 5) 26e-3    4   1.0    0
 1877  1.000    1  319.0  2026.11.16   15,1,4  -36e-7 15,15,12  1.5e-3(g)  15,1,14  2.2e-4( 5) 26e-3    4   1.0    0
 1878  1.000    1  320.0  2026.11.17   15,1,4  -36e-7   1,15,1  1.000 (o)  15,1,14  2.2e-4( 5) 26e-3    4   1.0    0
 1879  1.000    1  321.0  2026.11.18   1,15,1  1.9e-3   1,1,12  -15e-4(o)  15,1,14  2.2e-4( 5) 26e-3    4   1.0    0
 1880  1.000    1  322.0  2026.11.19   4,15,1  -59e-6 15,15,12  -15e-4(o)  15,1,14  2.2e-4( 5) 26e-3    4   1.0    0
1

                                     G E M   T I M E   S T E P   S U M M A R Y
                                               sanwei 30cm shale CO2
 ====================================================================================================================
     Time Step            Time                            Maximum Changes                       Mat  Cum    Solver
 ----------------- ----------------- ---------------------------------------------------------  Bal  time -----------
       Size Newton                        Pressure         Saturation         Composition       Err  step Iter/   Cum
 No.   days  cycls  Days     Date      Block     kpa     Block   Fraction   Block    Fraction    %   cuts  Cycl  Fail
 ----  ------ ---- ------ ---------- --------- ------ --------- --------- --------- ---------- ----- ---- ----- -----
 1881  1.000    1  323.0  2026.11.20   1,15,2  -10e-6   1,1,12  -15e-4(o)  15,1,14  2.2e-4( 5) 26e-3    4   1.0    0
 1882  1.000    1  324.0  2026.11.21   1,15,1  -40e-7   1,1,12  -15e-4(o)  15,1,14  2.2e-4( 5) 26e-3    4   1.0    0
 1883  1.000    1  325.0  2026.11.22   15,1,4  -33e-7   1,1,12  1.5e-3(g)  15,1,14  2.2e-4( 5) 26e-3    4   1.0    0
 1884  1.000    1  326.0  2026.11.23   15,1,4  -32e-7 15,15,12  1.5e-3(g)  15,1,14  2.2e-4( 5) 26e-3    4   1.0    0
 1885  1.000    1  327.0  2026.11.24   15,1,4  -32e-7 15,15,12  -15e-4(o)  15,1,14  2.2e-4( 5) 26e-3    4   1.0    0
 1886  1.000    1  328.0  2026.11.25   15,1,4  -32e-7 15,15,12  1.5e-3(g)  15,1,14  2.2e-4( 5) 26e-3    4   1.0    0
 1887  1.000    2  329.0  2026.11.26 15,15,12  -37e-4 15,15,12  1.000 (o)  15,1,14  2.2e-4( 5) 26e-3    4   1.0    0
 1888w 1.000    1  330.0  2026.11.27 15,15,12  -43e-5  15,1,14  1.4e-3(g)  15,1,14  2.1e-4( 5) 26e-3    4   1.0    0
 1889  1.000    1  331.0  2026.11.28   1,1,12  -24e-5   13,1,5  .9996 (o) 15,15,13  -22e-5(14) 26e-3    4   1.0    0
 1890  1.000    1  332.0  2026.11.29   15,3,5  2.8e-3 15,15,13  -16e-4(o) 15,15,13  2.4e-4( 5) 26e-3    4   1.0    0
 1891  1.000    1  333.0  2026.11.30   15,3,5  -15e-5 15,15,13  1.6e-3(g) 15,15,13  -24e-5(14) 26e-3    4   1.0    0
 1892  1.000    1  334.0  2026.12.01   13,1,5  -33e-6 15,15,13  1.6e-3(g) 15,15,13  -24e-5(14) 26e-3    4   1.0    0
 1893  1.000    1  335.0  2026.12.02   15,3,5  -35e-6 15,15,13  -16e-4(o) 15,15,13  2.4e-4( 5) 26e-3    4   1.0    0
 1894  1.000    1  336.0  2026.12.03   15,3,5  -26e-6 15,15,13  -16e-4(o) 15,15,13  -25e-5(14) 26e-3    4   1.0    0
 1895  1.000    1  337.0  2026.12.04   15,3,5  -19e-6 15,15,13  1.6e-3(g)   1,1,13  2.4e-4( 5) 26e-3    4   1.0    0
 1896  1.000    1  338.0  2026.12.05   15,3,5  -14e-6 15,15,13  1.6e-3(g)   1,1,13  -24e-5(14) 26e-3    4   1.0    0
 1897  1.000    1  339.0  2026.12.06   15,3,5  -10e-6 15,15,13  -16e-4(o)   1,1,13  -24e-5(14) 26e-3    4   1.0    0
 1898  1.000    1  340.0  2026.12.07   15,3,5  -71e-7 15,15,13  1.6e-3(g)   1,1,13  2.4e-4( 5) 26e-3    4   1.0    0
 1899  1.000    1  341.0  2026.12.08   15,3,5  -51e-7 15,15,13  1.6e-3(g)   1,1,13  2.4e-4( 5) 26e-3    4   1.0    0
 1900  1.000    1  342.0  2026.12.09   15,1,4  -39e-7 15,15,13  1.6e-3(g)   1,1,13  2.4e-4( 5) 26e-3    4   1.0    0
1

                                     G E M   T I M E   S T E P   S U M M A R Y
                                               sanwei 30cm shale CO2
 ====================================================================================================================
     Time Step            Time                            Maximum Changes                       Mat  Cum    Solver
 ----------------- ----------------- ---------------------------------------------------------  Bal  time -----------
       Size Newton                        Pressure         Saturation         Composition       Err  step Iter/   Cum
 No.   days  cycls  Days     Date      Block     kpa     Block   Fraction   Block    Fraction    %   cuts  Cycl  Fail
 ----  ------ ---- ------ ---------- --------- ------ --------- --------- --------- ---------- ----- ---- ----- -----
 1901  1.000    1  343.0  2026.12.10   15,1,4  -36e-7 15,15,13  -16e-4(o)   1,1,13  -24e-5(14) 26e-3    4   1.0    0
 1902  1.000    1  344.0  2026.12.11   15,1,4  -33e-7 15,15,13  1.6e-3(g)   1,1,13  -24e-5(14) 26e-3    4   1.0    0
 1903  1.000    1  345.0  2026.12.12   15,1,4  -32e-7 15,15,13  1.6e-3(g)   1,1,13  -24e-5(14) 26e-3    4   1.0    0
 1904  1.000    2  346.0  2026.12.13 15,15,12  2.1e-3 15,15,13  .9996 (o)  15,1,14  2.1e-4( 5) 26e-3    4   1.5    0
 1905  1.000    1  347.0  2026.12.14 15,15,13  -65e-6  15,1,14  1.4e-3(g)  15,1,14  2.1e-4( 5) 26e-3    4   1.0    0
 1906  1.000    1  348.0  2026.12.15 15,15,13  -70e-6  15,1,14  -14e-4(o)  15,1,14  2.1e-4( 5) 26e-3    4   1.0    0
 1907  1.000    1  349.0  2026.12.16 15,15,13  -35e-6  15,1,14  .9991 (o)  15,1,14  2.1e-4( 5) 26e-3    4   1.0    0
 1908  1.000    1  350.0  2026.12.17  15,1,14  -29e-4 15,15,14  1.1e-3(g) 15,15,14  -18e-5(14) 26e-3    4   1.0    0
 1909  1.000    1  351.0  2026.12.18  15,1,14  -12e-5 15,15,14  -12e-4(o) 15,15,14  1.8e-4( 5) 26e-3    4   1.0    0
 1910  1.000    1  352.0  2026.12.19  15,1,14  -54e-6 15,15,14  -12e-4(o) 15,15,14  1.8e-4( 5) 26e-3    4   1.0    0
 1911  1.000    1  353.0  2026.12.20  15,1,14  -21e-6 15,15,14  1.2e-3(g) 15,15,14  1.8e-4( 5) 26e-3    4   1.0    0
 1912  1.000    1  354.0  2026.12.21  15,1,14  -10e-6 15,15,14  -12e-4(o)   1,1,14  1.8e-4( 5) 26e-3    4   1.0    0
 1913  1.000    1  355.0  2026.12.22  15,1,14  -54e-7 15,15,14  -12e-4(o)   1,1,14  1.8e-4( 5) 26e-3    4   1.0    0
 1914  1.000    1  356.0  2026.12.23  15,1,14  -29e-7 15,15,14  1.2e-3(g)   1,1,14  1.8e-4( 5) 26e-3    4   1.0    0
 1915  1.000    1  357.0  2026.12.24   15,1,4  -23e-7 15,15,14  -12e-4(o)   1,1,14  1.8e-4( 5) 26e-3    4   1.0    0
 1916  1.000    1  358.0  2026.12.25   15,1,4  -22e-7 15,15,14  1.2e-3(g)   1,1,14  1.8e-4( 5) 26e-3    4   1.0    0
 1917  1.000    1  359.0  2026.12.26   15,1,4  -22e-7   14,2,4  .9994 (o)   1,1,14  1.8e-4( 5) 26e-3    4   1.0    0
 1918w 1.000    1  360.0  2026.12.27   14,2,5  -96e-5 15,15,14  1.2e-3(g)   1,1,14  1.8e-4( 5) 26e-3    4   1.0    0
 1919  1.000    1  361.0  2026.12.28   14,2,4  -56e-6 15,15,14  -12e-4(o)   1,1,14  1.8e-4( 5) 26e-3    4   1.0    0
 1920  1.000    1  362.0  2026.12.29   14,2,4  -30e-6   1,1,14  -12e-4(o)   1,1,14  1.8e-4( 5) 26e-3    4   1.0    0
1

                                     G E M   T I M E   S T E P   S U M M A R Y
                                               sanwei 30cm shale CO2
 ====================================================================================================================
     Time Step            Time                            Maximum Changes                       Mat  Cum    Solver
 ----------------- ----------------- ---------------------------------------------------------  Bal  time -----------
       Size Newton                        Pressure         Saturation         Composition       Err  step Iter/   Cum
 No.   days  cycls  Days     Date      Block     kpa     Block   Fraction   Block    Fraction    %   cuts  Cycl  Fail
 ----  ------ ---- ------ ---------- --------- ------ --------- --------- --------- ---------- ----- ---- ----- -----
 1921  1.000    1  363.0  2026.12.30   14,2,4  -22e-6   13,1,4  .9993 (o)   1,1,14  1.8e-4( 5) 26e-3    4   1.0    0
 1922  1.000    1  364.0  2026.12.31   13,1,5  -12e-4   2,1,15  .9997 (o)   1,1,14  -18e-5(14) 26e-3    4   1.0    0
 1923  1.000    1  365.0  2027.01.01 15,14,15  -13e-4 15,15,14  -12e-4(o)   1,1,14  1.8e-4( 5) 26e-3    4   1.0    0
 1924  1.000    1  366.0  2027.01.02   2,1,15  -72e-6 15,15,14  1.2e-3(g) 15,15,14  -18e-5(14) 26e-3    4   1.0    0
 1925  1.000    1  367.0  2027.01.03   15,3,4  -41e-6 15,15,14  -12e-4(o)   1,1,14  1.8e-4( 5) 26e-3    4   1.0    0
 1926  1.000    1  368.0  2027.01.04   15,3,4  -26e-6 15,15,14  -12e-4(o)   1,1,14  -18e-5(14) 26e-3    4   1.0    0
 1927  1.000    1  369.0  2027.01.05   15,3,4  -17e-6   1,1,14  1.2e-3(g)   1,1,14  -17e-5(14) 26e-3    4   1.0    0
 1928  1.000    1  370.0  2027.01.06   15,3,4  -11e-6   1,1,14  -12e-4(o)   1,1,14  -17e-5(14) 26e-3    4   1.0    0
 1929  1.000    1  371.0  2027.01.07   15,3,4  -74e-7   1,1,14  -12e-4(o)   1,1,14  1.7e-4( 5) 26e-3    4   1.0    0
 1930  1.000    1  372.0  2027.01.08   15,3,4  -49e-7   1,1,14  -12e-4(o)   1,1,14  -17e-5(14) 26e-3    4   1.0    0
 1931  1.000    1  373.0  2027.01.09   15,1,4  -35e-7 15,15,14  -12e-4(o)   1,1,14  -17e-5(14) 26e-3    4   1.0    0
 1932  1.000    1  374.0  2027.01.10   15,1,4  -29e-7 15,15,14  1.2e-3(g)   1,1,14  1.7e-4( 5) 26e-3    4   1.0    0
 1933  1.000    1  375.0  2027.01.11   15,1,4  -25e-7 15,15,14  -12e-4(o)   1,1,14  1.7e-4( 5) 26e-3    4   1.0    0
 1934  1.000    1  376.0  2027.01.12   15,1,4  -23e-7 15,15,14  .9996 (o)   1,1,14  1.7e-4( 5) 26e-3    4   1.0    0
 1935  1.000    1  377.0  2027.01.13   1,1,14  -28e-4  15,1,15  6.4e-4(g)   15,1,2  1.6e-4( 5) 26e-3    4   1.0    0
 1936  1.000    1  378.0  2027.01.14 15,15,14  -16e-5 15,15,15  -68e-5(o)   15,1,2  1.6e-4( 5) 26e-3    4   1.0    0
 1937  1.000    1  379.0  2027.01.15   1,1,14  -43e-6 15,15,15  -70e-5(o)   15,1,2  1.6e-4( 5) 26e-3    4   1.0    0
 1938  1.000    1  380.0  2027.01.16   1,1,14  -18e-6 15,15,15  -71e-5(o)   15,1,2  1.6e-4( 5) 26e-3    4   1.0    0
 1939  1.000    1  381.0  2027.01.17   1,1,14  -95e-7 15,15,15  7.2e-4(g)   15,1,2  1.5e-4( 5) 26e-3    4   1.0    0
 1940  1.000    1  382.0  2027.01.18   1,1,14  -52e-7 15,15,15  -72e-5(o)   15,1,2  1.5e-4( 5) 26e-3    4   1.0    0
1

                                     G E M   T I M E   S T E P   S U M M A R Y
                                               sanwei 30cm shale CO2
 ====================================================================================================================
     Time Step            Time                            Maximum Changes                       Mat  Cum    Solver
 ----------------- ----------------- ---------------------------------------------------------  Bal  time -----------
       Size Newton                        Pressure         Saturation         Composition       Err  step Iter/   Cum
 No.   days  cycls  Days     Date      Block     kpa     Block   Fraction   Block    Fraction    %   cuts  Cycl  Fail
 ----  ------ ---- ------ ---------- --------- ------ --------- --------- --------- ---------- ----- ---- ----- -----
 1941  1.000    1  383.0  2027.01.19   1,1,14  -29e-7 15,15,15  -72e-5(o)   15,1,2  1.5e-4( 5) 26e-3    4   1.0    0
 1942  1.000    1  384.0  2027.01.20   1,1,14  -17e-7 15,15,15  7.2e-4(g)   15,1,2  1.5e-4( 5) 26e-3    4   1.0    0
 1943  1.000    1  385.0  2027.01.21   15,1,4  -16e-7 15,15,15  -72e-5(o)   15,1,2  1.5e-4( 5) 26e-3    4   1.0    0
 1944  1.000    1  386.0  2027.01.22   15,1,4  -16e-7 15,15,15  7.2e-4(g)   15,1,2  1.5e-4( 5) 26e-3    4   1.0    0
 1945  1.000    1  387.0  2027.01.23   15,1,4  -16e-7 15,15,15  -73e-5(o)   15,1,2  1.5e-4( 5) 26e-3    4   1.0    0
 1946  1.000    1  388.0  2027.01.24   15,1,4  -16e-7 15,15,15  7.3e-4(g)   15,1,2  1.5e-4( 5) 26e-3    4   1.0    0
 1947  1.000    1  389.0  2027.01.25   15,1,4  -15e-7 15,15,15  -73e-5(o)   15,1,2  1.5e-4( 5) 26e-3    4   1.0    0
 1948w 1.000    1  390.0  2027.01.26   15,1,4  -15e-7 15,15,15  7.3e-4(g)   15,1,2  1.5e-4( 5) 26e-3    4   1.0    0
 1949  1.000    1  391.0  2027.01.27   15,1,4  -15e-7 15,15,15  -73e-5(o)   15,1,2  1.5e-4( 5) 26e-3    4   1.0    0
 1950  1.000    1  392.0  2027.01.28   15,1,4  -15e-7 15,15,15  7.3e-4(g)   15,1,2  1.5e-4( 5) 26e-3    4   1.0    0
 1951  1.000    1  393.0  2027.01.29   15,1,4  -14e-7 15,15,15  -73e-5(o)   15,1,2  1.5e-4( 5) 26e-3    4   1.0    0
 1952  1.000    1  394.0  2027.01.30   15,1,4  -14e-7 15,15,15  -73e-5(o)   15,1,2  1.5e-4( 5) 26e-3    4   1.0    0
 1953  1.000    1  395.0  2027.01.31   15,1,4  -14e-7 15,15,15  -73e-5(o)   15,1,2  1.4e-4( 5) 26e-3    4   1.0    0
 1954  1.000    1  396.0  2027.02.01   15,1,4  -14e-7   1,1,15  -73e-5(o)   15,1,2  1.4e-4( 5) 26e-3    4   1.0    0
 1955  1.000    1  397.0  2027.02.02   15,1,4  -13e-7   1,1,15  -73e-5(o)   15,1,2  1.4e-4( 5) 26e-3    4   1.0    0
 1956  1.000    1  398.0  2027.02.03   15,1,4  -13e-7   1,1,15  -73e-5(o)   15,1,2  1.4e-4( 5) 26e-3    4   1.0    0
 1957  1.000    1  399.0  2027.02.04   15,1,4  -13e-7   1,1,15  -73e-5(o)   15,1,2  1.4e-4( 5) 26e-3    4   1.0    0
 1958  1.000    1  400.0  2027.02.05   15,1,4  -13e-7   1,1,15  7.3e-4(g)   15,1,2  1.4e-4( 5) 26e-3    4   1.0    0
 1959  1.000    1  401.0  2027.02.06   15,1,4  -13e-7   1,1,15  -73e-5(o)   15,1,2  1.4e-4( 5) 26e-3    4   1.0    0
 1960  1.000    1  402.0  2027.02.07   15,1,4  -12e-7   1,1,15  -73e-5(o)   15,1,2  1.4e-4( 5) 26e-3    4   1.0    0
1

                                     G E M   T I M E   S T E P   S U M M A R Y
                                               sanwei 30cm shale CO2
 ====================================================================================================================
     Time Step            Time                            Maximum Changes                       Mat  Cum    Solver
 ----------------- ----------------- ---------------------------------------------------------  Bal  time -----------
       Size Newton                        Pressure         Saturation         Composition       Err  step Iter/   Cum
 No.   days  cycls  Days     Date      Block     kpa     Block   Fraction   Block    Fraction    %   cuts  Cycl  Fail
 ----  ------ ---- ------ ---------- --------- ------ --------- --------- --------- ---------- ----- ---- ----- -----
 1961  1.000    1  403.0  2027.02.08   15,1,4  -12e-7   1,1,15  7.3e-4(g)   15,1,2  1.4e-4( 5) 26e-3    4   1.0    0
 1962  1.000    1  404.0  2027.02.09   15,1,4  -12e-7   1,1,15  7.3e-4(g)   15,1,2  1.4e-4( 5) 26e-3    4   1.0    0
 1963  1.000    1  405.0  2027.02.10   15,1,4  -12e-7   1,1,15  -73e-5(o)   15,1,2  1.3e-4( 5) 26e-3    4   1.0    0
 1964  1.000    1  406.0  2027.02.11   15,1,4  -12e-7   1,1,15  -73e-5(o)   15,1,2  -13e-5(13) 26e-3    4   1.0    0
 1965  1.000    1  407.0  2027.02.12   15,1,3  -11e-7   1,1,15  7.3e-4(g)   15,1,2  -13e-5(13) 26e-3    4   1.0    0
 1966  1.000    1  408.0  2027.02.13   15,1,3  -11e-7   1,1,15  7.3e-4(g)   15,1,2  -13e-5(13) 26e-3    4   1.0    0
 1967  1.000    1  409.0  2027.02.14   15,1,3  -11e-7 15,15,15  7.3e-4(g)   15,1,2  -13e-5(13) 26e-3    4   1.0    0
 1968  1.000    1  410.0  2027.02.15   15,1,3  -11e-7   1,1,15  7.3e-4(g)   15,1,2  -13e-5(13) 26e-3    4   1.0    0
 1969  1.000    1  411.0  2027.02.16   15,1,3  -11e-7   1,1,15  7.3e-4(g)   15,1,2  -13e-5(13) 26e-3    4   1.0    0
 1970  1.000    1  412.0  2027.02.17   15,1,3  -11e-7   1,1,15  -73e-5(o)   15,1,2  -13e-5(13) 26e-3    4   1.0    0
 1971  1.000    1  413.0  2027.02.18   15,1,3  -11e-7 15,15,15  -73e-5(o)   15,1,2  -13e-5(13) 26e-3    4   1.0    0
 1972  1.000    1  414.0  2027.02.19   15,1,3  -11e-7   1,1,15  -73e-5(o)   15,1,2  -13e-5(13) 26e-3    4   1.0    0
 1973  1.000    1  415.0  2027.02.20   15,1,3  -11e-7   1,1,15  7.3e-4(g)   15,1,2  -12e-5(13) 26e-3    4   1.0    0
 1974  1.000    1  416.0  2027.02.21   15,1,3  -11e-7   1,1,15  -73e-5(o)   15,1,2  -12e-5(13) 26e-3    4   1.0    0
 1975  1.000    1  417.0  2027.02.22   15,1,3  -11e-7 15,15,15  -73e-5(o)   15,1,2  -12e-5(13) 26e-3    4   1.0    0
 1976  1.000    1  418.0  2027.02.23   15,1,3  -11e-7 15,15,15  7.3e-4(g)   15,1,2  -12e-5(13) 26e-3    4   1.0    0
 1977  1.000    1  419.0  2027.02.24   15,1,3  -10e-7   1,1,15  7.3e-4(g)   15,1,2  -12e-5(13) 26e-3    4   1.0    0
 1978w 1.000    1  420.0  2027.02.25   15,1,3  -10e-7   1,1,15  7.3e-4(g)   15,1,2  -12e-5(13) 26e-3    4   1.0    0
 1979  1.000    1  421.0  2027.02.26   15,1,3  -10e-7   1,1,15  -73e-5(o)   15,1,2  -12e-5(13) 26e-3    4   1.0    0
 1980  1.000    1  422.0  2027.02.27   15,1,3  -10e-7 15,15,15  -73e-5(o)   15,1,2  -12e-5(13) 26e-3    4   1.0    0
1

                                     G E M   T I M E   S T E P   S U M M A R Y
                                               sanwei 30cm shale CO2
 ====================================================================================================================
     Time Step            Time                            Maximum Changes                       Mat  Cum    Solver
 ----------------- ----------------- ---------------------------------------------------------  Bal  time -----------
       Size Newton                        Pressure         Saturation         Composition       Err  step Iter/   Cum
 No.   days  cycls  Days     Date      Block     kpa     Block   Fraction   Block    Fraction    %   cuts  Cycl  Fail
 ----  ------ ---- ------ ---------- --------- ------ --------- --------- --------- ---------- ----- ---- ----- -----
 1981  1.000    1  423.0  2027.02.28   15,1,3  -10e-7   1,1,15  -73e-5(o)   15,1,2  -11e-5(13) 26e-3    4   1.0    0
 1982  1.000    1  424.0  2027.03.01   15,1,3  -10e-7 15,15,15  7.3e-4(g)   15,1,2  -11e-5(13) 26e-3    4   1.0    0
 1983  1.000    1  425.0  2027.03.02   15,1,3  -10e-7   1,1,15  -73e-5(o)   15,1,2  -11e-5(13) 26e-3    4   1.0    0
 1984  1.000    1  426.0  2027.03.03   15,1,3  -10e-7   1,1,15  -73e-5(o)   15,1,2  -11e-5(13) 26e-3    4   1.0    0
 1985  1.000    1  427.0  2027.03.04   15,1,3  -10e-7 15,15,15  -73e-5(o)   15,1,2  -11e-5(13) 26e-3    4   1.0    0
 1986  1.000    1  428.0  2027.03.05   15,1,3  -10e-7 15,15,15  7.3e-4(g)   15,1,2  -11e-5(13) 26e-3    4   1.0    0
 1987  1.000    1  429.0  2027.03.06   15,1,3  -10e-7   1,1,15  7.3e-4(g)   15,1,2  -11e-5(13) 26e-3    4   1.0    0
 1988  1.000    1  430.0  2027.03.07   15,1,3  -10e-7   1,1,15  -73e-5(o)   15,1,2  -11e-5(13) 26e-3    4   1.0    0
 1989  1.000    1  431.0  2027.03.08   15,1,3  -99e-8 15,15,15  7.3e-4(g)   15,1,2  -11e-5(13) 26e-3    4   1.0    0
 1990  1.000    1  432.0  2027.03.09   15,1,3  -98e-8   1,1,15  7.3e-4(g)   15,1,2  -10e-5(13) 26e-3    4   1.0    0
 1991  1.000    1  433.0  2027.03.10   15,1,3  -98e-8 15,15,15  7.3e-4(g) 15,15,15  1.0e-4( 5) 26e-3    4   1.0    0
 1992  1.000    1  434.0  2027.03.11   15,1,3  -97e-8   1,1,15  7.3e-4(g) 15,15,15  1.0e-4( 5) 26e-3    4   1.0    0
 1993  1.000    1  435.0  2027.03.12   15,1,3  -96e-8 15,15,15  -73e-5(o)   15,1,1  1.0e-4( 5) 26e-3    4   1.0    0
 1994  1.000    1  436.0  2027.03.13   15,1,3  -95e-8   1,1,15  7.3e-4(g)   15,1,1  1.0e-4( 5) 26e-3    4   1.0    0
 1995  1.000    1  437.0  2027.03.14   15,1,3  -95e-8 15,15,15  -73e-5(o)   15,1,1  1.0e-4( 5) 26e-3    4   1.0    0
 1996  1.000    1  438.0  2027.03.15   15,1,3  -94e-8   1,1,15  -73e-5(o)   15,1,1  1.0e-4( 5) 26e-3    4   1.0    0
 1997  1.000    1  439.0  2027.03.16   15,1,3  -93e-8 15,15,15  7.3e-4(g)   15,1,1  1.0e-4( 5) 26e-3    4   1.0    0
 1998  1.000    1  440.0  2027.03.17   15,1,3  -92e-8   1,1,15  7.3e-4(g)   15,1,1  1.0e-4( 5) 26e-3    4   1.0    0
 1999  1.000    1  441.0  2027.03.18   15,1,3  -91e-8 15,15,15  7.3e-4(g)   15,1,1  1.0e-4( 5) 26e-3    4   1.0    0
 2000  1.000    1  442.0  2027.03.19   15,1,3  -91e-8   1,1,15  7.3e-4(g)   15,1,1  1.0e-4( 5) 26e-3    4   1.0    0
1

                                     G E M   T I M E   S T E P   S U M M A R Y
                                               sanwei 30cm shale CO2
 ====================================================================================================================
     Time Step            Time                            Maximum Changes                       Mat  Cum    Solver
 ----------------- ----------------- ---------------------------------------------------------  Bal  time -----------
       Size Newton                        Pressure         Saturation         Composition       Err  step Iter/   Cum
 No.   days  cycls  Days     Date      Block     kpa     Block   Fraction   Block    Fraction    %   cuts  Cycl  Fail
 ----  ------ ---- ------ ---------- --------- ------ --------- --------- --------- ---------- ----- ---- ----- -----
 2001  1.000    1  443.0  2027.03.20   15,1,3  -90e-8 15,15,15  -73e-5(o)   15,1,1  1.0e-4( 5) 26e-3    4   1.0    0
 2002  1.000    1  444.0  2027.03.21   15,1,3  -89e-8 15,15,15  -73e-5(o)   15,1,1  1.0e-4( 5) 26e-3    4   1.0    0
 2003  1.000    1  445.0  2027.03.22   15,1,3  -88e-8   1,1,15  7.3e-4(g)   15,1,1  1.0e-4( 5) 26e-3    4   1.0    0
 2004  1.000    1  446.0  2027.03.23   15,1,3  -87e-8 15,15,15  7.3e-4(g)   15,1,1  1.0e-4( 5) 26e-3    4   1.0    0
 2005  1.000    1  447.0  2027.03.24   15,1,3  -87e-8 15,15,15  7.3e-4(g)   15,1,1  1.0e-4( 5) 26e-3    4   1.0    0
 2006  1.000    1  448.0  2027.03.25   15,1,3  -86e-8   1,1,15  7.3e-4(g)   15,1,1  1.0e-4( 5) 26e-3    4   1.0    0
 2007  1.000    1  449.0  2027.03.26   15,1,3  -85e-8   1,1,15  .9994 (o)   15,1,1  1.0e-4( 5) 26e-3    4   1.0    0
 2008w 1.000    1  450.0  2027.03.27 15,15,15  -18e-4  15,1,15  6.4e-4(g)   15,1,1  1.0e-4( 5) 26e-3    4   1.0    0
 2009  1.000    1  451.0  2027.03.28   1,1,15  -66e-6  15,1,15  6.4e-4(g)   15,1,1  1.0e-4( 5) 26e-3    4   1.0    0
 2010  1.000    1  452.0  2027.03.29   1,1,15  -38e-6  15,1,15  -64e-5(o)   15,1,1  1.0e-4( 5) 26e-3    4   1.0    0
 2011  1.000    1  453.0  2027.03.30   1,1,15  -26e-6  15,1,15  -64e-5(o)   15,1,1  1.0e-4( 5) 26e-3    4   1.0    0
 2012  1.000    1  454.0  2027.03.31   1,1,15  -18e-6  15,1,15  6.4e-4(g)   15,1,1  1.0e-4( 5) 26e-3    4   1.0    0
 2013  1.000    1  455.0  2027.04.01   1,1,15  -13e-6  15,1,15  -64e-5(o)   15,1,1  1.0e-4( 5) 26e-3    4   1.0    0
 2014  1.000    1  456.0  2027.04.02   1,1,15  -90e-7  15,1,15  6.4e-4(g)   15,1,1  1.0e-4( 5) 26e-3    4   1.0    0
 2015  1.000    1  457.0  2027.04.03   1,1,15  -61e-7  15,1,15  -64e-5(o)   15,1,1  1.0e-4( 5) 26e-3    4   1.0    0
 2016  1.000    1  458.0  2027.04.04   1,1,15  -41e-7  15,1,15  -64e-5(o)   15,1,1  1.0e-4( 5) 26e-3    4   1.0    0
 2017  1.000    1  459.0  2027.04.05   1,1,15  -28e-7  15,1,15  6.4e-4(g)   15,1,1  1.0e-4( 5) 26e-3    4   1.0    0
 2018  1.000    1  460.0  2027.04.06   1,1,15  -19e-7  15,1,15  6.4e-4(g)   15,1,1  1.0e-4( 5) 26e-3    4   1.0    0
 2019  1.000    1  461.0  2027.04.07   1,1,15  -13e-7  15,1,15  -64e-5(o)   15,1,1  1.0e-4( 5) 26e-3    4   1.0    0
 2020  1.000    1  462.0  2027.04.08   1,1,15  -89e-8  15,1,15  6.4e-4(g)   15,1,1  1.0e-4( 5) 26e-3    4   1.0    0
1

                                     G E M   T I M E   S T E P   S U M M A R Y
                                               sanwei 30cm shale CO2
 ====================================================================================================================
     Time Step            Time                            Maximum Changes                       Mat  Cum    Solver
 ----------------- ----------------- ---------------------------------------------------------  Bal  time -----------
       Size Newton                        Pressure         Saturation         Composition       Err  step Iter/   Cum
 No.   days  cycls  Days     Date      Block     kpa     Block   Fraction   Block    Fraction    %   cuts  Cycl  Fail
 ----  ------ ---- ------ ---------- --------- ------ --------- --------- --------- ---------- ----- ---- ----- -----
 2021  1.000    1  463.0  2027.04.09   15,1,3  -73e-8  15,1,15  6.4e-4(g)   15,1,1  1.0e-4( 5) 26e-3    4   1.0    0
 2022  1.000    1  464.0  2027.04.10   15,1,3  -73e-8  15,1,15  -64e-5(o)   15,1,1  1.0e-4( 5) 26e-3    4   1.0    0
 2023  1.000    1  465.0  2027.04.11   15,1,3  -72e-8  15,1,15  -64e-5(o)   15,1,1  1.0e-4( 5) 26e-3    4   1.0    0
 2024  1.000    1  466.0  2027.04.12   15,1,3  -71e-8  15,1,15  6.4e-4(g)   15,1,1  1.0e-4( 5) 26e-3    4   1.0    0
 2025  1.000    1  467.0  2027.04.13   15,1,3  -70e-8  15,1,15  -64e-5(o)   15,1,1  1.0e-4( 5) 26e-3    4   1.0    0
 2026  1.000    1  468.0  2027.04.14   15,1,3  -70e-8  15,1,15  6.4e-4(g)   15,1,1  1.0e-4( 5) 26e-3    4   1.0    0
 2027  1.000    1  469.0  2027.04.15   15,1,3  -69e-8  15,1,15  6.4e-4(g)   15,1,1  1.0e-4( 5) 26e-3    4   1.0    0
 2028  1.000    1  470.0  2027.04.16   15,1,3  -68e-8  15,1,15  6.4e-4(g)   15,1,1  1.0e-4( 5) 26e-3    4   1.0    0
 2029  1.000    1  471.0  2027.04.17   15,1,3  -68e-8  15,1,15  -64e-5(o)   15,1,1  1.0e-4( 5) 26e-3    4   1.0    0
 2030  1.000    1  472.0  2027.04.18   15,1,3  -67e-8  15,1,15  -64e-5(o)   15,1,1  1.0e-4( 5) 26e-3    4   1.0    0
 2031  1.000    1  473.0  2027.04.19   15,1,3  -66e-8  15,1,15  6.4e-4(g)   15,1,1  1.0e-4( 5) 26e-3    4   1.0    0
 2032  1.000    1  474.0  2027.04.20   15,1,3  -66e-8  15,1,15  .9999 (o)   15,1,1  1.0e-4( 5) 26e-3    4   1.0    0
 2033  1.000    1  475.0  2027.04.21  15,1,15  -17e-4   15,1,1  3.7e-4(g)   15,1,1  1.0e-4( 5) 26e-3    4   1.0    0
 2034  1.000    1  476.0  2027.04.22  15,1,15  -12e-5   15,1,1  -37e-5(o)   15,1,1  1.0e-4( 5) 26e-3    4   1.0    0
 2035  1.000    1  477.0  2027.04.23  15,1,15  -26e-6   15,1,1  -37e-5(o)   15,1,1  1.0e-4( 5) 26e-3    4   1.0    0
 2036  1.000    1  478.0  2027.04.24  15,1,15  -17e-6   15,1,1  3.7e-4(g)   15,1,1  1.0e-4( 5) 26e-3    4   1.0    0
 2037  1.000    1  479.0  2027.04.25  15,1,15  -11e-6   15,1,1  3.7e-4(g)   15,1,1  1.0e-4( 5) 26e-3    4   1.0    0
 2038w 1.000    1  480.0  2027.04.26  15,1,15  -77e-7   15,1,1  -37e-5(o)   15,1,1  1.0e-4( 5) 26e-3    4   1.0    0
 2039  1.000    1  481.0  2027.04.27  15,1,15  -51e-7   15,1,1  3.7e-4(g)   15,1,1  1.0e-4( 5) 26e-3    4   1.0    0
 2040  1.000    1  482.0  2027.04.28  15,1,15  -34e-7   15,1,1  -37e-5(o)   15,1,1  1.0e-4( 5) 26e-3    4   1.0    0
1

                                     G E M   T I M E   S T E P   S U M M A R Y
                                               sanwei 30cm shale CO2
 ====================================================================================================================
     Time Step            Time                            Maximum Changes                       Mat  Cum    Solver
 ----------------- ----------------- ---------------------------------------------------------  Bal  time -----------
       Size Newton                        Pressure         Saturation         Composition       Err  step Iter/   Cum
 No.   days  cycls  Days     Date      Block     kpa     Block   Fraction   Block    Fraction    %   cuts  Cycl  Fail
 ----  ------ ---- ------ ---------- --------- ------ --------- --------- --------- ---------- ----- ---- ----- -----
 2041  1.000    1  483.0  2027.04.29  15,1,15  -23e-7   15,1,1  -37e-5(o)   15,1,1  1.0e-4( 5) 26e-3    4   1.0    0
 2042  1.000    1  484.0  2027.04.30  15,1,15  -15e-7   15,1,1  3.7e-4(g)   15,1,1  1.0e-4( 5) 26e-3    4   1.0    0
 2043  1.000    1  485.0  2027.05.01  15,1,15  -10e-7   15,1,1  3.7e-4(g)   15,1,1  1.0e-4( 5) 26e-3    4   1.0    0
 2044  1.000    1  486.0  2027.05.02  15,1,15  -72e-8   15,1,1  -37e-5(o)   15,1,1  1.0e-4( 5) 26e-3    4   1.0    0
 2045  1.000    1  487.0  2027.05.03   15,1,3  -56e-8   15,1,1  3.6e-4(g)   15,1,1  1.0e-4( 5) 26e-3    4   1.0    0
 2046  1.000    1  488.0  2027.05.04   15,1,3  -55e-8   15,1,1  -36e-5(o)   15,1,1  1.0e-4( 5) 26e-3    4   1.0    0
 2047  1.000    1  489.0  2027.05.05   15,1,3  -55e-8   15,1,1  3.6e-4(g)   15,1,1  1.0e-4( 5) 26e-3    4   1.0    0
 2048  1.000    1  490.0  2027.05.06   15,1,3  -54e-8   15,1,1  -36e-5(o)   15,1,1  1.0e-4( 5) 26e-3    4   1.0    0
 2049  1.000    1  491.0  2027.05.07   15,1,3  -53e-8   15,1,1  3.6e-4(g)   15,1,1  1.0e-4( 5) 26e-3    4   1.0    0
 2050  1.000    1  492.0  2027.05.08   15,1,3  -53e-8   15,1,1  -36e-5(o)   15,1,1  1.0e-4( 5) 26e-3    4   1.0    0
 2051  1.000    1  493.0  2027.05.09   15,1,2  -52e-8   15,2,6  -36e-5(o)   15,1,1  1.0e-4( 5) 26e-3    4   1.0    0
 2052  1.000    1  494.0  2027.05.10   15,1,2  -52e-8   15,2,6  3.6e-4(g)   15,1,1  1.0e-4( 5) 26e-3    4   1.0    0
 2053  1.000    1  495.0  2027.05.11   15,1,2  -52e-8   15,2,6  3.6e-4(g)   15,1,1  1.0e-4( 5) 26e-3    4   1.0    0
 2054  1.000    1  496.0  2027.05.12   15,1,2  -52e-8   14,1,6  .9998 (o)   15,1,1  1.0e-4( 5) 26e-3    4   1.0    0
 2055  1.000    1  497.0  2027.05.13   15,2,5  -15e-4   15,1,1  -35e-5(o)   15,1,1  1.0e-4( 5) 26e-3    4   2.0    0
 2056  1.000    1  498.0  2027.05.14   14,1,6  -79e-6   15,1,1  -35e-5(o)   15,1,1  1.0e-4( 5) 26e-3    4   1.0    0
 2057  1.000    1  499.0  2027.05.15   14,1,6  -23e-6   15,1,1  -35e-5(o)   15,1,1  1.0e-4( 5) 26e-3    4   1.0    0
 2058  1.000    1  500.0  2027.05.16   14,1,6  -18e-6   15,1,1  3.5e-4(g)   15,1,1  9.9e-5( 5) 26e-3    4   1.0    0
 2059  1.000    1  501.0  2027.05.17   14,1,6  -14e-6   15,1,1  -35e-5(o)   15,1,1  9.9e-5( 5) 26e-3    4   1.0    0
 2060  1.000    1  502.0  2027.05.18   14,1,6  -11e-6   15,1,1  -34e-5(o)   15,1,1  9.8e-5( 5) 26e-3    4   1.0    0
1

                                     G E M   T I M E   S T E P   S U M M A R Y
                                               sanwei 30cm shale CO2
 ====================================================================================================================
     Time Step            Time                            Maximum Changes                       Mat  Cum    Solver
 ----------------- ----------------- ---------------------------------------------------------  Bal  time -----------
       Size Newton                        Pressure         Saturation         Composition       Err  step Iter/   Cum
 No.   days  cycls  Days     Date      Block     kpa     Block   Fraction   Block    Fraction    %   cuts  Cycl  Fail
 ----  ------ ---- ------ ---------- --------- ------ --------- --------- --------- ---------- ----- ---- ----- -----
 2061  1.000    1  503.0  2027.05.19   14,1,6  -94e-7   15,1,1  -34e-5(o)   15,1,1  9.8e-5( 5) 26e-3    4   1.0    0
 2062  1.000    1  504.0  2027.05.20   14,1,6  -76e-7   15,1,1  -34e-5(o)   15,1,1  9.7e-5( 5) 26e-3    4   1.0    0
 2063  1.000    1  505.0  2027.05.21   14,1,6  -62e-7   15,1,1  3.4e-4(g)   15,1,1  9.7e-5( 5) 26e-3    4   1.0    0
 2064  1.000    1  506.0  2027.05.22   14,1,6  -50e-7   15,1,1  3.4e-4(g)   15,1,1  9.7e-5( 5) 26e-3    4   1.0    0
 2065  1.000    1  507.0  2027.05.23   14,1,6  -40e-7   15,1,1  3.4e-4(g)   15,1,1  9.6e-5( 5) 26e-3    4   1.0    0
 2066  1.000    1  508.0  2027.05.24   14,1,6  -33e-7   15,1,1  3.3e-4(g)   15,1,1  9.6e-5( 5) 26e-3    4   1.0    0
 2067  1.000    1  509.0  2027.05.25   14,1,6  -27e-7   15,1,1  -33e-5(o)   15,1,1  9.5e-5( 5) 26e-3    4   1.0    0
 2068w 1.000    1  510.0  2027.05.26   14,1,6  -21e-7   15,1,1  -33e-5(o)   15,1,1  9.5e-5( 5) 26e-3    4   1.0    0
 2069  1.000    1  511.0  2027.05.27   14,1,6  -17e-7   15,1,1  -33e-5(o)   15,1,1  9.4e-5( 5) 26e-3    4   1.0    0
 2070  1.000    1  512.0  2027.05.28   14,1,6  -14e-7   15,1,1  3.3e-4(g)   15,1,1  9.4e-5( 5) 26e-3    4   1.0    0
 2071  1.000    1  513.0  2027.05.29   14,1,6  -11e-7   15,1,1  3.3e-4(g)   15,1,1  9.3e-5( 5) 26e-3    4   1.0    0
 2072  1.000    1  514.0  2027.05.30   14,1,6  -98e-8   15,1,1  -32e-5(o)   15,1,1  9.3e-5( 5) 26e-3    4   1.0    0
 2073  1.000    1  515.0  2027.05.31   14,1,6  -80e-8   15,1,1  3.2e-4(g)   15,1,1  9.2e-5( 5) 26e-3    4   1.0    0
 2074  1.000    1  516.0  2027.06.01   15,1,2  -69e-8   15,1,1  -32e-5(o)   15,1,1  9.2e-5( 5) 26e-3    4   1.0    0
 2075  1.000    1  517.0  2027.06.02   15,1,2  -66e-8   15,1,1  3.2e-4(g)   15,1,1  9.1e-5( 5) 26e-3    4   1.0    0
 2076  1.000    1  518.0  2027.06.03   15,1,2  -64e-8   15,1,1  3.2e-4(g)   15,1,1  9.1e-5( 5) 26e-3    4   1.0    0
 2077  1.000    1  519.0  2027.06.04   15,1,2  -62e-8   15,1,1  -31e-5(o)   15,1,1  9.0e-5( 5) 26e-3    4   1.0    0
 2078  1.000    1  520.0  2027.06.05   15,1,2  -60e-8   15,1,1  3.1e-4(g)   15,1,1  9.0e-5( 5) 26e-3    4   1.0    0
 2079  1.000    1  521.0  2027.06.06   15,1,2  -59e-8   15,1,1  3.1e-4(g)   15,1,1  8.9e-5( 5) 26e-3    4   1.0    0
 2080  1.000    1  522.0  2027.06.07   15,1,2  -57e-8   15,1,1  -31e-5(o)   15,1,1  8.9e-5( 5) 26e-3    4   1.0    0
1

                                     G E M   T I M E   S T E P   S U M M A R Y
                                               sanwei 30cm shale CO2
 ====================================================================================================================
     Time Step            Time                            Maximum Changes                       Mat  Cum    Solver
 ----------------- ----------------- ---------------------------------------------------------  Bal  time -----------
       Size Newton                        Pressure         Saturation         Composition       Err  step Iter/   Cum
 No.   days  cycls  Days     Date      Block     kpa     Block   Fraction   Block    Fraction    %   cuts  Cycl  Fail
 ----  ------ ---- ------ ---------- --------- ------ --------- --------- --------- ---------- ----- ---- ----- -----
 2081  1.000    1  523.0  2027.06.08   15,1,2  -56e-8   15,1,1  3.1e-4(g)   15,1,1  8.8e-5( 5) 26e-3    4   1.0    0
 2082  1.000    1  524.0  2027.06.09   15,1,2  -55e-8   15,1,1  -30e-5(o)   15,1,1  8.7e-5( 5) 26e-3    4   1.0    0
 2083  1.000    1  525.0  2027.06.10   15,1,2  -54e-8   15,1,1  3.0e-4(g)   15,1,1  8.7e-5( 5) 26e-3    4   1.0    0
 2084  1.000    1  526.0  2027.06.11   15,1,2  -53e-8   15,1,1  -30e-5(o)   15,1,1  8.6e-5( 5) 26e-3    4   1.0    0
 2085  1.000    1  527.0  2027.06.12   15,1,2  -52e-8   15,1,1  -30e-5(o)   15,1,1  8.6e-5( 5) 26e-3    4   1.0    0
 2086  1.000    1  528.0  2027.06.13   15,1,2  -52e-8   15,1,1  3.0e-4(g)   15,1,1  8.5e-5( 5) 26e-3    4   1.0    0
 2087  1.000    1  529.0  2027.06.14   15,1,2  -51e-8   15,1,1  2.9e-4(g)   15,1,1  8.5e-5( 5) 26e-3    4   1.0    0
 2088  1.000    1  530.0  2027.06.15   15,1,2  -51e-8   15,1,1  2.9e-4(g)   15,1,1  8.4e-5( 5) 26e-3    4   1.0    0
 2089  1.000    1  531.0  2027.06.16   15,1,2  -50e-8   15,1,1  -29e-5(o)   15,1,1  8.3e-5( 5) 26e-3    4   1.0    0
 2090  1.000    1  532.0  2027.06.17   15,1,2  -49e-8   15,1,1  -29e-5(o)   15,1,1  8.3e-5( 5) 26e-3    4   1.0    0
 2091  1.000    1  533.0  2027.06.18   15,1,2  -49e-8   15,1,1  2.8e-4(g)   15,1,1  8.2e-5( 5) 26e-3    4   1.0    0
 2092  1.000    1  534.0  2027.06.19   15,1,2  -49e-8   15,1,1  -28e-5(o)   15,1,1  8.2e-5( 5) 26e-3    4   1.0    0
 2093  1.000    1  535.0  2027.06.20   15,1,2  -48e-8   15,1,1  2.8e-4(g)   15,1,1  -81e-6(13) 26e-3    4   1.0    0
 2094  1.000    1  536.0  2027.06.21   15,1,2  -48e-8   15,1,1  -28e-5(o)   15,1,1  -81e-6(13) 26e-3    4   1.0    0
 2095  1.000    1  537.0  2027.06.22   15,1,2  -47e-8   15,1,1  2.8e-4(g)   15,1,1  -80e-6(13) 26e-3    4   1.0    0
 2096  1.000    1  538.0  2027.06.23   15,1,2  -47e-8   15,1,1  -27e-5(o)   15,1,1  -80e-6(13) 26e-3    4   1.0    0
 2097  1.000    1  539.0  2027.06.24   15,1,2  -47e-8   15,1,1  2.7e-4(g)   15,1,1  -79e-6(13) 26e-3    4   1.0    0
 2098w 1.000    1  540.0  2027.06.25   15,1,2  -46e-8   15,2,5  -27e-5(o)   15,1,1  -78e-6(13) 26e-3    4   1.0    0
 2099  1.000    1  541.0  2027.06.26   15,1,2  -46e-8   15,2,5  2.7e-4(g)   15,1,1  -78e-6(13) 26e-3    4   1.0    0
 2100  1.000    1  542.0  2027.06.27   15,1,2  -46e-8   15,2,5  -27e-5(o)   15,1,1  -77e-6(13) 26e-3    4   1.0    0
1

                                     G E M   T I M E   S T E P   S U M M A R Y
                                               sanwei 30cm shale CO2
 ====================================================================================================================
     Time Step            Time                            Maximum Changes                       Mat  Cum    Solver
 ----------------- ----------------- ---------------------------------------------------------  Bal  time -----------
       Size Newton                        Pressure         Saturation         Composition       Err  step Iter/   Cum
 No.   days  cycls  Days     Date      Block     kpa     Block   Fraction   Block    Fraction    %   cuts  Cycl  Fail
 ----  ------ ---- ------ ---------- --------- ------ --------- --------- --------- ---------- ----- ---- ----- -----
 2101  1.000    1  543.0  2027.06.28   15,1,2  -45e-8   15,2,5  2.7e-4(g)   15,1,1  -77e-6(13) 26e-3    4   1.0    0
 2102  1.000    1  544.0  2027.06.29   15,1,2  -45e-8   15,2,5  -27e-5(o)   15,1,1  -76e-6(13) 26e-3    4   1.0    0
 2103  1.000    1  545.0  2027.06.30   15,1,2  -45e-8   15,2,5  2.7e-4(g)   15,1,1  -76e-6(13) 26e-3    4   1.0    0
 2104  1.000    1  546.0  2027.07.01   15,1,2  -44e-8   15,2,5  -27e-5(o)   15,1,1  -75e-6(13) 26e-3    4   1.0    0
 2105  1.000    1  547.0  2027.07.02   15,1,2  -44e-8   15,2,5  -27e-5(o)   15,1,1  -74e-6(13) 26e-3    4   1.0    0
 2106  1.000    1  548.0  2027.07.03   15,1,2  -44e-8   15,2,5  2.7e-4(g)   15,1,1  -74e-6(13) 26e-3    4   1.0    0
 2107  1.000    1  549.0  2027.07.04   15,1,2  -44e-8   15,2,5  -27e-5(o)   15,1,1  -73e-6(13) 26e-3    4   1.0    0
 2108  1.000    1  550.0  2027.07.05   15,1,2  -43e-8   15,2,5  2.7e-4(g)   15,1,1  -73e-6(13) 26e-3    4   1.0    0
 2109  1.000    1  551.0  2027.07.06   15,1,2  -43e-8   15,2,5  2.7e-4(g)   15,1,1  -72e-6(13) 26e-3    4   1.0    0
 2110  1.000    1  552.0  2027.07.07   15,1,2  -43e-8   15,2,5  -27e-5(o)   15,1,1  -71e-6(13) 26e-3    4   1.0    0
 2111  1.000    1  553.0  2027.07.08   15,1,2  -43e-8   15,2,5  -27e-5(o)   15,1,1  -71e-6(13) 26e-3    4   1.0    0
 2112  1.000    1  554.0  2027.07.09   15,1,2  -42e-8   15,2,5  2.7e-4(g)   15,1,1  -70e-6(13) 26e-3    4   1.0    0
 2113  1.000    1  555.0  2027.07.10   15,1,2  -42e-8   15,2,5  -27e-5(o)   15,1,1  -70e-6(13) 26e-3    4   1.0    0
 2114  1.000    1  556.0  2027.07.11   15,1,2  -42e-8   15,2,5  -27e-5(o)   15,1,1  -69e-6(13) 26e-3    4   1.0    0
 2115  1.000    1  557.0  2027.07.12   15,1,2  -42e-8   15,2,5  2.7e-4(g)   15,1,1  -68e-6(13) 26e-3    4   1.0    0
 2116  1.000    1  558.0  2027.07.13   15,1,2  -41e-8   15,2,5  -27e-5(o)   15,1,1  -68e-6(13) 26e-3    4   1.0    0
 2117  1.000    1  559.0  2027.07.14   15,1,2  -41e-8   15,2,5  -27e-5(o)   15,1,1  -67e-6(13) 26e-3    4   1.0    0
 2118  1.000    1  560.0  2027.07.15   15,1,2  -41e-8   15,2,5  2.7e-4(g)   15,1,1  -67e-6(13) 26e-3    4   1.0    0
 2119  1.000    1  561.0  2027.07.16   15,1,2  -40e-8   15,2,5  -27e-5(o)   15,1,1  -66e-6(13) 26e-3    4   1.0    0
 2120  1.000    1  562.0  2027.07.17   15,1,2  -40e-8   15,2,5  -27e-5(o)   15,1,1  -65e-6(13) 26e-3    4   1.0    0
1

                                     G E M   T I M E   S T E P   S U M M A R Y
                                               sanwei 30cm shale CO2
 ====================================================================================================================
     Time Step            Time                            Maximum Changes                       Mat  Cum    Solver
 ----------------- ----------------- ---------------------------------------------------------  Bal  time -----------
       Size Newton                        Pressure         Saturation         Composition       Err  step Iter/   Cum
 No.   days  cycls  Days     Date      Block     kpa     Block   Fraction   Block    Fraction    %   cuts  Cycl  Fail
 ----  ------ ---- ------ ---------- --------- ------ --------- --------- --------- ---------- ----- ---- ----- -----
 2121  1.000    1  563.0  2027.07.18   15,1,2  -40e-8   15,2,5  2.7e-4(g)   15,1,1  -65e-6(13) 26e-3    4   1.0    0
 2122  1.000    1  564.0  2027.07.19   15,1,2  -40e-8   15,2,5  2.7e-4(g)   15,1,1  -64e-6(13) 26e-3    4   1.0    0
 2123  1.000    1  565.0  2027.07.20   15,1,2  -39e-8   15,2,5  -27e-5(o)   15,1,1  -64e-6(13) 26e-3    4   1.0    0
 2124  1.000    1  566.0  2027.07.21   15,1,2  -39e-8   15,2,5  2.7e-4(g)   15,1,1  -63e-6(13) 26e-3    4   1.0    0
 2125  1.000    1  567.0  2027.07.22   15,1,2  -39e-8   15,2,5  -27e-5(o)   15,1,1  -62e-6(13) 26e-3    4   1.0    0
 2126  1.000    1  568.0  2027.07.23   15,1,2  -39e-8   15,2,5  -27e-5(o)   15,1,1  -62e-6(13) 26e-3    4   1.0    0
 2127  1.000    1  569.0  2027.07.24   15,1,2  -38e-8   15,2,5  2.7e-4(g)   15,1,1  -61e-6(13) 26e-3    4   1.0    0
 2128w 1.000    1  570.0  2027.07.25   15,1,2  -38e-8   15,2,5  2.7e-4(g)   15,1,1  -61e-6(13) 26e-3    4   1.0    0
 2129  1.000    1  571.0  2027.07.26   15,1,2  -38e-8   15,2,5  -27e-5(o)   15,1,1  -60e-6(13) 26e-3    4   1.0    0
 2130  1.000    1  572.0  2027.07.27   15,1,2  -38e-8   15,2,5  2.7e-4(g)   15,1,1  -60e-6(13) 26e-3    4   1.0    0
 2131  1.000    1  573.0  2027.07.28   15,1,2  -37e-8   15,2,5  2.7e-4(g)   15,1,1  -59e-6(13) 26e-3    4   1.0    0
 2132  1.000    1  574.0  2027.07.29   15,1,2  -37e-8   15,2,5  -27e-5(o)   15,1,1  -58e-6(13) 26e-3    4   1.0    0
 2133  1.000    1  575.0  2027.07.30   15,1,2  -37e-8   15,2,5  -27e-5(o)   15,1,1  -58e-6(13) 26e-3    4   1.0    0
 2134  1.000    1  576.0  2027.07.31   15,1,2  -37e-8   15,2,5  2.7e-4(g)   15,1,1  -57e-6(13) 26e-3    4   1.0    0
 2135  1.000    1  577.0  2027.08.01   15,1,2  -36e-8   15,2,5  2.7e-4(g)   15,1,1  -57e-6(13) 26e-3    4   1.0    0
 2136  1.000    1  578.0  2027.08.02   15,1,2  -36e-8   15,2,5  -27e-5(o)   15,1,1  -56e-6(13) 26e-3    4   1.0    0
 2137  1.000    1  579.0  2027.08.03   15,1,2  -36e-8   15,2,5  -27e-5(o)   15,1,1  -55e-6(13) 26e-3    4   1.0    0
 2138  1.000    1  580.0  2027.08.04   15,1,2  -36e-8   15,2,5  -27e-5(o)   15,1,1  -55e-6(13) 26e-3    4   1.0    0
 2139  1.000    1  581.0  2027.08.05   15,1,2  -35e-8   15,2,5  -27e-5(o)   15,1,1  -54e-6(13) 26e-3    4   1.0    0
 2140  1.000    1  582.0  2027.08.06   15,1,2  -35e-8   15,2,5  2.7e-4(g)   15,1,1  -54e-6(13) 26e-3    4   1.0    0
1

                                     G E M   T I M E   S T E P   S U M M A R Y
                                               sanwei 30cm shale CO2
 ====================================================================================================================
     Time Step            Time                            Maximum Changes                       Mat  Cum    Solver
 ----------------- ----------------- ---------------------------------------------------------  Bal  time -----------
       Size Newton                        Pressure         Saturation         Composition       Err  step Iter/   Cum
 No.   days  cycls  Days     Date      Block     kpa     Block   Fraction   Block    Fraction    %   cuts  Cycl  Fail
 ----  ------ ---- ------ ---------- --------- ------ --------- --------- --------- ---------- ----- ---- ----- -----
 2141  1.000    1  583.0  2027.08.07   15,1,2  -35e-8   15,2,5  -27e-5(o)   15,1,1  -53e-6(13) 26e-3    4   1.0    0
 2142  1.000    1  584.0  2027.08.08   15,1,2  -34e-8   15,2,5  2.7e-4(g)   15,1,1  -53e-6(13) 26e-3    4   1.0    0
 2143  1.000    1  585.0  2027.08.09   15,1,2  -34e-8   15,2,5  -27e-5(o)   15,1,1  -52e-6(13) 26e-3    4   1.0    0
 2144  1.000    1  586.0  2027.08.10   15,1,2  -34e-8   15,2,5  2.7e-4(g)   15,1,1  -51e-6(13) 26e-3    4   1.0    0
 2145  1.000    1  587.0  2027.08.11   15,1,2  -34e-8   15,2,5  -27e-5(o)   15,1,1  -51e-6(13) 26e-3    4   1.0    0
 2146  1.000    1  588.0  2027.08.12   15,1,2  -33e-8   15,2,5  -27e-5(o)   15,1,1  -50e-6(13) 26e-3    4   1.0    0
 2147  1.000    1  589.0  2027.08.13   15,1,2  -33e-8   15,2,5  2.7e-4(g)   15,1,1  -50e-6(13) 26e-3    4   1.0    0
 2148  1.000    1  590.0  2027.08.14   15,1,2  -33e-8   15,2,5  -27e-5(o)   15,1,1  -49e-6(13) 26e-3    4   1.0    0
 2149  1.000    1  591.0  2027.08.15   15,1,2  -33e-8   15,2,5  2.7e-4(g)   15,1,1  -49e-6(13) 26e-3    4   1.0    0
 2150  1.000    1  592.0  2027.08.16   15,1,2  -32e-8   15,2,5  2.7e-4(g)   15,1,1  -48e-6(13) 26e-3    4   1.0    0
 2151  1.000    1  593.0  2027.08.17   15,1,2  -32e-8   15,2,5  -27e-5(o)   15,1,1  -47e-6(13) 26e-3    4   1.0    0
 2152  1.000    1  594.0  2027.08.18   15,1,2  -32e-8   15,2,5  -27e-5(o)   15,1,1  -47e-6(13) 26e-3    4   1.0    0
 2153  1.000    1  595.0  2027.08.19   15,1,2  -31e-8   15,2,5  2.7e-4(g)   15,1,1  -46e-6(13) 26e-3    4   1.0    0
 2154  1.000    1  596.0  2027.08.20   15,1,2  -31e-8   15,2,5  -27e-5(o)   15,1,1  -46e-6(13) 26e-3    4   1.0    0
 2155  1.000    1  597.0  2027.08.21   15,1,2  -31e-8   15,2,5  -27e-5(o)   15,1,1  -45e-6(13) 26e-3    4   1.0    0
 2156  1.000    1  598.0  2027.08.22   15,1,2  -31e-8   15,2,5  2.7e-4(g)   15,1,1  -45e-6(13) 26e-3    4   1.0    0
 2157  1.000    1  599.0  2027.08.23   15,1,2  -30e-8   15,2,5  -27e-5(o)   15,1,1  -44e-6(13) 26e-3    4   1.0    0
 2158w 1.000    1  600.0  2027.08.24   15,1,2  -30e-8   15,2,5  2.7e-4(g)   15,1,1  -44e-6(13) 26e-3    4   1.0    0
 2159  1.000    1  601.0  2027.08.25   15,1,2  -30e-8   15,2,5  -27e-5(o)   15,1,1  -43e-6(13) 26e-3    4   1.0    0
 2160  1.000    1  602.0  2027.08.26   15,1,2  -30e-8   15,2,5  2.7e-4(g)   15,1,1  -43e-6(13) 26e-3    4   1.0    0
1

                                     G E M   T I M E   S T E P   S U M M A R Y
                                               sanwei 30cm shale CO2
 ====================================================================================================================
     Time Step            Time                            Maximum Changes                       Mat  Cum    Solver
 ----------------- ----------------- ---------------------------------------------------------  Bal  time -----------
       Size Newton                        Pressure         Saturation         Composition       Err  step Iter/   Cum
 No.   days  cycls  Days     Date      Block     kpa     Block   Fraction   Block    Fraction    %   cuts  Cycl  Fail
 ----  ------ ---- ------ ---------- --------- ------ --------- --------- --------- ---------- ----- ---- ----- -----
 2161  1.000    1  603.0  2027.08.27   15,1,2  -29e-8   15,2,5  2.7e-4(g)   15,1,1  -42e-6(13) 26e-3    4   1.0    0
 2162  1.000    1  604.0  2027.08.28   15,1,2  -29e-8   15,2,5  2.7e-4(g)   15,1,1  -42e-6(13) 26e-3    4   1.0    0
 2163  1.000    1  605.0  2027.08.29   15,1,2  -29e-8   15,2,5  -27e-5(o)   15,1,1  -41e-6(13) 26e-3    4   1.0    0
 2164  1.000    1  606.0  2027.08.30   15,1,2  -28e-8   15,2,5  -27e-5(o)   15,1,1  -41e-6(13) 26e-3    4   1.0    0
 2165  1.000    1  607.0  2027.08.31   15,1,2  -28e-8   15,2,5  -27e-5(o)   15,1,1  -40e-6(13) 26e-3    4   1.0    0
 2166  1.000    1  608.0  2027.09.01   15,1,2  -28e-8   15,2,5  2.7e-4(g)   15,2,5  4.0e-5( 5) 26e-3    4   1.0    0
 2167  1.000    1  609.0  2027.09.02   15,1,2  -28e-8   15,2,5  2.7e-4(g)   15,2,5  -40e-6(14) 26e-3    4   1.0    0
 2168  1.000    1  610.0  2027.09.03   15,1,2  -27e-8   15,2,5  -27e-5(o)   15,2,5  4.0e-5( 5) 26e-3    4   1.0    0
 2169  1.000    1  611.0  2027.09.04   15,1,2  -27e-8   15,2,5  -27e-5(o)   15,2,5  4.0e-5( 5) 26e-3    4   1.0    0
 2170  1.000    1  612.0  2027.09.05   15,1,2  -27e-8   15,2,5  2.7e-4(g)   15,2,5  4.0e-5( 5) 26e-3    4   1.0    0
 2171  1.000    1  613.0  2027.09.06   15,1,2  -27e-8   14,1,5  2.7e-4(g)   15,2,5  4.0e-5( 5) 26e-3    4   1.0    0
 2172  1.000    1  614.0  2027.09.07   15,1,2  -26e-8   15,2,5  2.7e-4(g)   15,2,5  4.0e-5( 5) 26e-3    4   1.0    0
 2173  1.000    1  615.0  2027.09.08   15,1,2  -26e-8   15,2,5  -27e-5(o)   15,2,5  4.0e-5( 5) 26e-3    4   1.0    0
 2174  1.000    1  616.0  2027.09.09   15,1,2  -26e-8   15,2,5  2.7e-4(g)   15,2,5  -40e-6(14) 26e-3    4   1.0    0
 2175  1.000    1  617.0  2027.09.10   15,1,2  -25e-8   15,2,5  2.7e-4(g)   15,2,5  -40e-6(14) 26e-3    4   1.0    0
 2176  1.000    1  618.0  2027.09.11   15,1,2  -25e-8   15,2,5  2.7e-4(g)   15,2,5  4.0e-5( 5) 26e-3    4   1.0    0
 2177  1.000    1  619.0  2027.09.12   15,1,2  -25e-8   15,2,5  -27e-5(o)   15,2,5  4.0e-5( 5) 26e-3    4   1.0    0
 2178  1.000    1  620.0  2027.09.13   15,1,2  -25e-8   15,2,5  2.7e-4(g)   15,2,5  -40e-6(14) 26e-3    4   1.0    0
 2179  1.000    1  621.0  2027.09.14   15,1,2  -24e-8   15,2,5  -27e-5(o)   15,2,5  4.0e-5( 5) 26e-3    4   1.0    0
 2180  1.000    1  622.0  2027.09.15   15,1,2  -24e-8   14,1,5  2.7e-4(g)   15,2,5  4.0e-5( 5) 26e-3    4   1.0    0
1

                                     G E M   T I M E   S T E P   S U M M A R Y
                                               sanwei 30cm shale CO2
 ====================================================================================================================
     Time Step            Time                            Maximum Changes                       Mat  Cum    Solver
 ----------------- ----------------- ---------------------------------------------------------  Bal  time -----------
       Size Newton                        Pressure         Saturation         Composition       Err  step Iter/   Cum
 No.   days  cycls  Days     Date      Block     kpa     Block   Fraction   Block    Fraction    %   cuts  Cycl  Fail
 ----  ------ ---- ------ ---------- --------- ------ --------- --------- --------- ---------- ----- ---- ----- -----
 2181  1.000    1  623.0  2027.09.16   15,1,2  -24e-8   15,2,5  -27e-5(o)   15,2,5  -40e-6(14) 26e-3    4   1.0    0
 2182  1.000    1  624.0  2027.09.17   15,1,2  -24e-8   14,1,5  2.7e-4(g)   15,2,5  -40e-6(14) 26e-3    4   1.0    0
 2183  1.000    1  625.0  2027.09.18   15,1,2  -23e-8   15,2,5  -27e-5(o)   15,2,5  -40e-6(14) 26e-3    4   1.0    0
 2184  1.000    1  626.0  2027.09.19   15,1,2  -23e-8   15,2,5  2.7e-4(g)   15,2,5  -40e-6(14) 26e-3    4   1.0    0
 2185  1.000    1  627.0  2027.09.20   15,1,2  -23e-8   15,2,5  2.7e-4(g)   15,2,5  -40e-6(14) 26e-3    4   1.0    0
 2186  1.000    1  628.0  2027.09.21   15,1,2  -23e-8   14,1,5  2.7e-4(g)   15,2,5  -40e-6(14) 26e-3    4   1.0    0
 2187  1.000    1  629.0  2027.09.22   15,1,2  -22e-8   15,2,5  2.7e-4(g)   15,2,5  4.0e-5( 5) 26e-3    4   1.0    0
 2188w 1.000    1  630.0  2027.09.23   15,1,2  -22e-8   15,2,5  -27e-5(o)   15,2,5  -40e-6(14) 26e-3    4   1.0    0
 2189  1.000    1  631.0  2027.09.24   15,1,2  -22e-8   14,1,5  -27e-5(o)   15,2,5  4.0e-5( 5) 26e-3    4   1.0    0
 2190  1.000    1  632.0  2027.09.25   15,1,2  -22e-8   15,2,5  2.7e-4(g)   15,2,5  -40e-6(14) 26e-3    4   1.0    0
 2191  1.000    1  633.0  2027.09.26   15,1,2  -21e-8   15,2,5  -27e-5(o)   15,2,5  -40e-6(14) 26e-3    4   1.0    0
 2192  1.000    1  634.0  2027.09.27   15,1,2  -21e-8   15,2,5  2.7e-4(g)   15,2,5  4.0e-5( 5) 26e-3    4   1.0    0
 2193  1.000    1  635.0  2027.09.28   15,1,2  -21e-8   15,2,5  -27e-5(o)   15,2,5  4.0e-5( 5) 26e-3    4   1.0    0
 2194  1.000    1  636.0  2027.09.29   15,1,2  -21e-8   15,2,5  2.7e-4(g)   15,2,5  -40e-6(14) 26e-3    4   1.0    0
 2195  1.000    1  637.0  2027.09.30   15,1,2  -20e-8   14,1,5  .9997 (o)   15,2,5  4.0e-5( 5) 26e-3    4   1.0    0
 2196  1.000    1  638.0  2027.10.01   14,1,5  3.3e-3   15,1,6  -24e-5(o)   15,1,6  3.7e-5( 5) 26e-3    4   2.0    0
 2197  1.000    1  639.0  2027.10.02   14,3,5  2.8e-5   14,1,4  2.5e-4(g)   14,1,4  3.8e-5( 5) 26e-3    4   1.0    0
 2198  1.000    1  640.0  2027.10.03   14,1,5  -12e-6   14,1,4  -27e-5(o)   14,1,4  4.1e-5( 5) 26e-3    4   1.0    0
 2199  1.000    1  641.0  2027.10.04   14,1,5  -15e-6   14,1,4  -28e-5(o)   14,1,4  -43e-6(14) 26e-3    4   1.0    0
 2200  1.000    1  642.0  2027.10.05   15,2,5  -14e-6   14,1,4  3.0e-4(g)   14,1,4  4.5e-5( 5) 26e-3    4   1.0    0
1

                                     G E M   T I M E   S T E P   S U M M A R Y
                                               sanwei 30cm shale CO2
 ====================================================================================================================
     Time Step            Time                            Maximum Changes                       Mat  Cum    Solver
 ----------------- ----------------- ---------------------------------------------------------  Bal  time -----------
       Size Newton                        Pressure         Saturation         Composition       Err  step Iter/   Cum
 No.   days  cycls  Days     Date      Block     kpa     Block   Fraction   Block    Fraction    %   cuts  Cycl  Fail
 ----  ------ ---- ------ ---------- --------- ------ --------- --------- --------- ---------- ----- ---- ----- -----
 2201  1.000    1  643.0  2027.10.06   15,2,5  -13e-6   14,1,4  -31e-5(o)   14,1,4  4.6e-5( 5) 26e-3    4   1.0    0
 2202  1.000    1  644.0  2027.10.07   15,2,5  -11e-6   14,1,4  3.1e-4(g)   14,1,4  4.8e-5( 5) 26e-3    4   1.0    0
 2203  1.000    1  645.0  2027.10.08   15,2,5  -99e-7   14,1,4  -32e-5(o)   14,1,4  -49e-6(14) 26e-3    4   1.0    0
 2204  1.000    1  646.0  2027.10.09   15,2,5  -84e-7   14,1,4  -33e-5(o)   14,1,4  -50e-6(14) 26e-3    4   1.0    0
 2205  1.000    1  647.0  2027.10.10   15,2,5  -71e-7   14,1,4  3.3e-4(g)   14,1,4  -50e-6(14) 26e-3    4   1.0    0
 2206  1.000    1  648.0  2027.10.11   15,2,5  -60e-7   14,1,4  3.4e-4(g)   14,1,4  -51e-6(14) 26e-3    4   1.0    0
 2207  1.000    1  649.0  2027.10.12   15,2,5  -51e-7   14,1,4  -34e-5(o)   14,1,4  -51e-6(14) 26e-3    4   1.0    0
 2208  1.000    1  650.0  2027.10.13   15,2,5  -43e-7   14,1,4  -34e-5(o)   14,1,4  -52e-6(14) 26e-3    4   1.0    0
 2209  1.000    1  651.0  2027.10.14   15,2,5  -36e-7   14,1,4  3.4e-4(g)   14,1,4  -52e-6(14) 26e-3    4   1.0    0
 2210  1.000    1  652.0  2027.10.15   15,2,5  -30e-7   14,1,4  3.5e-4(g)   14,1,4  5.2e-5( 5) 26e-3    4   1.0    0
 2211  1.000    1  653.0  2027.10.16   15,2,5  -25e-7   14,1,4  3.5e-4(g)   14,1,4  -53e-6(14) 26e-3    4   1.0    0
 2212  1.000    1  654.0  2027.10.17   15,2,5  -21e-7   14,1,4  -35e-5(o)   14,1,4  -53e-6(14) 26e-3    4   1.0    0
 2213  1.000    1  655.0  2027.10.18   15,2,5  -18e-7   14,1,4  -35e-5(o)   14,1,4  5.3e-5( 5) 26e-3    4   1.0    0
 2214  1.000    1  656.0  2027.10.19   15,2,5  -15e-7   14,1,4  -35e-5(o)   14,1,4  -53e-6(14) 26e-3    4   1.0    0
 2215  1.000    1  657.0  2027.10.20   15,2,5  -12e-7   14,1,4  3.5e-4(g)   14,1,4  5.3e-5( 5) 26e-3    4   1.0    0
 2216  1.000    1  658.0  2027.10.21   15,2,5  -10e-7   14,1,4  3.5e-4(g)   14,1,4  -53e-6(14) 26e-3    4   1.0    0
 2217  1.000    1  659.0  2027.10.22   15,2,5  -91e-8   14,1,4  -35e-5(o)   14,1,4  5.3e-5( 5) 26e-3    4   1.0    0
 2218w 1.000    1  660.0  2027.10.23   15,2,5  -77e-8   14,1,4  -35e-5(o)   14,1,4  5.3e-5( 5) 26e-3    4   1.0    0
 2219  1.000    1  661.0  2027.10.24   15,2,5  -65e-8   14,1,4  3.5e-4(g)   14,1,4  5.3e-5( 5) 26e-3    4   1.0    0
 2220  1.000    1  662.0  2027.10.25   15,2,5  -55e-8   14,1,4  3.6e-4(g)   14,1,4  5.3e-5( 5) 26e-3    4   1.0    0
1

                                     G E M   T I M E   S T E P   S U M M A R Y
                                               sanwei 30cm shale CO2
 ====================================================================================================================
     Time Step            Time                            Maximum Changes                       Mat  Cum    Solver
 ----------------- ----------------- ---------------------------------------------------------  Bal  time -----------
       Size Newton                        Pressure         Saturation         Composition       Err  step Iter/   Cum
 No.   days  cycls  Days     Date      Block     kpa     Block   Fraction   Block    Fraction    %   cuts  Cycl  Fail
 ----  ------ ---- ------ ---------- --------- ------ --------- --------- --------- ---------- ----- ---- ----- -----
 2221  1.000    1  663.0  2027.10.26   15,2,5  -46e-8   14,1,4  -36e-5(o)   14,1,4  -53e-6(14) 26e-3    4   1.0    0
 2222  1.000    1  664.0  2027.10.27   15,2,5  -39e-8   14,1,4  -36e-5(o)   15,2,4  5.3e-5( 5) 26e-3    4   1.0    0
 2223  1.000    1  665.0  2027.10.28   15,2,5  -33e-8   14,1,4  -36e-5(o)   15,2,4  -53e-6(14) 26e-3    4   1.0    0
 2224  1.000    1  666.0  2027.10.29   15,2,5  -28e-8   14,1,4  3.6e-4(g)   15,2,4  -53e-6(14) 26e-3    4   1.0    0
 2225  1.000    1  667.0  2027.10.30   15,2,5  -24e-8   14,1,4  3.6e-4(g)   15,2,4  -53e-6(14) 26e-3    4   1.0    0
 2226  1.000    1  668.0  2027.10.31   15,2,5  -21e-8   14,1,4  3.6e-4(g)   15,2,4  -53e-6(14) 26e-3    4   1.0    0
 2227  1.000    1  669.0  2027.11.01   15,2,5  -18e-8   14,1,4  3.6e-4(g)   15,2,4  -53e-6(14) 26e-3    4   1.0    0
 2228  1.000    1  670.0  2027.11.02   15,1,2  -16e-8   14,1,4  -36e-5(o)   15,2,4  -53e-6(14) 26e-3    4   1.0    0
 2229  1.000    1  671.0  2027.11.03   15,1,2  -15e-8   14,1,4  3.6e-4(g)   15,2,4  5.3e-5( 5) 26e-3    4   1.0    0
 2230  1.000    1  672.0  2027.11.04   15,1,2  -15e-8   15,2,4  -36e-5(o)   15,2,4  5.3e-5( 5) 26e-3    4   1.0    0
 2231  1.000    1  673.0  2027.11.05   15,1,2  -15e-8   14,1,4  3.6e-4(g)   15,2,4  5.3e-5( 5) 26e-3    4   1.0    0
 2232  1.000    1  674.0  2027.11.06   15,1,2  -14e-8   14,1,4  -36e-5(o)   15,2,4  -53e-6(14) 26e-3    4   1.0    0
 2233  1.000    1  675.0  2027.11.07   15,1,2  -14e-8   14,1,4  -36e-5(o)   15,2,4  5.3e-5( 5) 26e-3    4   1.0    0
 2234  1.000    1  676.0  2027.11.08   15,1,2  -14e-8   15,2,4  3.6e-4(g)   15,2,4  5.3e-5( 5) 26e-3    4   1.0    0
 2235  1.000    1  677.0  2027.11.09   15,1,2  -13e-8   15,2,4  -36e-5(o)   15,2,4  -53e-6(14) 26e-3    4   1.0    0
 2236  1.000    1  678.0  2027.11.10   15,1,2  -13e-8   15,2,4  -36e-5(o)   15,2,4  -53e-6(14) 26e-3    4   1.0    0
 2237  1.000    1  679.0  2027.11.11   15,1,2  -13e-8   14,1,4  3.6e-4(g)   15,2,4  5.3e-5( 5) 26e-3    4   1.0    0
 2238  1.000    1  680.0  2027.11.12   15,1,2  -13e-8   15,2,4  -36e-5(o)   15,2,4  -53e-6(14) 26e-3    4   1.0    0
 2239  1.000    1  681.0  2027.11.13   15,1,2  -12e-8   15,2,4  3.6e-4(g)   15,2,4  -53e-6(14) 26e-3    4   1.0    0
 2240  1.000    1  682.0  2027.11.14   15,1,2  -12e-8   15,2,4  3.6e-4(g)   15,2,4  5.3e-5( 5) 26e-3    4   1.0    0
1

                                     G E M   T I M E   S T E P   S U M M A R Y
                                               sanwei 30cm shale CO2
 ====================================================================================================================
     Time Step            Time                            Maximum Changes                       Mat  Cum    Solver
 ----------------- ----------------- ---------------------------------------------------------  Bal  time -----------
       Size Newton                        Pressure         Saturation         Composition       Err  step Iter/   Cum
 No.   days  cycls  Days     Date      Block     kpa     Block   Fraction   Block    Fraction    %   cuts  Cycl  Fail
 ----  ------ ---- ------ ---------- --------- ------ --------- --------- --------- ---------- ----- ---- ----- -----
 2241  1.000    1  683.0  2027.11.15   15,1,2  -12e-8   14,1,4  3.6e-4(g)   15,2,4  -53e-6(14) 26e-3    4   1.0    0
 2242  1.000    1  684.0  2027.11.16   15,1,2  -12e-8   15,2,4  3.6e-4(g)   15,2,4  5.3e-5( 5) 26e-3    4   1.0    0
 2243  1.000    1  685.0  2027.11.17   15,1,2  -11e-8   15,2,4  -36e-5(o)   15,2,4  5.3e-5( 5) 26e-3    4   1.0    0
 2244  1.000    1  686.0  2027.11.18   15,1,2  -11e-8   14,1,4  3.6e-4(g)   15,2,4  5.3e-5( 5) 26e-3    4   1.0    0
 2245  1.000    1  687.0  2027.11.19   15,1,2  -11e-8   15,2,4  3.6e-4(g)   15,2,4  5.3e-5( 5) 26e-3    4   1.0    0
 2246  1.000    1  688.0  2027.11.20   15,1,2  -11e-8   15,2,4  3.6e-4(g)   15,2,4  5.3e-5( 5) 26e-3    4   1.0    0
 2247  1.000    1  689.0  2027.11.21   15,1,2  -11e-8   15,2,4  -36e-5(o)   15,2,4  5.3e-5( 5) 26e-3    4   1.0    0
 2248w 1.000    1  690.0  2027.11.22   15,1,2  -10e-8   14,1,4  -36e-5(o)   15,2,4  5.3e-5( 5) 26e-3    4   1.0    0
 2249  1.000    1  691.0  2027.11.23   15,1,2  -10e-8   15,2,4  -36e-5(o)   15,2,4  5.3e-5( 5) 26e-3    4   1.0    0
 2250  1.000    1  692.0  2027.11.24   15,1,2  -10e-8   15,2,4  3.6e-4(g)   15,2,4  5.3e-5( 5) 26e-3    4   1.0    0
 2251  1.000    1  693.0  2027.11.25   15,1,2  -10e-8   14,1,4  3.6e-4(g)   15,2,4  5.3e-5( 5) 26e-3    4   1.0    0
 2252  1.000    1  694.0  2027.11.26   15,1,2  -10e-8   15,2,4  3.6e-4(g)   15,2,4  5.3e-5( 5) 26e-3    4   1.0    0
 2253  1.000    1  695.0  2027.11.27   15,1,2  -99e-9   14,1,4  3.6e-4(g)   15,2,4  -53e-6(14) 26e-3    4   1.0    0
 2254  1.000    1  696.0  2027.11.28   15,1,2  -98e-9   15,2,4  -36e-5(o)   15,2,4  5.3e-5( 5) 26e-3    4   1.0    0
 2255  1.000    1  697.0  2027.11.29   15,1,2  -96e-9   15,2,4  3.6e-4(g)   15,2,4  -53e-6(14) 26e-3    4   1.0    0
 2256  1.000    1  698.0  2027.11.30   15,1,2  -94e-9   15,2,4  3.6e-4(g)   15,2,4  5.3e-5( 5) 26e-3    4   1.0    0
 2257  1.000    1  699.0  2027.12.01   15,1,2  -93e-9   15,2,4  -36e-5(o)   15,2,4  5.3e-5( 5) 26e-3    4   1.0    0
 2258  1.000    1  700.0  2027.12.02   15,1,2  -91e-9   15,2,4  3.6e-4(g)   15,2,4  5.3e-5( 5) 26e-3    4   1.0    0
 2259  1.000    1  701.0  2027.12.03   15,1,2  -90e-9   15,2,4  3.6e-4(g)   15,2,4  -53e-6(14) 26e-3    4   1.0    0
 2260  1.000    1  702.0  2027.12.04   15,1,2  -88e-9   14,1,4  3.6e-4(g)   15,2,4  5.3e-5( 5) 26e-3    4   1.0    0
1

                                     G E M   T I M E   S T E P   S U M M A R Y
                                               sanwei 30cm shale CO2
 ====================================================================================================================
     Time Step            Time                            Maximum Changes                       Mat  Cum    Solver
 ----------------- ----------------- ---------------------------------------------------------  Bal  time -----------
       Size Newton                        Pressure         Saturation         Composition       Err  step Iter/   Cum
 No.   days  cycls  Days     Date      Block     kpa     Block   Fraction   Block    Fraction    %   cuts  Cycl  Fail
 ----  ------ ---- ------ ---------- --------- ------ --------- --------- --------- ---------- ----- ---- ----- -----
 2261  1.000    1  703.0  2027.12.05   15,1,2  -87e-9   15,2,4  3.6e-4(g)   15,2,4  -53e-6(14) 26e-3    4   1.0    0
 2262  1.000    1  704.0  2027.12.06   15,1,2  -86e-9   14,1,4  3.6e-4(g)   15,2,4  -53e-6(14) 26e-3    4   1.0    0
 2263  1.000    1  705.0  2027.12.07   15,1,2  -84e-9   14,1,4  -36e-5(o)   15,2,4  -53e-6(14) 26e-3    4   1.0    0
 2264  1.000    1  706.0  2027.12.08   15,1,2  -83e-9   15,2,4  3.6e-4(g)   15,2,4  5.3e-5( 5) 26e-3    4   1.0    0
 2265  1.000    1  707.0  2027.12.09   15,1,2  -82e-9   15,2,4  3.6e-4(g)   15,2,4  5.3e-5( 5) 26e-3    4   1.0    0
 2266  1.000    1  708.0  2027.12.10   15,1,2  -80e-9   14,1,4  -36e-5(o)   15,2,4  -52e-6(14) 26e-3    4   1.0    0
 2267  1.000    1  709.0  2027.12.11   15,1,2  -79e-9   15,2,4  -36e-5(o)   15,2,4  5.2e-5( 5) 26e-3    4   1.0    0
 2268  1.000    1  710.0  2027.12.12   15,1,2  -78e-9   15,2,4  3.6e-4(g)   15,2,4  5.2e-5( 5) 26e-3    4   1.0    0
 2269  1.000    1  711.0  2027.12.13   15,1,2  -77e-9   14,1,4  3.6e-4(g)   15,2,4  -52e-6(14) 26e-3    4   1.0    0
 2270  1.000    1  712.0  2027.12.14   15,1,2  -75e-9   15,2,4  -36e-5(o)   15,2,4  5.2e-5( 5) 26e-3    4   1.0    0
 2271  1.000    1  713.0  2027.12.15   15,1,2  -74e-9   14,1,4  -36e-5(o)   15,2,4  5.2e-5( 5) 26e-3    4   1.0    0
 2272  1.000    1  714.0  2027.12.16   15,1,2  -73e-9   14,1,4  3.6e-4(g)   15,2,4  -52e-6(14) 26e-3    4   1.0    0
 2273  1.000    1  715.0  2027.12.17   15,1,2  -72e-9   15,2,4  -36e-5(o)   15,2,4  -52e-6(14) 26e-3    4   1.0    0
 2274  1.000    1  716.0  2027.12.18   15,1,2  -71e-9   14,1,4  3.6e-4(g)   15,2,4  5.2e-5( 5) 26e-3    4   1.0    0
 2275  1.000    1  717.0  2027.12.19   15,1,2  -70e-9   15,2,4  -36e-5(o)   15,2,4  5.2e-5( 5) 26e-3    4   1.0    0
 2276  1.000    1  718.0  2027.12.20   15,1,2  -69e-9   14,1,4  3.6e-4(g)   15,2,4  -52e-6(14) 26e-3    4   1.0    0
 2277  1.000    1  719.0  2027.12.21   15,1,2  -68e-9   15,2,4  3.6e-4(g)   15,2,4  5.2e-5( 5) 26e-3    4   1.0    0
 2278w 1.000    1  720.0  2027.12.22   15,1,2  -67e-9   14,1,4  3.6e-4(g)   15,2,4  -52e-6(14) 26e-3    4   1.0    0
 2279  1.000    1  721.0  2027.12.23   15,1,2  -65e-9   14,1,4  .9999 (o)   15,2,4  -52e-6(14) 26e-3    4   1.0    0
 2280  1.000    1  722.0  2027.12.24   14,1,5  -16e-4   15,1,6  2.4e-4(g)   15,1,6  3.6e-5( 5) 26e-3    4   2.0    0
1

                                     G E M   T I M E   S T E P   S U M M A R Y
                                               sanwei 30cm shale CO2
 ====================================================================================================================
     Time Step            Time                            Maximum Changes                       Mat  Cum    Solver
 ----------------- ----------------- ---------------------------------------------------------  Bal  time -----------
       Size Newton                        Pressure         Saturation         Composition       Err  step Iter/   Cum
 No.   days  cycls  Days     Date      Block     kpa     Block   Fraction   Block    Fraction    %   cuts  Cycl  Fail
 ----  ------ ---- ------ ---------- --------- ------ --------- --------- --------- ---------- ----- ---- ----- -----
 2281  1.000    1  723.0  2027.12.25   14,1,4  -14e-5   15,1,6  2.4e-4(g)   15,1,6  3.6e-5( 5) 26e-3    4   1.0    0
 2282  1.000    1  724.0  2027.12.26   15,2,4  -28e-6   15,1,6  -24e-5(o)   15,1,6  3.6e-5( 5) 26e-3    4   1.0    0
 2283  1.000    1  725.0  2027.12.27   15,2,4  -21e-6   15,1,6  2.4e-4(g)   15,1,6  3.6e-5( 5) 26e-3    4   1.0    0
 2284  1.000    1  726.0  2027.12.28   15,2,4  -17e-6   15,1,6  2.4e-4(g)   15,1,6  3.6e-5( 5) 26e-3    4   1.0    0
 2285  1.000    1  727.0  2027.12.29   15,2,4  -13e-6   15,1,6  -24e-5(o)   15,1,6  3.6e-5( 5) 26e-3    4   1.0    0
 2286  1.000    1  728.0  2027.12.30   15,2,4  -11e-6   15,1,6  -24e-5(o)   15,1,6  3.6e-5( 5) 26e-3    4   1.0    0
 2287  1.000    1  729.0  2027.12.31   15,2,4  -88e-7   15,1,6  2.4e-4(g)   15,1,6  3.6e-5( 5) 26e-3    4   1.0    0
 2288  1.000    1  730.0  2028.01.01   15,2,4  -71e-7   15,1,6  -24e-5(o)   15,1,6  3.6e-5( 5) 26e-3    4   1.0    0
 2289  1.000    1  731.0  2028.01.02   15,2,4  -57e-7   15,1,6  2.4e-4(g)   15,1,6  3.6e-5( 5) 26e-3    4   1.0    0
 2290  1.000    1  732.0  2028.01.03   15,2,4  -46e-7   15,1,6  2.4e-4(g)   15,1,6  3.6e-5( 5) 26e-3    4   1.0    0
 2291  1.000    1  733.0  2028.01.04   15,2,4  -37e-7   15,1,6  -24e-5(o)   15,1,6  3.6e-5( 5) 26e-3    4   1.0    0
 2292  1.000    1  734.0  2028.01.05   15,2,4  -30e-7   15,1,6  2.4e-4(g)   15,1,6  3.6e-5( 5) 26e-3    4   1.0    0
 2293  1.000    1  735.0  2028.01.06   15,2,4  -24e-7   15,1,6  2.4e-4(g)   15,1,6  3.6e-5( 5) 26e-3    4   1.0    0
 2294  1.000    1  736.0  2028.01.07   15,2,4  -19e-7   15,1,6  -24e-5(o)   15,1,6  3.6e-5( 5) 26e-3    4   1.0    0
 2295  1.000    1  737.0  2028.01.08   15,2,4  -15e-7   15,1,6  -24e-5(o)   15,1,6  3.6e-5( 5) 26e-3    4   1.0    0
 2296  1.000    1  738.0  2028.01.09   15,2,4  -12e-7   15,1,6  2.4e-4(g)   15,1,6  3.6e-5( 5) 26e-3    4   1.0    0
 2297  1.000    1  739.0  2028.01.10   15,2,4  -10e-7   15,1,6  2.4e-4(g)   15,1,6  3.6e-5( 5) 26e-3    4   1.0    0
 2298  1.000    1  740.0  2028.01.11   15,2,4  -86e-8   15,1,6  -24e-5(o)   15,1,6  3.6e-5( 5) 26e-3    4   1.0    0
 2299  1.000    1  741.0  2028.01.12   15,2,4  -70e-8   15,1,6  2.4e-4(g)   15,1,6  3.6e-5( 5) 26e-3    4   1.0    0
 2300  1.000    1  742.0  2028.01.13   15,2,4  -58e-8   15,1,6  -24e-5(o)   15,1,6  3.6e-5( 5) 26e-3    4   1.0    0
1

                                     G E M   T I M E   S T E P   S U M M A R Y
                                               sanwei 30cm shale CO2
 ====================================================================================================================
     Time Step            Time                            Maximum Changes                       Mat  Cum    Solver
 ----------------- ----------------- ---------------------------------------------------------  Bal  time -----------
       Size Newton                        Pressure         Saturation         Composition       Err  step Iter/   Cum
 No.   days  cycls  Days     Date      Block     kpa     Block   Fraction   Block    Fraction    %   cuts  Cycl  Fail
 ----  ------ ---- ------ ---------- --------- ------ --------- --------- --------- ---------- ----- ---- ----- -----
 2301  1.000    1  743.0  2028.01.14   15,2,4  -48e-8   15,1,6  -24e-5(o)   15,1,6  3.6e-5( 5) 26e-3    4   1.0    0
 2302  1.000    1  744.0  2028.01.15   15,2,4  -40e-8   15,1,6  -24e-5(o)   15,1,6  3.6e-5( 5) 26e-3    4   1.0    0
 2303  1.000    1  745.0  2028.01.16   15,2,4  -33e-8   15,1,6  2.4e-4(g)   15,1,6  3.6e-5( 5) 26e-3    4   1.0    0
 2304  1.000    1  746.0  2028.01.17   15,2,4  -28e-8   15,1,6  2.4e-4(g)   15,1,6  3.6e-5( 5) 26e-3    4   1.0    0
 2305  1.000    1  747.0  2028.01.18   15,2,4  -23e-8   15,1,6  -24e-5(o)   15,1,6  3.6e-5( 5) 26e-3    4   1.0    0
 2306  1.000    1  748.0  2028.01.19   15,2,4  -20e-8   15,1,6  -24e-5(o)   15,1,6  3.6e-5( 5) 26e-3    4   1.0    0
 2307  1.000    1  749.0  2028.01.20   14,1,4  -17e-8   15,1,6  2.4e-4(g)   15,1,6  3.6e-5( 5) 26e-3    4   1.0    0
 2308w 1.000    1  750.0  2028.01.21   14,1,4  -15e-8   15,1,6  2.4e-4(g)   15,1,6  3.6e-5( 5) 26e-3    4   1.0    0
 2309  1.000    1  751.0  2028.01.22   14,1,4  -13e-8   15,1,6  -24e-5(o)   15,1,6  3.6e-5( 5) 26e-3    4   1.0    0
 2310  1.000    1  752.0  2028.01.23   14,1,4  -11e-8   15,1,6  -24e-5(o)   15,1,6  3.6e-5( 5) 26e-3    4   1.0    0
 2311  1.000    1  753.0  2028.01.24   14,1,4  -10e-8   15,1,6  -24e-5(o)   15,1,6  3.6e-5( 5) 26e-3    4   1.0    0
 2312  1.000    1  754.0  2028.01.25   14,1,4  -89e-9   15,1,6  2.4e-4(g)   15,1,6  3.6e-5( 5) 26e-3    4   1.0    0
 2313  1.000    1  755.0  2028.01.26   15,1,2  -84e-9   15,1,6  2.4e-4(g)   15,1,6  3.6e-5( 5) 26e-3    4   1.0    0
 2314  1.000    1  756.0  2028.01.27   15,1,2  -80e-9   15,1,6  -24e-5(o)   15,1,6  3.6e-5( 5) 26e-3    4   1.0    0
 2315  1.000    1  757.0  2028.01.28   15,1,2  -76e-9   15,1,6  -24e-5(o)   15,1,6  3.6e-5( 5) 26e-3    4   1.0    0
 2316  1.000    1  758.0  2028.01.29   15,1,2  -73e-9   15,1,6  2.4e-4(g)   15,1,6  3.6e-5( 5) 26e-3    4   1.0    0
 2317  1.000    1  759.0  2028.01.30   15,1,2  -69e-9   15,1,6  2.4e-4(g)   15,1,6  3.6e-5( 5) 26e-3    4   1.0    0
 2318  1.000    1  760.0  2028.01.31   15,1,2  -66e-9   15,1,6  -24e-5(o)   15,1,6  3.6e-5( 5) 26e-3    4   1.0    0
 2319  1.000    1  761.0  2028.02.01   15,1,2  -63e-9   15,1,6  2.4e-4(g)   15,1,6  3.6e-5( 5) 26e-3    4   1.0    0
 2320  1.000    1  762.0  2028.02.02   15,1,2  -60e-9   15,1,6  -24e-5(o)   15,1,6  3.6e-5( 5) 26e-3    4   1.0    0
1

                                     G E M   T I M E   S T E P   S U M M A R Y
                                               sanwei 30cm shale CO2
 ====================================================================================================================
     Time Step            Time                            Maximum Changes                       Mat  Cum    Solver
 ----------------- ----------------- ---------------------------------------------------------  Bal  time -----------
       Size Newton                        Pressure         Saturation         Composition       Err  step Iter/   Cum
 No.   days  cycls  Days     Date      Block     kpa     Block   Fraction   Block    Fraction    %   cuts  Cycl  Fail
 ----  ------ ---- ------ ---------- --------- ------ --------- --------- --------- ---------- ----- ---- ----- -----
 2321  1.000    1  763.0  2028.02.03   15,1,2  -57e-9   15,1,6  2.4e-4(g)   15,1,6  3.6e-5( 5) 26e-3    4   1.0    0
 2322  1.000    1  764.0  2028.02.04   15,1,2  -55e-9   15,1,6  -24e-5(o)   15,1,6  3.6e-5( 5) 26e-3    4   1.0    0
 2323  1.000    1  765.0  2028.02.05   15,1,2  -53e-9   15,1,6  2.4e-4(g)   15,1,6  3.6e-5( 5) 26e-3    4   1.0    0
 2324  1.000    1  766.0  2028.02.06   15,1,2  -51e-9   15,1,6  2.4e-4(g)   15,1,6  3.6e-5( 5) 26e-3    4   1.0    0
 2325  1.000    1  767.0  2028.02.07   15,1,2  -48e-9   15,1,6  -24e-5(o)   15,1,6  3.6e-5( 5) 26e-3    4   1.0    0
 2326  1.000    1  768.0  2028.02.08   15,1,2  -47e-9   15,1,6  -24e-5(o)   15,1,6  3.6e-5( 5) 26e-3    4   1.0    0
 2327  1.000    1  769.0  2028.02.09   15,1,2  -45e-9   15,1,6  2.4e-4(g)   15,1,6  3.6e-5( 5) 26e-3    4   1.0    0
 2328  1.000    1  770.0  2028.02.10   15,1,2  -43e-9   15,1,6  -24e-5(o)   15,1,6  3.6e-5( 5) 26e-3    4   1.0    0
 2329  1.000    1  771.0  2028.02.11   15,1,2  -42e-9   15,1,6  -24e-5(o)   15,1,6  3.6e-5( 5) 26e-3    4   1.0    0
 2330  1.000    1  772.0  2028.02.12   15,1,2  -40e-9   15,1,6  -24e-5(o)   15,1,6  3.6e-5( 5) 26e-3    4   1.0    0
 2331  1.000    1  773.0  2028.02.13   15,1,2  -39e-9   15,1,6  2.4e-4(g)   15,1,6  3.6e-5( 5) 26e-3    4   1.0    0
 2332  1.000    1  774.0  2028.02.14   15,1,2  -37e-9   15,1,6  -24e-5(o)   15,1,6  3.6e-5( 5) 26e-3    4   1.0    0
 2333  1.000    1  775.0  2028.02.15   15,1,2  -36e-9   15,1,6  2.4e-4(g)   15,1,6  3.6e-5( 5) 26e-3    4   1.0    0
 2334  1.000    1  776.0  2028.02.16   15,1,2  -35e-9   15,1,6  -24e-5(o)   15,1,6  3.6e-5( 5) 26e-3    4   1.0    0
 2335  1.000    1  777.0  2028.02.17   15,1,2  -34e-9   15,1,6  2.4e-4(g)   15,1,6  -36e-6(14) 26e-3    4   1.0    0
 2336  1.000    1  778.0  2028.02.18   15,1,2  -33e-9   15,1,6  -24e-5(o)   15,1,6  3.6e-5( 5) 26e-3    4   1.0    0
 2337  1.000    1  779.0  2028.02.19   15,1,2  -32e-9   15,1,6  -24e-5(o)   15,1,6  3.6e-5( 5) 26e-3    4   1.0    0
 2338w 1.000    1  780.0  2028.02.20   15,1,2  -31e-9   15,1,6  2.4e-4(g)   15,1,6  -36e-6(14) 26e-3    4   1.0    0
 2339  1.000    1  781.0  2028.02.21   15,1,2  -30e-9   15,1,6  -24e-5(o)   15,1,6  -36e-6(14) 26e-3    4   1.0    0
 2340  1.000    1  782.0  2028.02.22   15,1,2  -29e-9   15,1,6  2.4e-4(g)   15,1,6  3.6e-5( 5) 26e-3    4   1.0    0
1

                                     G E M   T I M E   S T E P   S U M M A R Y
                                               sanwei 30cm shale CO2
 ====================================================================================================================
     Time Step            Time                            Maximum Changes                       Mat  Cum    Solver
 ----------------- ----------------- ---------------------------------------------------------  Bal  time -----------
       Size Newton                        Pressure         Saturation         Composition       Err  step Iter/   Cum
 No.   days  cycls  Days     Date      Block     kpa     Block   Fraction   Block    Fraction    %   cuts  Cycl  Fail
 ----  ------ ---- ------ ---------- --------- ------ --------- --------- --------- ---------- ----- ---- ----- -----
 2341  1.000    1  783.0  2028.02.23   15,1,2  -28e-9   15,1,6  2.4e-4(g)   15,1,6  -36e-6(14) 26e-3    4   1.0    0
 2342  1.000    1  784.0  2028.02.24   15,1,2  -28e-9   15,1,6  2.4e-4(g)   15,1,6  3.6e-5( 5) 26e-3    4   1.0    0
 2343  1.000    1  785.0  2028.02.25   15,1,2  -27e-9   15,1,6  -24e-5(o)   15,1,6  -36e-6(14) 26e-3    4   1.0    0
 2344  1.000    1  786.0  2028.02.26   15,1,2  -26e-9   15,1,6  2.4e-4(g)   15,1,6  -36e-6(14) 26e-3    4   1.0    0
 2345  1.000    1  787.0  2028.02.27   15,1,2  -26e-9   15,1,6  -24e-5(o)   15,1,6  3.6e-5( 5) 26e-3    4   1.0    0
 2346  1.000    1  788.0  2028.02.28   15,1,2  -25e-9   15,1,6  -24e-5(o)   15,1,6  3.6e-5( 5) 26e-3    4   1.0    0
 2347  1.000    1  789.0  2028.02.29   15,1,2  -24e-9   15,1,6  2.4e-4(g)   15,1,6  -36e-6(14) 26e-3    4   1.0    0
 2348  1.000    1  790.0  2028.03.01   15,1,2  -24e-9   15,1,6  -24e-5(o)   15,1,6  3.6e-5( 5) 26e-3    4   1.0    0
 2349  1.000    1  791.0  2028.03.02   15,1,2  -23e-9   15,1,6  -24e-5(o)   15,1,6  -36e-6(14) 26e-3    4   1.0    0
 2350  1.000    1  792.0  2028.03.03   15,1,2  -23e-9   15,1,6  2.4e-4(g)   15,1,6  3.6e-5( 5) 26e-3    4   1.0    0
 2351  1.000    1  793.0  2028.03.04   15,1,2  -22e-9   15,1,6  -24e-5(o)   15,1,6  3.6e-5( 5) 26e-3    4   1.0    0
 2352  1.000    1  794.0  2028.03.05   15,1,2  -22e-9   15,1,6  2.4e-4(g)   15,1,6  3.6e-5( 5) 26e-3    4   1.0    0
 2353  1.000    1  795.0  2028.03.06   15,1,2  -21e-9   15,1,6  -24e-5(o)   15,1,6  3.6e-5( 5) 26e-3    4   1.0    0
 2354  1.000    1  796.0  2028.03.07   15,1,2  -21e-9   15,1,6  2.4e-4(g)   15,1,6  -36e-6(14) 26e-3    4   1.0    0
 2355  1.000    1  797.0  2028.03.08   15,1,2  -20e-9   15,1,6  -24e-5(o)   15,1,6  -36e-6(14) 26e-3    4   1.0    0
 2356  1.000    1  798.0  2028.03.09   15,1,2  -20e-9   15,1,6  2.4e-4(g)   15,1,6  3.6e-5( 5) 26e-3    4   1.0    0
 2357  1.000    1  799.0  2028.03.10   15,1,2  -20e-9   15,1,6  2.4e-4(g)   15,1,6  -36e-6(14) 26e-3    4   1.0    0
 2358  1.000    1  800.0  2028.03.11   15,1,2  -19e-9   15,1,6  -24e-5(o)   15,1,6  -36e-6(14) 26e-3    4   1.0    0
 2359  1.000    1  801.0  2028.03.12   15,1,2  -19e-9   15,1,6  -24e-5(o)   15,1,6  -36e-6(14) 26e-3    4   1.0    0
 2360  1.000    1  802.0  2028.03.13   15,1,2  -18e-9   15,1,6  2.4e-4(g)   15,1,6  -36e-6(14) 26e-3    4   1.0    0
1

                                     G E M   T I M E   S T E P   S U M M A R Y
                                               sanwei 30cm shale CO2
 ====================================================================================================================
     Time Step            Time                            Maximum Changes                       Mat  Cum    Solver
 ----------------- ----------------- ---------------------------------------------------------  Bal  time -----------
       Size Newton                        Pressure         Saturation         Composition       Err  step Iter/   Cum
 No.   days  cycls  Days     Date      Block     kpa     Block   Fraction   Block    Fraction    %   cuts  Cycl  Fail
 ----  ------ ---- ------ ---------- --------- ------ --------- --------- --------- ---------- ----- ---- ----- -----
 2361  1.000    1  803.0  2028.03.14   15,1,2  -18e-9   15,1,6  2.4e-4(g)   15,1,6  -36e-6(14) 26e-3    4   1.0    0
 2362  1.000    1  804.0  2028.03.15   15,1,2  -18e-9   15,1,6  -24e-5(o)   15,1,6  -36e-6(14) 26e-3    4   1.0    0
 2363  1.000    1  805.0  2028.03.16   15,1,2  -17e-9   15,1,6  -24e-5(o)   15,1,6  -36e-6(14) 26e-3    4   1.0    0
 2364  1.000    1  806.0  2028.03.17   15,1,2  -17e-9   15,1,6  2.4e-4(g)   15,1,6  -35e-6(14) 26e-3    4   1.0    0
 2365  1.000    1  807.0  2028.03.18   15,1,2  -17e-9   15,1,6  2.4e-4(g)   15,1,6  -35e-6(14) 26e-3    4   1.0    0
 2366  1.000    1  808.0  2028.03.19   15,1,2  -16e-9   15,1,6  -24e-5(o)   15,1,6  -35e-6(14) 26e-3    4   1.0    0
 2367  1.000    1  809.0  2028.03.20   15,1,2  -16e-9   15,1,6  2.4e-4(g)   15,1,6  3.5e-5( 5) 26e-3    4   1.0    0
 2368w 1.000    1  810.0  2028.03.21   15,1,2  -16e-9   15,1,6  -24e-5(o)   15,1,6  3.5e-5( 5) 26e-3    4   1.0    0
 2369  1.000    1  811.0  2028.03.22   15,1,2  -15e-9   15,1,6  -24e-5(o)   15,1,6  3.5e-5( 5) 26e-3    4   1.0    0
 2370  1.000    1  812.0  2028.03.23   15,1,2  -15e-9   15,1,6  2.4e-4(g)   15,1,6  3.5e-5( 5) 26e-3    4   1.0    0
 2371  1.000    1  813.0  2028.03.24   15,1,2  -15e-9   15,1,6  -24e-5(o)   15,1,6  3.5e-5( 5) 26e-3    4   1.0    0
 2372  1.000    1  814.0  2028.03.25   15,1,2  -15e-9   15,1,6  -24e-5(o)   15,1,6  3.5e-5( 5) 26e-3    4   1.0    0
 2373  1.000    1  815.0  2028.03.26   15,1,2  -14e-9   15,1,6  2.4e-4(g)   15,1,6  3.5e-5( 5) 26e-3    4   1.0    0
 2374  1.000    1  816.0  2028.03.27   15,1,2  -14e-9   15,1,6  -24e-5(o)   15,1,6  3.5e-5( 5) 26e-3    4   1.0    0
 2375  1.000    1  817.0  2028.03.28   15,1,2  -14e-9   15,1,6  -24e-5(o)   15,1,6  3.5e-5( 5) 26e-3    4   1.0    0
 2376  1.000    1  818.0  2028.03.29   15,1,2  -14e-9   15,1,6  2.4e-4(g)   15,1,6  3.5e-5( 5) 26e-3    4   1.0    0
 2377  1.000    1  819.0  2028.03.30   15,1,2  -13e-9   15,1,6  2.4e-4(g)   15,1,6  3.5e-5( 5) 26e-3    4   1.0    0
 2378  1.000    1  820.0  2028.03.31   15,1,2  -13e-9   15,1,6  -24e-5(o)   15,1,6  3.5e-5( 5) 26e-3    4   1.0    0
 2379  1.000    1  821.0  2028.04.01   15,1,2  -13e-9   15,1,6  2.4e-4(g)   15,1,6  3.5e-5( 5) 26e-3    4   1.0    0
 2380  1.000    1  822.0  2028.04.02   15,1,2  -13e-9   15,1,6  -24e-5(o)   15,1,6  -35e-6(14) 26e-3    4   1.0    0
1

                                     G E M   T I M E   S T E P   S U M M A R Y
                                               sanwei 30cm shale CO2
 ====================================================================================================================
     Time Step            Time                            Maximum Changes                       Mat  Cum    Solver
 ----------------- ----------------- ---------------------------------------------------------  Bal  time -----------
       Size Newton                        Pressure         Saturation         Composition       Err  step Iter/   Cum
 No.   days  cycls  Days     Date      Block     kpa     Block   Fraction   Block    Fraction    %   cuts  Cycl  Fail
 ----  ------ ---- ------ ---------- --------- ------ --------- --------- --------- ---------- ----- ---- ----- -----
 2381  1.000    1  823.0  2028.04.03   15,1,2  -12e-9   15,1,6  2.4e-4(g)   15,1,6  3.5e-5( 5) 26e-3    4   1.0    0
 2382  1.000    1  824.0  2028.04.04   15,1,2  -12e-9   15,1,6  2.4e-4(g)   15,1,6  3.5e-5( 5) 26e-3    4   1.0    0
 2383  1.000    1  825.0  2028.04.05   15,1,2  -12e-9   15,1,6  -24e-5(o)   15,1,6  3.5e-5( 5) 26e-3    4   1.0    0
 2384  1.000    1  826.0  2028.04.06   15,1,2  -12e-9   15,1,6  -24e-5(o)   15,1,6  3.5e-5( 5) 26e-3    4   1.0    0
 2385  1.000    1  827.0  2028.04.07   15,1,2  -12e-9   15,1,6  2.4e-4(g)   15,1,6  3.5e-5( 5) 26e-3    4   1.0    0
 2386  1.000    1  828.0  2028.04.08   15,1,2  -11e-9   15,1,6  -24e-5(o)   15,1,6  3.5e-5( 5) 26e-3    4   1.0    0
 2387  1.000    1  829.0  2028.04.09   15,1,2  -11e-9   15,1,6  -24e-5(o)   15,1,6  -35e-6(14) 26e-3    4   1.0    0
 2388  1.000    1  830.0  2028.04.10   15,1,2  -11e-9   15,1,6  2.4e-4(g)   15,1,6  3.5e-5( 5) 26e-3    4   1.0    0
 2389  1.000    1  831.0  2028.04.11   15,1,2  -11e-9   15,1,6  -24e-5(o)   15,1,6  3.5e-5( 5) 26e-3    4   1.0    0
 2390  1.000    1  832.0  2028.04.12   15,1,2  -11e-9   15,1,6  -24e-5(o)   15,1,6  3.5e-5( 5) 26e-3    4   1.0    0
 2391  1.000    1  833.0  2028.04.13   15,1,2  -10e-9   15,1,6  2.4e-4(g)   15,1,6  -35e-6(14) 26e-3    4   1.0    0
 2392  1.000    1  834.0  2028.04.14   15,1,2  -10e-9   15,1,6  2.4e-4(g)   15,1,6  3.5e-5( 5) 26e-3    4   1.0    0
 2393  1.000    1  835.0  2028.04.15   15,1,2  -10e-9   15,1,6  2.4e-4(g)   15,1,6  -35e-6(14) 26e-3    4   1.0    0
 2394  1.000    1  836.0  2028.04.16   15,1,2  -10e-9   15,1,6  -24e-5(o)   15,1,6  3.5e-5( 5) 26e-3    4   1.0    0
 2395  1.000    1  837.0  2028.04.17   15,1,2  -10e-9   15,1,6  2.4e-4(g)   15,1,6  3.5e-5( 5) 26e-3    4   1.0    0
 2396  1.000    1  838.0  2028.04.18   15,1,2  -9.e-9   15,1,6  -24e-5(o)   15,1,6  -35e-6(14) 26e-3    4   1.0    0
 2397  1.000    1  839.0  2028.04.19   15,1,2  -9.e-9   15,1,6  -24e-5(o)   15,1,6  3.5e-5( 5) 26e-3    4   1.0    0
 2398w 1.000    1  840.0  2028.04.20   15,1,2  -9.e-9   15,1,6  2.4e-4(g)   15,1,6  -35e-6(14) 26e-3    4   1.0    0
 2399  1.000    1  841.0  2028.04.21   15,1,2  -9.e-9   15,1,6  2.4e-4(g)   15,1,6  3.5e-5( 5) 26e-3    4   1.0    0
 2400  1.000    1  842.0  2028.04.22   15,1,2  -9.e-9   15,1,6  -24e-5(o)   15,1,6  -35e-6(14) 26e-3    4   1.0    0
1

                                     G E M   T I M E   S T E P   S U M M A R Y
                                               sanwei 30cm shale CO2
 ====================================================================================================================
     Time Step            Time                            Maximum Changes                       Mat  Cum    Solver
 ----------------- ----------------- ---------------------------------------------------------  Bal  time -----------
       Size Newton                        Pressure         Saturation         Composition       Err  step Iter/   Cum
 No.   days  cycls  Days     Date      Block     kpa     Block   Fraction   Block    Fraction    %   cuts  Cycl  Fail
 ----  ------ ---- ------ ---------- --------- ------ --------- --------- --------- ---------- ----- ---- ----- -----
 2401  1.000    1  843.0  2028.04.23   15,1,2  -9.e-9   15,1,6  2.4e-4(g)   15,1,6  -35e-6(14) 26e-3    4   1.0    0
 2402  1.000    1  844.0  2028.04.24   15,1,2  -9.e-9   15,1,6  2.4e-4(g)   15,1,6  3.5e-5( 5) 26e-3    4   1.0    0
 2403  1.000    1  845.0  2028.04.25   15,1,2  -8.e-9   15,1,6  2.4e-4(g)   15,1,6  3.5e-5( 5) 26e-3    4   1.0    0
 2404  1.000    1  846.0  2028.04.26   15,1,2  -8.e-9   15,1,6  2.4e-4(g)   15,1,6  -35e-6(14) 26e-3    4   1.0    0
 2405  1.000    1  847.0  2028.04.27   15,1,2  -8.e-9   15,1,6  -24e-5(o)   15,1,6  3.5e-5( 5) 26e-3    4   1.0    0
 2406  1.000    1  848.0  2028.04.28   15,1,2  -8.e-9   15,1,6  2.4e-4(g)   15,1,6  -35e-6(14) 26e-3    4   1.0    0
 2407  1.000    1  849.0  2028.04.29   15,1,2  -8.e-9   15,1,6  -24e-5(o)   15,1,6  3.5e-5( 5) 26e-3    4   1.0    0
 2408  1.000    1  850.0  2028.04.30   15,1,2  -8.e-9   15,1,6  2.4e-4(g)   15,1,6  3.5e-5( 5) 26e-3    4   1.0    0
 2409  1.000    1  851.0  2028.05.01   15,1,2  -8.e-9   15,1,6  2.4e-4(g)   15,1,6  3.5e-5( 5) 26e-3    4   1.0    0
 2410  1.000    1  852.0  2028.05.02   15,1,2  -7.e-9   15,1,6  -24e-5(o)   15,1,6  -35e-6(14) 26e-3    4   1.0    0
 2411  1.000    1  853.0  2028.05.03   15,1,2  -7.e-9   15,1,6  -24e-5(o)   15,1,6  -35e-6(14) 26e-3    4   1.0    0
 2412  1.000    1  854.0  2028.05.04   15,1,2  -7.e-9   15,1,6  -24e-5(o)   15,1,6  3.5e-5( 5) 26e-3    4   1.0    0
 2413  1.000    1  855.0  2028.05.05   15,1,2  -7.e-9   15,1,6  2.4e-4(g)   15,1,6  -35e-6(14) 26e-3    4   1.0    0
 2414  1.000    1  856.0  2028.05.06   15,1,2  -7.e-9   15,1,6  2.4e-4(g)   15,1,6  3.5e-5( 5) 26e-3    4   1.0    0
 2415  1.000    1  857.0  2028.05.07   15,1,2  -7.e-9   15,1,6  2.4e-4(g)   15,1,6  3.5e-5( 5) 26e-3    4   1.0    0
 2416  1.000    1  858.0  2028.05.08   15,1,2  -7.e-9   15,1,6  .9998 (o)   15,1,6  -35e-6(14) 26e-3    4   1.0    0
 2417  1.000    1  859.0  2028.05.09   15,1,5  -15e-4   15,1,5  1.3e-4(g)   15,1,6  -28e-6(14) 26e-3    4   2.0    0
 2418  1.000    1  860.0  2028.05.10   15,1,6  -37e-6   15,1,5  1.4e-4(g)   15,1,6  2.4e-5( 5) 26e-3    4   1.0    0
 2419  1.000    1  861.0  2028.05.11   15,1,6  -12e-6   15,1,5  -14e-5(o)   15,1,5  2.2e-5( 5) 26e-3    4   1.0    0
 2420  1.000    1  862.0  2028.05.12   15,1,6  -11e-6   15,1,5  1.4e-4(g)   15,1,5  2.2e-5( 5) 26e-3    4   1.0    0
1

                                     G E M   T I M E   S T E P   S U M M A R Y
                                               sanwei 30cm shale CO2
 ====================================================================================================================
     Time Step            Time                            Maximum Changes                       Mat  Cum    Solver
 ----------------- ----------------- ---------------------------------------------------------  Bal  time -----------
       Size Newton                        Pressure         Saturation         Composition       Err  step Iter/   Cum
 No.   days  cycls  Days     Date      Block     kpa     Block   Fraction   Block    Fraction    %   cuts  Cycl  Fail
 ----  ------ ---- ------ ---------- --------- ------ --------- --------- --------- ---------- ----- ---- ----- -----
 2421  1.000    1  863.0  2028.05.13   15,1,6  -98e-7   15,1,5  -14e-5(o)   15,1,5  2.2e-5( 5) 26e-3    4   1.0    0
 2422  1.000    1  864.0  2028.05.14   15,1,6  -85e-7   15,1,5  1.4e-4(g)   15,1,5  2.2e-5( 5) 26e-3    4   1.0    0
 2423  1.000    1  865.0  2028.05.15   15,1,6  -74e-7   15,1,5  -14e-5(o)   15,1,5  2.2e-5( 5) 26e-3    4   1.0    0
 2424  1.000    1  866.0  2028.05.16   15,1,6  -64e-7   15,1,5  -14e-5(o)   15,1,5  2.2e-5( 5) 26e-3    4   1.0    0
 2425  1.000    1  867.0  2028.05.17   15,1,6  -55e-7   15,1,5  1.4e-4(g)   15,1,5  2.2e-5( 5) 26e-3    4   1.0    0
 2426  1.000    1  868.0  2028.05.18   15,1,6  -48e-7   15,1,5  -14e-5(o)   15,1,5  2.2e-5( 5) 26e-3    4   1.0    0
 2427  1.000    1  869.0  2028.05.19   15,1,6  -41e-7   15,1,5  -14e-5(o)   15,1,5  2.2e-5( 5) 26e-3    4   1.0    0
 2428w 1.000    1  870.0  2028.05.20   15,1,6  -35e-7   15,1,5  1.4e-4(g)   15,1,5  2.2e-5( 5) 26e-3    4   1.0    0
 2429  1.000    1  871.0  2028.05.21   15,1,6  -31e-7   15,1,5  -14e-5(o)   15,1,5  2.2e-5( 5) 26e-3    4   1.0    0
 2430  1.000    1  872.0  2028.05.22   15,1,6  -26e-7   15,1,5  -14e-5(o)   15,1,5  2.2e-5( 5) 26e-3    4   1.0    0
 2431  1.000    1  873.0  2028.05.23   15,1,6  -22e-7   15,1,5  -14e-5(o)   15,1,5  2.2e-5( 5) 26e-3    4   1.0    0
 2432  1.000    1  874.0  2028.05.24   15,1,6  -19e-7   15,1,5  1.4e-4(g)   15,1,5  2.2e-5( 5) 26e-3    4   1.0    0
 2433  1.000    1  875.0  2028.05.25   15,1,6  -17e-7   15,1,5  1.4e-4(g)   15,1,5  2.2e-5( 5) 26e-3    4   1.0    0
 2434  1.000    1  876.0  2028.05.26   15,1,6  -14e-7   15,1,5  -14e-5(o)   15,1,5  2.2e-5( 5) 26e-3    4   1.0    0
 2435  1.000    1  877.0  2028.05.27   15,1,6  -12e-7   15,1,5  -14e-5(o)   15,1,5  2.2e-5( 5) 26e-3    4   1.0    0
 2436  1.000    1  878.0  2028.05.28   15,1,6  -10e-7   15,1,5  1.4e-4(g)   15,1,5  2.2e-5( 5) 26e-3    4   1.0    0
 2437  1.000    1  879.0  2028.05.29   15,1,6  -93e-8   15,1,5  -14e-5(o)   15,1,5  2.2e-5( 5) 26e-3    4   1.0    0
 2438  1.000    1  880.0  2028.05.30   15,1,6  -79e-8   15,1,5  1.4e-4(g)   15,1,5  2.3e-5( 5) 26e-3    4   1.0    0
 2439  1.000    1  881.0  2028.05.31   15,1,6  -68e-8   15,1,5  -14e-5(o)   15,1,5  2.3e-5( 5) 26e-3    4   1.0    0
 2440  1.000    1  882.0  2028.06.01   15,1,6  -59e-8   15,1,5  -14e-5(o)   15,1,5  2.3e-5( 5) 26e-3    4   1.0    0
1

                                     G E M   T I M E   S T E P   S U M M A R Y
                                               sanwei 30cm shale CO2
 ====================================================================================================================
     Time Step            Time                            Maximum Changes                       Mat  Cum    Solver
 ----------------- ----------------- ---------------------------------------------------------  Bal  time -----------
       Size Newton                        Pressure         Saturation         Composition       Err  step Iter/   Cum
 No.   days  cycls  Days     Date      Block     kpa     Block   Fraction   Block    Fraction    %   cuts  Cycl  Fail
 ----  ------ ---- ------ ---------- --------- ------ --------- --------- --------- ---------- ----- ---- ----- -----
 2441  1.000    1  883.0  2028.06.02   15,1,6  -50e-8   15,1,5  1.4e-4(g)   15,1,5  2.3e-5( 5) 26e-3    4   1.0    0
 2442  1.000    1  884.0  2028.06.03   15,1,6  -43e-8   15,1,5  1.4e-4(g)   15,1,5  2.3e-5( 5) 26e-3    4   1.0    0
 2443  1.000    1  885.0  2028.06.04   15,1,6  -37e-8   15,1,5  -14e-5(o)   15,1,5  2.3e-5( 5) 26e-3    4   1.0    0
 2444  1.000    1  886.0  2028.06.05   15,1,6  -32e-8   15,1,5  -14e-5(o)   15,1,5  2.3e-5( 5) 26e-3    4   1.0    0
 2445  1.000    1  887.0  2028.06.06   15,1,6  -27e-8   15,1,5  1.4e-4(g)   15,1,5  2.3e-5( 5) 26e-3    4   1.0    0
 2446  1.000    1  888.0  2028.06.07   15,1,6  -24e-8   15,1,5  1.4e-4(g)   15,1,5  2.2e-5( 5) 26e-3    4   1.0    0
 2447  1.000    1  889.0  2028.06.08   15,1,6  -20e-8   15,1,5  -14e-5(o)   15,1,5  2.2e-5( 5) 26e-3    4   1.0    0
 2448  1.000    1  890.0  2028.06.09   15,1,6  -17e-8   15,1,5  1.4e-4(g)   15,1,5  2.2e-5( 5) 26e-3    4   1.0    0
 2449  1.000    1  891.0  2028.06.10   15,1,6  -15e-8   15,1,5  1.4e-4(g)   15,1,5  2.2e-5( 5) 26e-3    4   1.0    0
 2450  1.000    1  892.0  2028.06.11   15,1,6  -13e-8   15,1,5  1.4e-4(g)   15,1,5  2.2e-5( 5) 26e-3    4   1.0    0
 2451  1.000    1  893.0  2028.06.12   15,1,6  -11e-8   15,1,5  -14e-5(o)   15,1,5  2.2e-5( 5) 26e-3    4   1.0    0
 2452  1.000    1  894.0  2028.06.13   15,1,6  -99e-9   15,1,5  -14e-5(o)   15,1,5  2.2e-5( 5) 26e-3    4   1.0    0
 2453  1.000    1  895.0  2028.06.14   15,1,6  -86e-9   15,1,5  -14e-5(o)   15,1,5  2.2e-5( 5) 26e-3    4   1.0    0
 2454  1.000    1  896.0  2028.06.15   15,1,6  -74e-9   15,1,5  1.4e-4(g)   15,1,5  2.2e-5( 5) 26e-3    4   1.0    0
 2455  1.000    1  897.0  2028.06.16   15,1,6  -64e-9   15,1,5  -14e-5(o)   15,1,5  2.2e-5( 5) 26e-3    4   1.0    0
 2456  1.000    1  898.0  2028.06.17   15,1,6  -55e-9   15,1,5  1.4e-4(g)   15,1,5  2.2e-5( 5) 26e-3    4   1.0    0
 2457  1.000    1  899.0  2028.06.18   15,1,6  -48e-9   15,1,5  1.4e-4(g)   15,1,5  2.2e-5( 5) 26e-3    4   1.0    0
 2458w 1.000    1  900.0  2028.06.19   15,1,6  -42e-9   15,1,5  1.4e-4(g)   15,1,5  2.2e-5( 5) 26e-3    4   1.0    0
 2459  1.000    1  901.0  2028.06.20   15,1,6  -36e-9   15,1,5  -14e-5(o)   15,1,5  2.2e-5( 5) 26e-3    4   1.0    0
 2460  1.000    1  902.0  2028.06.21   15,1,6  -31e-9   15,1,5  -14e-5(o)   15,1,5  2.2e-5( 5) 26e-3    4   1.0    0
1

                                     G E M   T I M E   S T E P   S U M M A R Y
                                               sanwei 30cm shale CO2
 ====================================================================================================================
     Time Step            Time                            Maximum Changes                       Mat  Cum    Solver
 ----------------- ----------------- ---------------------------------------------------------  Bal  time -----------
       Size Newton                        Pressure         Saturation         Composition       Err  step Iter/   Cum
 No.   days  cycls  Days     Date      Block     kpa     Block   Fraction   Block    Fraction    %   cuts  Cycl  Fail
 ----  ------ ---- ------ ---------- --------- ------ --------- --------- --------- ---------- ----- ---- ----- -----
 2461  1.000    1  903.0  2028.06.22   15,1,6  -27e-9   15,1,5  1.4e-4(g)   15,1,5  2.2e-5( 5) 26e-3    4   1.0    0
 2462  1.000    1  904.0  2028.06.23   15,1,6  -24e-9   15,1,5  -14e-5(o)   15,1,5  2.2e-5( 5) 26e-3    4   1.0    0
 2463  1.000    1  905.0  2028.06.24   15,1,6  -21e-9   15,1,5  -14e-5(o)   15,1,5  2.2e-5( 5) 26e-3    4   1.0    0
 2464  1.000    1  906.0  2028.06.25   15,1,6  -18e-9   15,1,5  -14e-5(o)   15,1,5  2.2e-5( 5) 26e-3    4   1.0    0
 2465  1.000    1  907.0  2028.06.26   15,1,6  -16e-9   15,1,5  1.4e-4(g)   15,1,5  2.2e-5( 5) 26e-3    4   1.0    0
 2466  1.000    1  908.0  2028.06.27   15,1,6  -14e-9   15,1,5  1.4e-4(g)   15,1,5  2.2e-5( 5) 26e-3    4   1.0    0
 2467  1.000    1  909.0  2028.06.28   15,1,6  -12e-9   15,1,5  -14e-5(o)   15,1,5  2.2e-5( 5) 26e-3    4   1.0    0
 2468  1.000    1  910.0  2028.06.29   15,1,6  -11e-9   15,1,5  1.4e-4(g)   15,1,5  2.2e-5( 5) 26e-3    4   1.0    0
 2469  1.000    1  911.0  2028.06.30   15,1,6  -9.e-9   15,1,5  1.4e-4(g)   15,1,5  2.2e-5( 5) 26e-3    4   1.0    0
 2470  1.000    1  912.0  2028.07.01   15,1,6  -8.e-9   15,1,5  -14e-5(o)   15,1,5  2.2e-5( 5) 26e-3    4   1.0    0
 2471  1.000    1  913.0  2028.07.02   15,1,6  -7.e-9   15,1,5  1.4e-4(g)   15,1,5  2.2e-5( 5) 26e-3    4   1.0    0
 2472  1.000    1  914.0  2028.07.03   15,1,6  -6.e-9   15,1,5  1.4e-4(g)   15,1,5  2.2e-5( 5) 26e-3    4   1.0    0
 2473  1.000    1  915.0  2028.07.04   15,1,6  -5.e-9   15,1,5  -14e-5(o)   15,1,5  2.2e-5( 5) 26e-3    4   1.0    0
 2474  1.000    1  916.0  2028.07.05   15,1,6  -5.e-9   15,1,5  -14e-5(o)   15,1,5  2.2e-5( 5) 26e-3    4   1.0    0
 2475  1.000    1  917.0  2028.07.06   15,1,6  -4.e-9   15,1,5  1.4e-4(g)   15,1,5  2.2e-5( 5) 26e-3    4   1.0    0
 2476  1.000    1  918.0  2028.07.07   15,1,2  -4.e-9   15,1,5  -14e-5(o)   15,1,5  2.2e-5( 5) 26e-3    4   1.0    0
 2477  1.000    1  919.0  2028.07.08   15,1,2  -4.e-9   15,1,5  1.4e-4(g)   15,1,5  2.2e-5( 5) 26e-3    4   1.0    0
 2478  1.000    1  920.0  2028.07.09   15,1,2  -4.e-9   15,1,5  -14e-5(o)   15,1,5  2.2e-5( 5) 26e-3    4   1.0    0
 2479  1.000    1  921.0  2028.07.10   15,1,2  -3.e-9   15,1,5  -14e-5(o)   15,1,5  2.2e-5( 5) 26e-3    4   1.0    0
 2480  1.000    1  922.0  2028.07.11   15,1,2  -3.e-9   15,1,5  1.4e-4(g)   15,1,5  2.2e-5( 5) 26e-3    4   1.0    0
1

                                     G E M   T I M E   S T E P   S U M M A R Y
                                               sanwei 30cm shale CO2
 ====================================================================================================================
     Time Step            Time                            Maximum Changes                       Mat  Cum    Solver
 ----------------- ----------------- ---------------------------------------------------------  Bal  time -----------
       Size Newton                        Pressure         Saturation         Composition       Err  step Iter/   Cum
 No.   days  cycls  Days     Date      Block     kpa     Block   Fraction   Block    Fraction    %   cuts  Cycl  Fail
 ----  ------ ---- ------ ---------- --------- ------ --------- --------- --------- ---------- ----- ---- ----- -----
 2481  1.000    1  923.0  2028.07.12   15,1,2  -3.e-9   15,1,5  -14e-5(o)   15,1,5  2.2e-5( 5) 26e-3    4   1.0    0
 2482  1.000    1  924.0  2028.07.13   15,1,2  -3.e-9   15,1,5  -14e-5(o)   15,1,5  2.2e-5( 5) 26e-3    4   1.0    0
 2483  1.000    1  925.0  2028.07.14   15,1,2  -3.e-9   15,1,5  1.4e-4(g)   15,1,5  2.2e-5( 5) 26e-3    4   1.0    0
 2484  1.000    1  926.0  2028.07.15   15,1,2  -3.e-9   15,1,5  -14e-5(o)   15,1,5  2.2e-5( 5) 26e-3    4   1.0    0
 2485  1.000    1  927.0  2028.07.16   15,1,2  -3.e-9   15,1,5  -14e-5(o)   15,1,5  2.2e-5( 5) 26e-3    4   1.0    0
 2486  1.000    1  928.0  2028.07.17   15,1,2  -2.e-9   15,1,5  -14e-5(o)   15,1,5  2.2e-5( 5) 26e-3    4   1.0    0
 2487  1.000    1  929.0  2028.07.18   15,1,2  -2.e-9   15,1,5  1.4e-4(g)   15,1,5  2.2e-5( 5) 26e-3    4   1.0    0
 2488w 1.000    1  930.0  2028.07.19   15,1,2  -2.e-9   15,1,5  1.4e-4(g)   15,1,5  2.2e-5( 5) 26e-3    4   1.0    0
 2489  1.000    1  931.0  2028.07.20   15,1,2  -2.e-9   15,1,5  -14e-5(o)   15,1,5  2.2e-5( 5) 26e-3    4   1.0    0
 2490  1.000    1  932.0  2028.07.21   15,1,2  -2.e-9   15,1,5  -14e-5(o)   15,1,5  2.2e-5( 5) 26e-3    4   1.0    0
 2491  1.000    1  933.0  2028.07.22   15,1,2  -2.e-9   15,1,5  -14e-5(o)   15,1,5  2.2e-5( 5) 26e-3    4   1.0    0
 2492  1.000    1  934.0  2028.07.23   15,1,2  -2.e-9   15,1,5  1.4e-4(g)   15,1,5  2.2e-5( 5) 26e-3    4   1.0    0
 2493  1.000    1  935.0  2028.07.24   15,1,2  -2.e-9   15,1,5  1.4e-4(g)   15,1,5  2.2e-5( 5) 26e-3    4   1.0    0
 2494  1.000    1  936.0  2028.07.25   15,1,2  -2.e-9   15,1,5  -14e-5(o)   15,1,5  2.2e-5( 5) 26e-3    4   1.0    0
 2495  1.000    1  937.0  2028.07.26   15,1,2  -2.e-9   15,1,5  1.4e-4(g)   15,1,5  2.2e-5( 5) 26e-3    4   1.0    0
 2496  1.000    1  938.0  2028.07.27   15,1,2  -2.e-9   15,1,5  -14e-5(o)   15,1,5  2.2e-5( 5) 26e-3    4   1.0    0
 2497  1.000    1  939.0  2028.07.28   15,1,2  -2.e-9   15,1,5  1.4e-4(g)   15,1,5  2.2e-5( 5) 26e-3    4   1.0    0
 2498  1.000    1  940.0  2028.07.29   15,1,2  -2.e-9   15,1,5  -14e-5(o)   15,1,5  2.2e-5( 5) 26e-3    4   1.0    0
 2499  1.000    1  941.0  2028.07.30   15,1,2  -2.e-9   15,1,5  1.4e-4(g)   15,1,5  2.2e-5( 5) 26e-3    4   1.0    0
 2500  1.000    1  942.0  2028.07.31   15,1,2  -1.e-9   15,1,5  1.4e-4(g)   15,1,5  2.2e-5( 5) 26e-3    4   1.0    0
1

                                     G E M   T I M E   S T E P   S U M M A R Y
                                               sanwei 30cm shale CO2
 ====================================================================================================================
     Time Step            Time                            Maximum Changes                       Mat  Cum    Solver
 ----------------- ----------------- ---------------------------------------------------------  Bal  time -----------
       Size Newton                        Pressure         Saturation         Composition       Err  step Iter/   Cum
 No.   days  cycls  Days     Date      Block     kpa     Block   Fraction   Block    Fraction    %   cuts  Cycl  Fail
 ----  ------ ---- ------ ---------- --------- ------ --------- --------- --------- ---------- ----- ---- ----- -----
 2501  1.000    1  943.0  2028.08.01   15,1,2  -1.e-9   15,1,5  1.4e-4(g)   15,1,5  2.2e-5( 5) 26e-3    4   1.0    0
 2502  1.000    1  944.0  2028.08.02   15,1,2  -1.e-9   15,1,5  -14e-5(o)   15,1,5  2.2e-5( 5) 26e-3    4   1.0    0
 2503  1.000    1  945.0  2028.08.03   15,1,2  -1.e-9   15,1,5  -14e-5(o)   15,1,5  2.2e-5( 5) 26e-3    4   1.0    0
 2504  1.000    1  946.0  2028.08.04   15,1,2  -1.e-9   15,1,5  1.4e-4(g)   15,1,5  2.2e-5( 5) 26e-3    4   1.0    0
 2505  1.000    1  947.0  2028.08.05   15,1,2  -1.e-9   15,1,5  -14e-5(o)   15,1,5  2.2e-5( 5) 26e-3    4   1.0    0
 2506  1.000    1  948.0  2028.08.06   15,1,2  -1.e-9   15,1,5  1.4e-4(g)   15,1,5  2.2e-5( 5) 26e-3    4   1.0    0
 2507  1.000    1  949.0  2028.08.07   15,1,2  -1.e-9   15,1,5  -14e-5(o)   15,1,5  2.2e-5( 5) 26e-3    4   1.0    0
 2508  1.000    1  950.0  2028.08.08   15,1,2  -1.e-9   15,1,5  -14e-5(o)   15,1,5  2.2e-5( 5) 26e-3    4   1.0    0
 2509  1.000    1  951.0  2028.08.09   15,1,2  -1.e-9   15,1,5  1.4e-4(g)   15,1,5  2.2e-5( 5) 26e-3    4   1.0    0
 2510  1.000    1  952.0  2028.08.10   15,1,2  -1.e-9   15,1,5  -14e-5(o)   15,1,5  2.2e-5( 5) 26e-3    4   1.0    0
 2511  1.000    1  953.0  2028.08.11   15,1,2  -1.e-9   15,1,5  1.4e-4(g)   15,1,5  2.2e-5( 5) 26e-3    4   1.0    0
 2512  1.000    1  954.0  2028.08.12   15,1,2  -1.e-9   15,1,5  1.4e-4(g)   15,1,5  2.2e-5( 5) 26e-3    4   1.0    0
 2513  1.000    1  955.0  2028.08.13   15,1,2  -1.e-9   15,1,5  -14e-5(o)   15,1,5  2.2e-5( 5) 26e-3    4   1.0    0
 2514  1.000    1  956.0  2028.08.14   15,1,2  -1.e-9   15,1,5  1.4e-4(g)   15,1,5  2.2e-5( 5) 26e-3    4   1.0    0
 2515  1.000    1  957.0  2028.08.15   15,1,2  -1.e-9   15,1,5  -14e-5(o)   15,1,5  2.2e-5( 5) 26e-3    4   1.0    0
 2516  1.000    1  958.0  2028.08.16   15,1,2  -1.e-9   15,1,5  -14e-5(o)   15,1,5  2.2e-5( 5) 26e-3    4   1.0    0
 2517  1.000    1  959.0  2028.08.17   15,1,2  -1.e-9   15,1,5  -14e-5(o)   15,1,5  2.2e-5( 5) 26e-3    4   1.0    0
 2518w 1.000    1  960.0  2028.08.18   15,1,2  -1.e-9   15,1,5  1.4e-4(g)   15,1,5  2.2e-5( 5) 26e-3    4   1.0    0
 2519  1.000    1  961.0  2028.08.19   15,1,2  -1.e-9   15,1,5  -14e-5(o)   15,1,5  2.2e-5( 5) 26e-3    4   1.0    0
 2520  1.000    1  962.0  2028.08.20   15,1,2  -1.e-9   15,1,5  1.4e-4(g)   15,1,5  2.2e-5( 5) 26e-3    4   1.0    0
1

                                     G E M   T I M E   S T E P   S U M M A R Y
                                               sanwei 30cm shale CO2
 ====================================================================================================================
     Time Step            Time                            Maximum Changes                       Mat  Cum    Solver
 ----------------- ----------------- ---------------------------------------------------------  Bal  time -----------
       Size Newton                        Pressure         Saturation         Composition       Err  step Iter/   Cum
 No.   days  cycls  Days     Date      Block     kpa     Block   Fraction   Block    Fraction    %   cuts  Cycl  Fail
 ----  ------ ---- ------ ---------- --------- ------ --------- --------- --------- ---------- ----- ---- ----- -----
 2521  1.000    1  963.0  2028.08.21   15,1,2  -1.e-9   15,1,5  -14e-5(o)   15,1,5  2.2e-5( 5) 26e-3    4   1.0    0
 2522  1.000    1  964.0  2028.08.22   15,1,2  -1.e-9   15,1,5  1.4e-4(g)   15,1,5  2.2e-5( 5) 26e-3    4   1.0    0
 2523  1.000    1  965.0  2028.08.23   15,1,2  -1.e-9   15,1,5  -14e-5(o)   15,1,5  2.2e-5( 5) 26e-3    4   1.0    0
 2524  1.000    1  966.0  2028.08.24   15,1,2  -1.e-9   15,1,5  1.4e-4(g)   15,1,5  2.2e-5( 5) 26e-3    4   1.0    0
 2525  1.000    1  967.0  2028.08.25   15,1,2  -1.e-9   15,1,5  -14e-5(o)   15,1,5  2.2e-5( 5) 26e-3    4   1.0    0
 2526  1.000    1  968.0  2028.08.26   15,1,2  -1.e-9   15,1,5  1.4e-4(g)   15,1,5  2.2e-5( 5) 26e-3    4   1.0    0
 2527  1.000    1  969.0  2028.08.27   15,1,2  -1.e-9   15,1,5  -14e-5(o)   15,1,5  2.2e-5( 5) 26e-3    4   1.0    0
 2528  1.000    1  970.0  2028.08.28   15,1,2  -1.e-9   15,1,5  1.4e-4(g)   15,1,5  2.2e-5( 5) 26e-3    4   1.0    0
 2529  1.000    1  971.0  2028.08.29   15,1,2  -1.e-9   15,1,5  -14e-5(o)   15,1,5  2.2e-5( 5) 26e-3    4   1.0    0
 2530  1.000    1  972.0  2028.08.30   15,1,2  -1.e-9   15,1,5  -14e-5(o)   15,1,5  2.2e-5( 5) 26e-3    4   1.0    0
 2531  1.000    1  973.0  2028.08.31   15,1,2  -1.e-9   15,1,5  1.4e-4(g)   15,1,5  2.2e-5( 5) 26e-3    4   1.0    0
 2532  1.000    1  974.0  2028.09.01   15,1,2  -1.e-9   15,1,5  1.4e-4(g)   15,1,5  2.2e-5( 5) 26e-3    4   1.0    0
 2533  1.000    1  975.0  2028.09.02   15,1,2  -1.e-9   15,1,5  1.4e-4(g)   15,1,5  2.2e-5( 5) 26e-3    4   1.0    0
 2534  1.000    1  976.0  2028.09.03   15,1,2    0      15,1,5  1.4e-4(g)   15,1,5  2.2e-5( 5) 26e-3    4   1.0    0
 2535  1.000    1  977.0  2028.09.04   15,1,2    0      15,1,5  -14e-5(o)   15,1,5  2.2e-5( 5) 26e-3    4   1.0    0
 2536  1.000    1  978.0  2028.09.05   15,1,2    0      15,1,5  -14e-5(o)   15,1,5  2.2e-5( 5) 26e-3    4   1.0    0
 2537  1.000    1  979.0  2028.09.06   15,1,2    0      15,1,5  1.4e-4(g)   15,1,5  2.2e-5( 5) 26e-3    4   1.0    0
 2538  1.000    1  980.0  2028.09.07   15,1,2    0      15,1,5  1.4e-4(g)   15,1,5  2.2e-5( 5) 26e-3    4   1.0    0
 2539  1.000    1  981.0  2028.09.08   15,1,2    0      15,1,5  1.4e-4(g)   15,1,5  2.2e-5( 5) 26e-3    4   1.0    0
 2540  1.000    1  982.0  2028.09.09   15,1,2    0      15,1,5  -14e-5(o)   15,1,5  2.2e-5( 5) 26e-3    4   1.0    0
1

                                     G E M   T I M E   S T E P   S U M M A R Y
                                               sanwei 30cm shale CO2
 ====================================================================================================================
     Time Step            Time                            Maximum Changes                       Mat  Cum    Solver
 ----------------- ----------------- ---------------------------------------------------------  Bal  time -----------
       Size Newton                        Pressure         Saturation         Composition       Err  step Iter/   Cum
 No.   days  cycls  Days     Date      Block     kpa     Block   Fraction   Block    Fraction    %   cuts  Cycl  Fail
 ----  ------ ---- ------ ---------- --------- ------ --------- --------- --------- ---------- ----- ---- ----- -----
 2541  1.000    1  983.0  2028.09.10   15,1,2    0      15,1,5  -14e-5(o)   15,1,5  2.2e-5( 5) 26e-3    4   1.0    0
 2542  1.000    1  984.0  2028.09.11   15,1,2    0      15,1,5  -14e-5(o)   15,1,5  2.2e-5( 5) 26e-3    4   1.0    0
 2543  1.000    1  985.0  2028.09.12   15,1,2    0      15,1,5  -14e-5(o)   15,1,5  2.2e-5( 5) 26e-3    4   1.0    0
 2544  1.000    1  986.0  2028.09.13   15,1,2    0      15,1,5  -14e-5(o)   15,1,5  2.2e-5( 5) 26e-3    4   1.0    0
 2545  1.000    1  987.0  2028.09.14   15,1,2    0      15,1,5  1.4e-4(g)   15,1,5  2.2e-5( 5) 26e-3    4   1.0    0
 2546  1.000    1  988.0  2028.09.15   15,1,2    0      15,1,5  -14e-5(o)   15,1,5  2.2e-5( 5) 26e-3    4   1.0    0
 2547  1.000    1  989.0  2028.09.16   15,1,2    0      15,1,5  -14e-5(o)   15,1,5  2.2e-5( 5) 26e-3    4   1.0    0
 2548w 1.000    1  990.0  2028.09.17   15,1,2    0      15,1,5  1.4e-4(g)   15,1,5  2.2e-5( 5) 26e-3    4   1.0    0
 2549  1.000    1  991.0  2028.09.18   15,1,2    0      15,1,5  1.4e-4(g)   15,1,5  2.2e-5( 5) 26e-3    4   1.0    0
 2550  1.000    1  992.0  2028.09.19   15,1,2    0      15,1,5  1.4e-4(g)   15,1,5  2.2e-5( 5) 26e-3    4   1.0    0
 2551  1.000    1  993.0  2028.09.20   15,1,2    0      15,1,5  -14e-5(o)   15,1,5  2.2e-5( 5) 26e-3    4   1.0    0
 2552  1.000    1  994.0  2028.09.21   15,1,2    0      15,1,5  1.4e-4(g)   15,1,5  2.2e-5( 5) 26e-3    4   1.0    0
 2553  1.000    1  995.0  2028.09.22   15,1,2    0      15,1,5  -14e-5(o)   15,1,5  2.2e-5( 5) 26e-3    4   1.0    0
 2554  1.000    1  996.0  2028.09.23   15,1,2    0      15,1,5  -14e-5(o)   15,1,5  2.2e-5( 5) 26e-3    4   1.0    0
 2555  1.000    1  997.0  2028.09.24   15,1,2    0      15,1,5  1.4e-4(g)   15,1,5  2.2e-5( 5) 26e-3    4   1.0    0
 2556  1.000    1  998.0  2028.09.25   15,1,2    0      15,1,5  -14e-5(o)   15,1,5  2.2e-5( 5) 26e-3    4   1.0    0
 2557  1.000    1  999.0  2028.09.26   15,1,2    0      15,1,5  1.4e-4(g)   15,1,5  2.2e-5( 5) 26e-3    4   1.0    0
 2558  1.000    1  1000   2028.09.27   15,1,2    0      15,1,5  1.4e-4(g)   15,1,5  2.2e-5( 5) 26e-3    4   1.0    0
 2559  1.000    1  1001   2028.09.28   15,1,2    0      15,1,5  -14e-5(o)   15,1,5  2.2e-5( 5) 26e-3    4   1.0    0
 2560  1.000    1  1002   2028.09.29   15,1,2    0      15,1,5  -14e-5(o)   15,1,5  2.2e-5( 5) 26e-3    4   1.0    0
1

                                     G E M   T I M E   S T E P   S U M M A R Y
                                               sanwei 30cm shale CO2
 ====================================================================================================================
     Time Step            Time                            Maximum Changes                       Mat  Cum    Solver
 ----------------- ----------------- ---------------------------------------------------------  Bal  time -----------
       Size Newton                        Pressure         Saturation         Composition       Err  step Iter/   Cum
 No.   days  cycls  Days     Date      Block     kpa     Block   Fraction   Block    Fraction    %   cuts  Cycl  Fail
 ----  ------ ---- ------ ---------- --------- ------ --------- --------- --------- ---------- ----- ---- ----- -----
 2561  1.000    1  1003   2028.09.30   15,1,2    0      15,1,5  1.4e-4(g)   15,1,5  2.2e-5( 5) 26e-3    4   1.0    0
 2562  1.000    1  1004   2028.10.01   15,1,2    0      15,1,5  -14e-5(o)   15,1,5  2.2e-5( 5) 26e-3    4   1.0    0
 2563  1.000    1  1005   2028.10.02   15,1,2    0      15,1,5  -14e-5(o)   15,1,5  2.2e-5( 5) 26e-3    4   1.0    0
 2564  1.000    1  1006   2028.10.03   15,1,2    0      15,1,5  1.4e-4(g)   15,1,5  2.2e-5( 5) 26e-3    4   1.0    0
 2565  1.000    1  1007   2028.10.04   15,1,2    0      15,1,5  1.4e-4(g)   15,1,5  2.2e-5( 5) 26e-3    4   1.0    0
 2566  1.000    1  1008   2028.10.05   15,1,2    0      15,1,5  1.4e-4(g)   15,1,5  2.2e-5( 5) 26e-3    4   1.0    0
 2567  1.000    1  1009   2028.10.06   15,1,2    0      15,1,5  -14e-5(o)   15,1,5  2.2e-5( 5) 26e-3    4   1.0    0
 2568  1.000    1  1010   2028.10.07   15,1,2    0      15,1,5  -14e-5(o)   15,1,5  2.2e-5( 5) 26e-3    4   1.0    0
 2569  1.000    1  1011   2028.10.08   15,1,2    0      15,1,5  -14e-5(o)   15,1,5  2.2e-5( 5) 26e-3    4   1.0    0
 2570  1.000    1  1012   2028.10.09   15,1,2    0      15,1,5  1.4e-4(g)   15,1,5  2.2e-5( 5) 26e-3    4   1.0    0
 2571  1.000    1  1013   2028.10.10   15,1,2    0      15,1,5  1.4e-4(g)   15,1,5  2.2e-5( 5) 26e-3    4   1.0    0
 2572  1.000    1  1014   2028.10.11   15,1,2    0      15,1,5  -14e-5(o)   15,1,5  2.2e-5( 5) 26e-3    4   1.0    0
 2573  1.000    1  1015   2028.10.12   15,1,2    0      15,1,5  1.4e-4(g)   15,1,5  2.2e-5( 5) 26e-3    4   1.0    0
 2574  1.000    1  1016   2028.10.13   15,1,2    0      15,1,5  -14e-5(o)   15,1,5  2.2e-5( 5) 26e-3    4   1.0    0
 2575  1.000    1  1017   2028.10.14   15,1,2    0      15,1,5  -14e-5(o)   15,1,5  2.2e-5( 5) 26e-3    4   1.0    0
 2576  1.000    1  1018   2028.10.15   15,1,2    0      15,1,5  1.4e-4(g)   15,1,5  2.2e-5( 5) 26e-3    4   1.0    0
 2577  1.000    1  1019   2028.10.16   15,1,2    0      15,1,5  1.4e-4(g)   15,1,5  2.2e-5( 5) 26e-3    4   1.0    0
 2578w 1.000    1  1020   2028.10.17   15,1,2    0      15,1,5  -14e-5(o)   15,1,5  2.2e-5( 5) 26e-3    4   1.0    0
 2579  1.000    1  1021   2028.10.18   15,1,2    0      15,1,5  -14e-5(o)   15,1,5  2.2e-5( 5) 26e-3    4   1.0    0
 2580  1.000    1  1022   2028.10.19   15,1,2    0      15,1,5  1.4e-4(g)   15,1,5  2.2e-5( 5) 26e-3    4   1.0    0
1

                                     G E M   T I M E   S T E P   S U M M A R Y
                                               sanwei 30cm shale CO2
 ====================================================================================================================
     Time Step            Time                            Maximum Changes                       Mat  Cum    Solver
 ----------------- ----------------- ---------------------------------------------------------  Bal  time -----------
       Size Newton                        Pressure         Saturation         Composition       Err  step Iter/   Cum
 No.   days  cycls  Days     Date      Block     kpa     Block   Fraction   Block    Fraction    %   cuts  Cycl  Fail
 ----  ------ ---- ------ ---------- --------- ------ --------- --------- --------- ---------- ----- ---- ----- -----
 2581  1.000    1  1023   2028.10.20   15,1,2    0      15,1,5  -14e-5(o)   15,1,5  2.2e-5( 5) 26e-3    4   1.0    0
 2582  1.000    1  1024   2028.10.21   15,1,2    0      15,1,5  1.4e-4(g)   15,1,5  2.2e-5( 5) 26e-3    4   1.0    0
 2583  1.000    1  1025   2028.10.22   15,1,2    0      15,1,5  -14e-5(o)   15,1,5  2.2e-5( 5) 26e-3    4   1.0    0
 2584  1.000    1  1026   2028.10.23   15,1,2    0      15,1,5  -14e-5(o)   15,1,5  2.2e-5( 5) 26e-3    4   1.0    0
 2585  1.000    1  1027   2028.10.24   15,1,2    0      15,1,5  1.4e-4(g)   15,1,5  2.2e-5( 5) 26e-3    4   1.0    0
 2586  1.000    1  1028   2028.10.25   15,1,2    0      15,1,5  -14e-5(o)   15,1,5  2.2e-5( 5) 26e-3    4   1.0    0
 2587  1.000    1  1029   2028.10.26   15,1,2    0      15,1,5  1.4e-4(g)   15,1,5  2.2e-5( 5) 26e-3    4   1.0    0
 2588  1.000    1  1030   2028.10.27   15,1,2    0      15,1,5  -14e-5(o)   15,1,5  2.2e-5( 5) 26e-3    4   1.0    0
 2589  1.000    1  1031   2028.10.28   15,1,2    0      15,1,5  1.4e-4(g)   15,1,5  2.2e-5( 5) 26e-3    4   1.0    0
 2590  1.000    1  1032   2028.10.29   15,1,2    0      15,1,5  1.4e-4(g)   15,1,5  2.2e-5( 5) 26e-3    4   1.0    0
 2591  1.000    1  1033   2028.10.30   15,1,2    0      15,1,5  -14e-5(o)   15,1,5  2.2e-5( 5) 26e-3    4   1.0    0
 2592  1.000    1  1034   2028.10.31   15,1,2    0      15,1,5  1.4e-4(g)   15,1,5  2.2e-5( 5) 26e-3    4   1.0    0
 2593  1.000    1  1035   2028.11.01   15,1,2    0      15,1,5  -14e-5(o)   15,1,5  2.2e-5( 5) 26e-3    4   1.0    0
 2594  1.000    1  1036   2028.11.02   15,1,2    0      15,1,5  1.4e-4(g)   15,1,5  2.2e-5( 5) 26e-3    4   1.0    0
 2595  1.000    1  1037   2028.11.03   15,1,2    0      15,1,5  -14e-5(o)   15,1,5  2.2e-5( 5) 26e-3    4   1.0    0
 2596  1.000    1  1038   2028.11.04   15,1,2    0      15,1,5  1.4e-4(g)   15,1,5  2.2e-5( 5) 26e-3    4   1.0    0
 2597  1.000    1  1039   2028.11.05   15,1,2    0      15,1,5  -14e-5(o)   15,1,5  2.2e-5( 5) 26e-3    4   1.0    0
 2598  1.000    1  1040   2028.11.06   15,1,2    0      15,1,5  -14e-5(o)   15,1,5  2.2e-5( 5) 26e-3    4   1.0    0
 2599  1.000    1  1041   2028.11.07   15,1,2    0      15,1,5  -14e-5(o)   15,1,5  2.2e-5( 5) 26e-3    4   1.0    0
 2600  1.000    1  1042   2028.11.08   15,1,2    0      15,1,5  -14e-5(o)   15,1,5  2.2e-5( 5) 26e-3    4   1.0    0
1

                                     G E M   T I M E   S T E P   S U M M A R Y
                                               sanwei 30cm shale CO2
 ====================================================================================================================
     Time Step            Time                            Maximum Changes                       Mat  Cum    Solver
 ----------------- ----------------- ---------------------------------------------------------  Bal  time -----------
       Size Newton                        Pressure         Saturation         Composition       Err  step Iter/   Cum
 No.   days  cycls  Days     Date      Block     kpa     Block   Fraction   Block    Fraction    %   cuts  Cycl  Fail
 ----  ------ ---- ------ ---------- --------- ------ --------- --------- --------- ---------- ----- ---- ----- -----
 2601  1.000    1  1043   2028.11.09   15,1,2    0      15,1,5  1.4e-4(g)   15,1,5  2.2e-5( 5) 26e-3    4   1.0    0
 2602  1.000    1  1044   2028.11.10   15,1,2    0      15,1,5  1.4e-4(g)   15,1,5  2.2e-5( 5) 26e-3    4   1.0    0
 2603  1.000    1  1045   2028.11.11   15,1,2    0      15,1,5  -14e-5(o)   15,1,5  2.2e-5( 5) 26e-3    4   1.0    0
 2604  1.000    1  1046   2028.11.12   15,1,2    0      15,1,5  1.4e-4(g)   15,1,5  2.2e-5( 5) 26e-3    4   1.0    0
 2605  1.000    1  1047   2028.11.13   15,1,2    0      15,1,5  -14e-5(o)   15,1,5  2.2e-5( 5) 26e-3    4   1.0    0
 2606  1.000    1  1048   2028.11.14   15,1,2    0      15,1,5  -14e-5(o)   15,1,5  2.2e-5( 5) 26e-3    4   1.0    0
 2607  1.000    1  1049   2028.11.15   15,1,2    0      15,1,5  -14e-5(o)   15,1,5  2.2e-5( 5) 26e-3    4   1.0    0
 2608w 1.000    1  1050   2028.11.16   15,1,2    0      15,1,5  1.4e-4(g)   15,1,5  2.2e-5( 5) 26e-3    4   1.0    0
 2609  1.000    1  1051   2028.11.17   15,1,2    0      15,1,5  -14e-5(o)   15,1,5  2.2e-5( 5) 26e-3    4   1.0    0
 2610  1.000    1  1052   2028.11.18   15,1,2    0      15,1,5  1.4e-4(g)   15,1,5  2.2e-5( 5) 26e-3    4   1.0    0
 2611  1.000    1  1053   2028.11.19   15,1,2    0      15,1,5  1.4e-4(g)   15,1,5  2.2e-5( 5) 26e-3    4   1.0    0
 2612  1.000    1  1054   2028.11.20   15,1,2    0      15,1,5  -14e-5(o)   15,1,5  2.2e-5( 5) 26e-3    4   1.0    0
 2613  1.000    1  1055   2028.11.21   15,1,2    0      15,1,5  -14e-5(o)   15,1,5  2.2e-5( 5) 26e-3    4   1.0    0
 2614  1.000    1  1056   2028.11.22   15,1,2    0      15,1,5  1.4e-4(g)   15,1,5  2.2e-5( 5) 26e-3    4   1.0    0
 2615  1.000    1  1057   2028.11.23   15,1,2    0      15,1,5  -14e-5(o)   15,1,5  2.2e-5( 5) 26e-3    4   1.0    0
 2616  1.000    1  1058   2028.11.24   15,1,2    0      15,1,5  1.4e-4(g)   15,1,5  2.2e-5( 5) 26e-3    4   1.0    0
 2617  1.000    1  1059   2028.11.25   15,1,2    0      15,1,5  -14e-5(o)   15,1,5  2.2e-5( 5) 26e-3    4   1.0    0
 2618  1.000    1  1060   2028.11.26   15,1,2    0      15,1,5  1.4e-4(g)   15,1,5  2.2e-5( 5) 26e-3    4   1.0    0
 2619  1.000    1  1061   2028.11.27   15,1,2    0      15,1,5  1.4e-4(g)   15,1,5  2.2e-5( 5) 26e-3    4   1.0    0
 2620  1.000    1  1062   2028.11.28   15,1,2    0      15,1,5  -14e-5(o)   15,1,5  2.2e-5( 5) 26e-3    4   1.0    0
1

                                     G E M   T I M E   S T E P   S U M M A R Y
                                               sanwei 30cm shale CO2
 ====================================================================================================================
     Time Step            Time                            Maximum Changes                       Mat  Cum    Solver
 ----------------- ----------------- ---------------------------------------------------------  Bal  time -----------
       Size Newton                        Pressure         Saturation         Composition       Err  step Iter/   Cum
 No.   days  cycls  Days     Date      Block     kpa     Block   Fraction   Block    Fraction    %   cuts  Cycl  Fail
 ----  ------ ---- ------ ---------- --------- ------ --------- --------- --------- ---------- ----- ---- ----- -----
 2621  1.000    1  1063   2028.11.29   15,1,2    0      15,1,5  1.4e-4(g)   15,1,5  2.2e-5( 5) 26e-3    4   1.0    0
 2622  1.000    1  1064   2028.11.30   15,1,2    0      15,1,5  -14e-5(o)   15,1,5  2.2e-5( 5) 26e-3    4   1.0    0
 2623  1.000    1  1065   2028.12.01   15,1,2    0      15,1,5  -14e-5(o)   15,1,5  2.2e-5( 5) 26e-3    4   1.0    0
 2624  1.000    1  1066   2028.12.02   15,1,2    0      15,1,5  1.4e-4(g)   15,1,5  2.2e-5( 5) 26e-3    4   1.0    0
 2625  1.000    1  1067   2028.12.03   15,1,2    0      15,1,5  -14e-5(o)   15,1,5  2.2e-5( 5) 26e-3    4   1.0    0
 2626  1.000    1  1068   2028.12.04   15,1,2    0      15,1,5  -14e-5(o)   15,1,5  2.2e-5( 5) 26e-3    4   1.0    0
 2627  1.000    1  1069   2028.12.05   15,1,2    0      15,1,5  -14e-5(o)   15,1,5  2.2e-5( 5) 26e-3    4   1.0    0
 2628  1.000    1  1070   2028.12.06   15,1,2    0      15,1,5  1.4e-4(g)   15,1,5  2.2e-5( 5) 26e-3    4   1.0    0
 2629  1.000    1  1071   2028.12.07   15,1,2    0      15,1,5  -14e-5(o)   15,1,5  2.2e-5( 5) 26e-3    4   1.0    0
 2630  1.000    1  1072   2028.12.08   15,1,2    0      15,1,5  1.4e-4(g)   15,1,5  2.2e-5( 5) 26e-3    4   1.0    0
 2631  1.000    1  1073   2028.12.09   15,1,2    0      15,1,5  1.4e-4(g)   15,1,5  2.2e-5( 5) 26e-3    4   1.0    0
 2632  1.000    1  1074   2028.12.10   15,1,2    0      15,1,5  -14e-5(o)   15,1,5  2.2e-5( 5) 26e-3    4   1.0    0
 2633  1.000    1  1075   2028.12.11   15,1,2    0      15,1,5  1.4e-4(g)   15,1,5  2.2e-5( 5) 26e-3    4   1.0    0
 2634  1.000    1  1076   2028.12.12   15,1,2    0      15,1,5  1.4e-4(g)   15,1,5  2.2e-5( 5) 26e-3    4   1.0    0
 2635  1.000    1  1077   2028.12.13   15,1,2    0      15,1,5  -14e-5(o)   15,1,5  2.2e-5( 5) 26e-3    4   1.0    0
 2636  1.000    1  1078   2028.12.14   15,1,2    0      15,1,5  1.4e-4(g)   15,1,5  2.2e-5( 5) 26e-3    4   1.0    0
 2637  1.000    1  1079   2028.12.15   15,1,2    0      15,1,5  -14e-5(o)   15,1,5  2.2e-5( 5) 26e-3    4   1.0    0
 2638w 1.000    1  1080   2028.12.16   15,1,2    0      15,1,5  -14e-5(o)   15,1,5  2.2e-5( 5) 26e-3    4   1.0    0
 2639  1.000    1  1081   2028.12.17   15,1,2    0      15,1,5  1.4e-4(g)   15,1,5  2.2e-5( 5) 26e-3    4   1.0    0
 2640  1.000    1  1082   2028.12.18   15,1,2    0      15,1,5  -14e-5(o)   15,1,5  2.2e-5( 5) 26e-3    4   1.0    0
1

                                     G E M   T I M E   S T E P   S U M M A R Y
                                               sanwei 30cm shale CO2
 ====================================================================================================================
     Time Step            Time                            Maximum Changes                       Mat  Cum    Solver
 ----------------- ----------------- ---------------------------------------------------------  Bal  time -----------
       Size Newton                        Pressure         Saturation         Composition       Err  step Iter/   Cum
 No.   days  cycls  Days     Date      Block     kpa     Block   Fraction   Block    Fraction    %   cuts  Cycl  Fail
 ----  ------ ---- ------ ---------- --------- ------ --------- --------- --------- ---------- ----- ---- ----- -----
 2641  1.000    1  1083   2028.12.19   15,1,2    0      15,1,5  1.4e-4(g)   15,1,5  2.2e-5( 5) 26e-3    4   1.0    0
 2642  1.000    1  1084   2028.12.20   15,1,2    0      15,1,5  -14e-5(o)   15,1,5  2.2e-5( 5) 26e-3    4   1.0    0
 2643  1.000    1  1085   2028.12.21   15,1,2    0      15,1,5  1.4e-4(g)   15,1,5  2.2e-5( 5) 26e-3    4   1.0    0
 2644  1.000    1  1086   2028.12.22   15,1,2    0      15,1,5  -14e-5(o)   15,1,5  2.2e-5( 5) 26e-3    4   1.0    0
 2645  1.000    1  1087   2028.12.23   15,1,2    0      15,1,5  -14e-5(o)   15,1,5  2.2e-5( 5) 26e-3    4   1.0    0
 2646  1.000    1  1088   2028.12.24   15,1,5    0      15,1,5  1.4e-4(g)   15,1,5  2.2e-5( 5) 26e-3    4   1.0    0
 2647  1.000    1  1089   2028.12.25   15,1,5    0      15,1,5  1.4e-4(g)   15,1,5  2.2e-5( 5) 26e-3    4   1.0    0
 2648  1.000    1  1090   2028.12.26   15,1,2    0      15,1,5  -14e-5(o)   15,1,5  2.2e-5( 5) 26e-3    4   1.0    0
 2649  1.000    1  1091   2028.12.27   15,1,2    0      15,1,5  1.4e-4(g)   15,1,5  2.2e-5( 5) 26e-3    4   1.0    0
 2650  1.000    1  1092   2028.12.28   15,1,2    0      15,1,5  -14e-5(o)   15,1,5  2.2e-5( 5) 26e-3    4   1.0    0
 2651  1.000    1  1093   2028.12.29   15,1,2    0      15,1,5  -14e-5(o)   15,1,5  2.2e-5( 5) 26e-3    4   1.0    0
 2652  1.000    1  1094   2028.12.30   15,1,2    0      15,1,5  -14e-5(o)   15,1,5  2.2e-5( 5) 26e-3    4   1.0    0
 2653  1.000    1  1095   2028.12.31   15,1,2    0      15,1,5  1.4e-4(g)   15,1,5  2.2e-5( 5) 26e-3    4   1.0    0
 2654  1.000    1  1096   2029.01.01   15,1,2    0      15,1,5  1.4e-4(g)   15,1,5  2.2e-5( 5) 26e-3    4   1.0    0
 2655  1.000    1  1097   2029.01.02   15,1,2    0      15,1,5  -14e-5(o)   15,1,5  2.2e-5( 5) 26e-3    4   1.0    0
 2656  1.000    1  1098   2029.01.03   15,1,2    0      15,1,5  -14e-5(o)   15,1,5  2.2e-5( 5) 26e-3    4   1.0    0
 2657  1.000    1  1099   2029.01.04   15,1,2    0      15,1,5  1.4e-4(g)   15,1,5  2.2e-5( 5) 26e-3    4   1.0    0
 2658  1.000    1  1100   2029.01.05   15,1,2    0      15,1,5  -14e-5(o)   15,1,5  2.2e-5( 5) 26e-3    4   1.0    0
 2659  1.000    1  1101   2029.01.06   15,1,2    0      15,1,5  -14e-5(o)   15,1,5  2.2e-5( 5) 26e-3    4   1.0    0
 2660  1.000    1  1102   2029.01.07   15,1,2    0      15,1,5  1.4e-4(g)   15,1,5  2.2e-5( 5) 26e-3    4   1.0    0
1

                                     G E M   T I M E   S T E P   S U M M A R Y
                                               sanwei 30cm shale CO2
 ====================================================================================================================
     Time Step            Time                            Maximum Changes                       Mat  Cum    Solver
 ----------------- ----------------- ---------------------------------------------------------  Bal  time -----------
       Size Newton                        Pressure         Saturation         Composition       Err  step Iter/   Cum
 No.   days  cycls  Days     Date      Block     kpa     Block   Fraction   Block    Fraction    %   cuts  Cycl  Fail
 ----  ------ ---- ------ ---------- --------- ------ --------- --------- --------- ---------- ----- ---- ----- -----
 2661  1.000    1  1103   2029.01.08   15,1,2    0      15,1,5  1.4e-4(g)   15,1,5  2.2e-5( 5) 26e-3    4   1.0    0
 2662  1.000    1  1104   2029.01.09   15,1,2    0      15,1,5  -14e-5(o)   15,1,5  2.2e-5( 5) 26e-3    4   1.0    0
 2663  1.000    1  1105   2029.01.10   15,1,2    0      15,1,5  1.4e-4(g)   15,1,5  2.2e-5( 5) 26e-3    4   1.0    0
 2664  1.000    1  1106   2029.01.11   15,1,2    0      15,1,5  -14e-5(o)   15,1,5  2.2e-5( 5) 26e-3    4   1.0    0
 2665  1.000    1  1107   2029.01.12   15,1,2    0      15,1,5  1.4e-4(g)   15,1,5  2.2e-5( 5) 26e-3    4   1.0    0
 2666  1.000    1  1108   2029.01.13   15,1,2    0      15,1,5  -14e-5(o)   15,1,5  2.2e-5( 5) 26e-3    4   1.0    0
 2667  1.000    1  1109   2029.01.14   15,1,2    0      15,1,5  1.4e-4(g)   15,1,5  2.2e-5( 5) 26e-3    4   1.0    0
 2668w 1.000    1  1110   2029.01.15   15,1,2    0      15,1,5  -14e-5(o)   15,1,5  2.2e-5( 5) 26e-3    4   1.0    0
 2669  1.000    1  1111   2029.01.16   15,1,2    0      15,1,5  1.4e-4(g)   15,1,5  2.2e-5( 5) 26e-3    4   1.0    0
 2670  1.000    1  1112   2029.01.17   15,1,2    0      15,1,5  -14e-5(o)   15,1,5  2.2e-5( 5) 26e-3    4   1.0    0
 2671  1.000    1  1113   2029.01.18   15,1,2    0      15,1,5  -14e-5(o)   15,1,5  2.2e-5( 5) 26e-3    4   1.0    0
 2672  1.000    1  1114   2029.01.19   15,1,2    0      15,1,5  1.4e-4(g)   15,1,5  2.2e-5( 5) 26e-3    4   1.0    0
 2673  1.000    1  1115   2029.01.20   15,1,2    0      15,1,5  -14e-5(o)   15,1,5  2.2e-5( 5) 26e-3    4   1.0    0
 2674  1.000    1  1116   2029.01.21   15,1,2    0      15,1,5  1.4e-4(g)   15,1,5  2.2e-5( 5) 26e-3    4   1.0    0
 2675  1.000    1  1117   2029.01.22   15,1,2    0      15,1,5  -14e-5(o)   15,1,5  2.2e-5( 5) 26e-3    4   1.0    0
 2676  1.000    1  1118   2029.01.23   15,1,2    0      15,1,5  1.4e-4(g)   15,1,5  2.2e-5( 5) 26e-3    4   1.0    0
 2677  1.000    1  1119   2029.01.24   15,1,2    0      15,1,5  1.4e-4(g)   15,1,5  2.2e-5( 5) 26e-3    4   1.0    0
 2678  1.000    1  1120   2029.01.25   15,1,2    0      15,1,5  -14e-5(o)   15,1,5  2.2e-5( 5) 26e-3    4   1.0    0
 2679  1.000    1  1121   2029.01.26   15,1,2    0      15,1,5  1.4e-4(g)   15,1,5  2.2e-5( 5) 26e-3    4   1.0    0
 2680  1.000    1  1122   2029.01.27   15,1,2    0      15,1,5  -14e-5(o)   15,1,5  2.2e-5( 5) 26e-3    4   1.0    0
1

                                     G E M   T I M E   S T E P   S U M M A R Y
                                               sanwei 30cm shale CO2
 ====================================================================================================================
     Time Step            Time                            Maximum Changes                       Mat  Cum    Solver
 ----------------- ----------------- ---------------------------------------------------------  Bal  time -----------
       Size Newton                        Pressure         Saturation         Composition       Err  step Iter/   Cum
 No.   days  cycls  Days     Date      Block     kpa     Block   Fraction   Block    Fraction    %   cuts  Cycl  Fail
 ----  ------ ---- ------ ---------- --------- ------ --------- --------- --------- ---------- ----- ---- ----- -----
 2681  1.000    1  1123   2029.01.28   15,1,2    0      15,1,5  1.4e-4(g)   15,1,5  2.2e-5( 5) 26e-3    4   1.0    0
 2682  1.000    1  1124   2029.01.29   15,1,2    0      15,1,5  -14e-5(o)   15,1,5  2.1e-5( 5) 26e-3    4   1.0    0
 2683  1.000    1  1125   2029.01.30   15,1,2    0      15,1,5  1.4e-4(g)   15,1,5  2.1e-5( 5) 26e-3    4   1.0    0
 2684  1.000    1  1126   2029.01.31   15,1,2    0      15,1,5  -14e-5(o)   15,1,5  2.1e-5( 5) 26e-3    4   1.0    0
 2685  1.000    1  1127   2029.02.01   15,1,2    0      15,1,5  1.4e-4(g)   15,1,5  2.1e-5( 5) 26e-3    4   1.0    0
 2686  1.000    1  1128   2029.02.02   15,1,2    0      15,1,5  -14e-5(o)   15,1,5  2.1e-5( 5) 26e-3    4   1.0    0
 2687  1.000    1  1129   2029.02.03   15,1,2    0      15,1,5  1.4e-4(g)   15,1,5  2.1e-5( 5) 26e-3    4   1.0    0
 2688  1.000    1  1130   2029.02.04   15,1,2    0      15,1,5  1.4e-4(g)   15,1,5  2.1e-5( 5) 26e-3    4   1.0    0
 2689  1.000    1  1131   2029.02.05   15,1,2    0      15,1,5  1.4e-4(g)   15,1,5  2.1e-5( 5) 26e-3    4   1.0    0
 2690  1.000    1  1132   2029.02.06   15,1,2    0      15,1,5  -14e-5(o)   15,1,5  2.1e-5( 5) 26e-3    4   1.0    0
 2691  1.000    1  1133   2029.02.07   15,1,2    0      15,1,5  -14e-5(o)   15,1,5  2.1e-5( 5) 26e-3    4   1.0    0
 2692  1.000    1  1134   2029.02.08   15,1,2    0      15,1,5  1.4e-4(g)   15,1,5  2.1e-5( 5) 26e-3    4   1.0    0
 2693  1.000    1  1135   2029.02.09   15,1,2    0      15,1,5  -14e-5(o)   15,1,5  2.1e-5( 5) 26e-3    4   1.0    0
 2694  1.000    1  1136   2029.02.10   15,1,2    0      15,1,5  1.4e-4(g)   15,1,5  2.1e-5( 5) 26e-3    4   1.0    0
 2695  1.000    1  1137   2029.02.11   15,1,2    0      15,1,5  -14e-5(o)   15,1,5  2.1e-5( 5) 26e-3    4   1.0    0
 2696  1.000    1  1138   2029.02.12   15,1,2    0      15,1,5  1.4e-4(g)   15,1,5  2.1e-5( 5) 26e-3    4   1.0    0
 2697  1.000    1  1139   2029.02.13   15,1,2    0      15,1,5  -14e-5(o)   15,1,5  2.1e-5( 5) 26e-3    4   1.0    0
 2698w 1.000    1  1140   2029.02.14   15,1,2    0      15,1,5  1.4e-4(g)   15,1,5  2.1e-5( 5) 26e-3    4   1.0    0
 2699  1.000    1  1141   2029.02.15   15,1,2    0      15,1,5  -14e-5(o)   15,1,5  2.1e-5( 5) 26e-3    4   1.0    0
 2700  1.000    1  1142   2029.02.16   15,1,2    0      15,1,5  -14e-5(o)   15,1,5  2.1e-5( 5) 26e-3    4   1.0    0
1

                                     G E M   T I M E   S T E P   S U M M A R Y
                                               sanwei 30cm shale CO2
 ====================================================================================================================
     Time Step            Time                            Maximum Changes                       Mat  Cum    Solver
 ----------------- ----------------- ---------------------------------------------------------  Bal  time -----------
       Size Newton                        Pressure         Saturation         Composition       Err  step Iter/   Cum
 No.   days  cycls  Days     Date      Block     kpa     Block   Fraction   Block    Fraction    %   cuts  Cycl  Fail
 ----  ------ ---- ------ ---------- --------- ------ --------- --------- --------- ---------- ----- ---- ----- -----
 2701  1.000    1  1143   2029.02.17   15,1,2    0      15,1,5  1.4e-4(g)   15,1,5  2.1e-5( 5) 26e-3    4   1.0    0
 2702  1.000    1  1144   2029.02.18   15,1,2    0      15,1,5  1.4e-4(g)   15,1,5  2.1e-5( 5) 26e-3    4   1.0    0
 2703  1.000    1  1145   2029.02.19   15,1,2    0      15,1,5  1.4e-4(g)   15,1,5  2.1e-5( 5) 26e-3    4   1.0    0
 2704  1.000    1  1146   2029.02.20   15,1,2    0      15,1,5  -14e-5(o)   15,1,5  2.1e-5( 5) 26e-3    4   1.0    0
 2705  1.000    1  1147   2029.02.21   15,1,2    0      15,1,5  -14e-5(o)   15,1,5  2.1e-5( 5) 26e-3    4   1.0    0
 2706  1.000    1  1148   2029.02.22   15,1,2    0      15,1,5  1.4e-4(g)   15,1,5  2.1e-5( 5) 26e-3    4   1.0    0
 2707  1.000    1  1149   2029.02.23   15,1,2    0      15,1,5  1.4e-4(g)   15,1,5  2.1e-5( 5) 26e-3    4   1.0    0
 2708  1.000    1  1150   2029.02.24   15,1,2    0      15,1,5  1.4e-4(g)   15,1,5  2.1e-5( 5) 26e-3    4   1.0    0
 2709  1.000    1  1151   2029.02.25   15,1,2    0      15,1,5  1.4e-4(g)   15,1,5  2.1e-5( 5) 26e-3    4   1.0    0
 2710  1.000    1  1152   2029.02.26   15,1,2    0      15,1,5  1.4e-4(g)   15,1,5  2.1e-5( 5) 26e-3    4   1.0    0
 2711  1.000    1  1153   2029.02.27   15,1,2    0      15,1,5  -14e-5(o)   15,1,5  2.1e-5( 5) 26e-3    4   1.0    0
 2712  1.000    1  1154   2029.02.28   15,1,2    0      15,1,5  1.4e-4(g)   15,1,5  2.1e-5( 5) 26e-3    4   1.0    0
 2713  1.000    1  1155   2029.03.01   15,1,2    0      15,1,5  -14e-5(o)   15,1,5  -21e-6(14) 26e-3    4   1.0    0
 2714  1.000    1  1156   2029.03.02   15,1,2    0      15,1,5  -14e-5(o)   15,1,5  2.1e-5( 5) 26e-3    4   1.0    0
 2715  1.000    1  1157   2029.03.03   15,1,2    0      15,1,5  1.4e-4(g)   15,1,5  2.1e-5( 5) 26e-3    4   1.0    0
 2716  1.000    1  1158   2029.03.04   15,1,2    0      15,1,5  1.4e-4(g)   15,1,5  -21e-6(14) 26e-3    4   1.0    0
 2717  1.000    1  1159   2029.03.05   15,1,2    0      15,1,5  -14e-5(o)   15,1,5  2.1e-5( 5) 26e-3    4   1.0    0
 2718  1.000    1  1160   2029.03.06   15,1,2    0      15,1,5  -14e-5(o)   15,1,5  2.1e-5( 5) 26e-3    4   1.0    0
 2719  1.000    1  1161   2029.03.07   15,1,2    0      15,1,5  1.4e-4(g)   15,1,5  2.1e-5( 5) 26e-3    4   1.0    0
 2720  1.000    1  1162   2029.03.08   15,1,2    0      15,1,5  -14e-5(o)   15,1,5  2.1e-5( 5) 26e-3    4   1.0    0
1

                                     G E M   T I M E   S T E P   S U M M A R Y
                                               sanwei 30cm shale CO2
 ====================================================================================================================
     Time Step            Time                            Maximum Changes                       Mat  Cum    Solver
 ----------------- ----------------- ---------------------------------------------------------  Bal  time -----------
       Size Newton                        Pressure         Saturation         Composition       Err  step Iter/   Cum
 No.   days  cycls  Days     Date      Block     kpa     Block   Fraction   Block    Fraction    %   cuts  Cycl  Fail
 ----  ------ ---- ------ ---------- --------- ------ --------- --------- --------- ---------- ----- ---- ----- -----
 2721  1.000    1  1163   2029.03.09   15,1,2    0      15,1,5  1.4e-4(g)   15,1,5  2.1e-5( 5) 26e-3    4   1.0    0
 2722  1.000    1  1164   2029.03.10   15,1,2    0      15,1,5  -14e-5(o)   15,1,5  2.1e-5( 5) 26e-3    4   1.0    0
 2723  1.000    1  1165   2029.03.11   15,1,2    0      15,1,5  -14e-5(o)   15,1,5  2.1e-5( 5) 26e-3    4   1.0    0
 2724  1.000    1  1166   2029.03.12   15,1,2    0      15,1,5  1.4e-4(g)   15,1,5  2.1e-5( 5) 26e-3    4   1.0    0
 2725  1.000    1  1167   2029.03.13   15,1,2    0      15,1,5  1.4e-4(g)   15,1,5  2.1e-5( 5) 26e-3    4   1.0    0
 2726  1.000    1  1168   2029.03.14   15,1,2    0      15,1,5  -14e-5(o)   15,1,5  -21e-6(14) 26e-3    4   1.0    0
 2727  1.000    1  1169   2029.03.15   15,1,2    0      15,1,5  1.4e-4(g)   15,1,5  2.1e-5( 5) 26e-3    4   1.0    0
 2728w 1.000    1  1170   2029.03.16   15,1,2    0      15,1,5  -14e-5(o)   15,1,5  2.1e-5( 5) 26e-3    4   1.0    0
 2729  1.000    1  1171   2029.03.17   15,1,2    0      15,1,5  1.4e-4(g)   15,1,5  2.1e-5( 5) 26e-3    4   1.0    0
 2730  1.000    1  1172   2029.03.18   15,1,2    0      15,1,5  1.4e-4(g)   15,1,5  2.1e-5( 5) 26e-3    4   1.0    0
 2731  1.000    1  1173   2029.03.19   15,1,2    0      15,1,5  -14e-5(o)   15,1,5  2.1e-5( 5) 26e-3    4   1.0    0
 2732  1.000    1  1174   2029.03.20   15,1,2    0      15,1,5  1.4e-4(g)   15,1,5  2.1e-5( 5) 26e-3    4   1.0    0
 2733  1.000    1  1175   2029.03.21   15,1,5    0      15,1,5  -14e-5(o)   15,1,5  2.1e-5( 5) 26e-3    4   1.0    0
 2734  1.000    1  1176   2029.03.22   15,1,2    0      15,1,5  -14e-5(o)   15,1,5  2.1e-5( 5) 26e-3    4   1.0    0
 2735  1.000    1  1177   2029.03.23   15,1,2    0      15,1,5  1.4e-4(g)   15,1,5  2.1e-5( 5) 26e-3    4   1.0    0
 2736  1.000    1  1178   2029.03.24   15,1,2    0      15,1,5  1.4e-4(g)   15,1,5  2.1e-5( 5) 26e-3    4   1.0    0
 2737  1.000    1  1179   2029.03.25   15,1,2    0      15,1,5  -14e-5(o)   15,1,5  2.1e-5( 5) 26e-3    4   1.0    0
 2738  1.000    1  1180   2029.03.26   15,1,2    0      15,1,5  -14e-5(o)   15,1,5  2.1e-5( 5) 26e-3    4   1.0    0
 2739  1.000    1  1181   2029.03.27   15,1,2    0      15,1,5  1.4e-4(g)   15,1,5  2.1e-5( 5) 26e-3    4   1.0    0
 2740  1.000    1  1182   2029.03.28   15,1,2    0      15,1,5  -14e-5(o)   15,1,5  2.1e-5( 5) 26e-3    4   1.0    0
1

                                     G E M   T I M E   S T E P   S U M M A R Y
                                               sanwei 30cm shale CO2
 ====================================================================================================================
     Time Step            Time                            Maximum Changes                       Mat  Cum    Solver
 ----------------- ----------------- ---------------------------------------------------------  Bal  time -----------
       Size Newton                        Pressure         Saturation         Composition       Err  step Iter/   Cum
 No.   days  cycls  Days     Date      Block     kpa     Block   Fraction   Block    Fraction    %   cuts  Cycl  Fail
 ----  ------ ---- ------ ---------- --------- ------ --------- --------- --------- ---------- ----- ---- ----- -----
 2741  1.000    1  1183   2029.03.29   15,1,2    0      15,1,5  1.4e-4(g)   15,1,5  2.1e-5( 5) 26e-3    4   1.0    0
 2742  1.000    1  1184   2029.03.30   15,1,2    0      15,1,5  -14e-5(o)   15,1,5  2.1e-5( 5) 26e-3    4   1.0    0
 2743  1.000    1  1185   2029.03.31   15,1,2    0      15,1,5  -14e-5(o)   15,1,5  2.1e-5( 5) 26e-3    4   1.0    0
 2744  1.000    1  1186   2029.04.01   15,1,2    0      15,1,5  1.4e-4(g)   15,1,5  -21e-6(14) 26e-3    4   1.0    0
 2745  1.000    1  1187   2029.04.02   15,1,2    0      15,1,5  -14e-5(o)   15,1,5  2.1e-5( 5) 26e-3    4   1.0    0
 2746  1.000    1  1188   2029.04.03   15,1,2    0      15,1,5  -14e-5(o)   15,1,5  -21e-6(14) 26e-3    4   1.0    0
 2747  1.000    1  1189   2029.04.04   15,1,2    0      15,1,5  1.4e-4(g)   15,1,5  -21e-6(14) 26e-3    4   1.0    0
 2748  1.000    1  1190   2029.04.05   15,1,2    0      15,1,5  1.4e-4(g)   15,1,5  2.1e-5( 5) 26e-3    4   1.0    0
 2749  1.000    1  1191   2029.04.06   15,1,2    0      15,1,5  -14e-5(o)   15,1,5  2.1e-5( 5) 26e-3    4   1.0    0
 2750  1.000    1  1192   2029.04.07   15,1,5    0      15,1,5  1.4e-4(g)   15,1,5  2.1e-5( 5) 26e-3    4   1.0    0
 2751  1.000    1  1193   2029.04.08   15,1,2    0      15,1,5  -14e-5(o)   15,1,5  2.1e-5( 5) 26e-3    4   1.0    0
 2752  1.000    1  1194   2029.04.09   15,1,2    0      15,1,5  1.4e-4(g)   15,1,5  2.1e-5( 5) 26e-3    4   1.0    0
 2753  1.000    1  1195   2029.04.10   15,1,2    0      15,1,5  1.4e-4(g)   15,1,5  -21e-6(14) 26e-3    4   1.0    0
 2754  1.000    1  1196   2029.04.11   15,1,2    0      15,1,5  -14e-5(o)   15,1,5  2.1e-5( 5) 26e-3    4   1.0    0
 2755  1.000    1  1197   2029.04.12   15,1,5    0      15,1,5  1.4e-4(g)   15,1,5  -21e-6(14) 26e-3    4   1.0    0
 2756  1.000    1  1198   2029.04.13   15,1,5    0      15,1,5  -14e-5(o)   15,1,5  2.1e-5( 5) 26e-3    4   1.0    0
 2757  1.000    1  1199   2029.04.14   15,1,2    0      15,1,5  -14e-5(o)   15,1,5  2.1e-5( 5) 26e-3    4   1.0    0
 2758w 1.000    1  1200   2029.04.15   15,1,2    0      15,1,5  1.4e-4(g)   15,1,5  2.1e-5( 5) 26e-3    4   1.0    0
 2759  1.000    1  1201   2029.04.16   15,1,2    0      15,1,5  -14e-5(o)   15,1,5  -21e-6(14) 26e-3    4   1.0    0
 2760  1.000    1  1202   2029.04.17   15,1,5    0      15,1,5  1.4e-4(g)   15,1,5  -21e-6(14) 26e-3    4   1.0    0
1

                                     G E M   T I M E   S T E P   S U M M A R Y
                                               sanwei 30cm shale CO2
 ====================================================================================================================
     Time Step            Time                            Maximum Changes                       Mat  Cum    Solver
 ----------------- ----------------- ---------------------------------------------------------  Bal  time -----------
       Size Newton                        Pressure         Saturation         Composition       Err  step Iter/   Cum
 No.   days  cycls  Days     Date      Block     kpa     Block   Fraction   Block    Fraction    %   cuts  Cycl  Fail
 ----  ------ ---- ------ ---------- --------- ------ --------- --------- --------- ---------- ----- ---- ----- -----
 2761  1.000    1  1203   2029.04.18   15,1,2    0      15,1,5  -14e-5(o)   15,1,5  2.1e-5( 5) 26e-3    4   1.0    0
 2762  1.000    1  1204   2029.04.19   15,1,2    0      15,1,5  1.4e-4(g)   15,1,5  -21e-6(14) 26e-3    4   1.0    0
 2763  1.000    1  1205   2029.04.20   15,1,2    0      15,1,5  -14e-5(o)   15,1,5  2.1e-5( 5) 26e-3    4   1.0    0
 2764  1.000    1  1206   2029.04.21   15,1,2    0      15,1,5  1.4e-4(g)   15,1,5  -21e-6(14) 26e-3    4   1.0    0
 2765  1.000    1  1207   2029.04.22   15,1,5    0      15,1,5  -14e-5(o)   15,1,5  -21e-6(14) 26e-3    4   1.0    0
 2766  1.000    1  1208   2029.04.23   15,1,5    0      15,1,5  -14e-5(o)   15,1,5  2.1e-5( 5) 26e-3    4   1.0    0
 2767  1.000    1  1209   2029.04.24   15,1,5    0      15,1,5  1.4e-4(g)   15,1,5  -21e-6(14) 26e-3    4   1.0    0
 2768  1.000    1  1210   2029.04.25   15,1,2    0      15,1,5  -14e-5(o)   15,1,5  2.1e-5( 5) 26e-3    4   1.0    0
 2769  1.000    1  1211   2029.04.26   15,1,2    0      15,1,5  1.4e-4(g)   15,1,5  -21e-6(14) 26e-3    4   1.0    0
 2770  1.000    1  1212   2029.04.27   15,1,2    0      15,1,5  -14e-5(o)   15,1,5  2.1e-5( 5) 26e-3    4   1.0    0
 2771  1.000    1  1213   2029.04.28   15,1,2    0      15,1,5  1.4e-4(g)   15,1,5  -21e-6(14) 26e-3    4   1.0    0
 2772  1.000    1  1214   2029.04.29   15,1,2    0      15,1,5  1.4e-4(g)   15,1,5  2.1e-5( 5) 26e-3    4   1.0    0
 2773  1.000    1  1215   2029.04.30   15,1,2    0      15,1,5  -14e-5(o)   15,1,5  2.1e-5( 5) 26e-3    4   1.0    0
 2774  1.000    1  1216   2029.05.01   15,1,2    0      15,1,5  1.4e-4(g)   15,1,5  2.1e-5( 5) 26e-3    4   1.0    0
 2775  1.000    1  1217   2029.05.02   15,1,2    0      15,1,5  -14e-5(o)   15,1,5  -21e-6(14) 26e-3    4   1.0    0
 2776  1.000    1  1218   2029.05.03   15,1,2    0      15,1,5  1.4e-4(g)   15,1,5  -21e-6(14) 26e-3    4   1.0    0
 2777  1.000    1  1219   2029.05.04   15,1,2    0      15,1,5  -14e-5(o)   15,1,5  2.1e-5( 5) 26e-3    4   1.0    0
 2778  1.000    1  1220   2029.05.05   15,1,2    0      15,1,5  1.4e-4(g)   15,1,5  -21e-6(14) 26e-3    4   1.0    0
 2779  1.000    1  1221   2029.05.06   15,1,2    0      15,1,5  1.4e-4(g)   15,1,5  2.1e-5( 5) 26e-3    4   1.0    0
 2780  1.000    1  1222   2029.05.07   15,1,2    0      15,1,5  -14e-5(o)   15,1,5  -21e-6(14) 26e-3    4   1.0    0
1

                                     G E M   T I M E   S T E P   S U M M A R Y
                                               sanwei 30cm shale CO2
 ====================================================================================================================
     Time Step            Time                            Maximum Changes                       Mat  Cum    Solver
 ----------------- ----------------- ---------------------------------------------------------  Bal  time -----------
       Size Newton                        Pressure         Saturation         Composition       Err  step Iter/   Cum
 No.   days  cycls  Days     Date      Block     kpa     Block   Fraction   Block    Fraction    %   cuts  Cycl  Fail
 ----  ------ ---- ------ ---------- --------- ------ --------- --------- --------- ---------- ----- ---- ----- -----
 2781  1.000    1  1223   2029.05.08   15,1,5    0      15,1,5  1.4e-4(g)   15,1,5  2.1e-5( 5) 26e-3    4   1.0    0
 2782  1.000    1  1224   2029.05.09   15,1,5    0      15,1,5  1.4e-4(g)   15,1,5  -21e-6(14) 26e-3    4   1.0    0
 2783  1.000    1  1225   2029.05.10   15,1,2    0      15,1,5  1.4e-4(g)   15,1,5  2.1e-5( 5) 26e-3    4   1.0    0
 2784  1.000    1  1226   2029.05.11   15,1,2    0      15,1,5  -14e-5(o)   15,1,5  -21e-6(14) 26e-3    4   1.0    0
 2785  1.000    1  1227   2029.05.12   15,1,2    0      15,1,5  1.4e-4(g)   15,1,5  -21e-6(14) 26e-3    4   1.0    0
 2786  1.000    1  1228   2029.05.13   15,1,2    0      15,1,5  1.4e-4(g)   15,1,5  2.1e-5( 5) 26e-3    4   1.0    0
 2787  1.000    1  1229   2029.05.14   15,1,5    0      15,1,5  1.4e-4(g)   15,1,5  -21e-6(14) 26e-3    4   1.0    0
 2788w 1.000    1  1230   2029.05.15   15,1,5    0      15,1,5  -14e-5(o)   15,1,5  2.1e-5( 5) 26e-3    4   1.0    0
 2789  1.000    1  1231   2029.05.16   15,1,5    0      15,1,5  1.4e-4(g)   15,1,5  -21e-6(14) 26e-3    4   1.0    0
 2790  1.000    1  1232   2029.05.17   15,1,2    0      15,1,5  1.4e-4(g)   15,1,5  -21e-6(14) 26e-3    4   1.0    0
 2791  1.000    1  1233   2029.05.18   15,1,2    0      15,1,5  -14e-5(o)   15,1,5  2.1e-5( 5) 26e-3    4   1.0    0
 2792  1.000    1  1234   2029.05.19   15,1,5    0      15,1,5  1.4e-4(g)   15,1,5  2.1e-5( 5) 26e-3    4   1.0    0
 2793  1.000    1  1235   2029.05.20   15,1,2    0      15,1,5  -14e-5(o)   15,1,5  -21e-6(14) 26e-3    4   1.0    0
 2794  1.000    1  1236   2029.05.21   15,1,5    0      15,1,5  -14e-5(o)   15,1,5  2.1e-5( 5) 26e-3    4   1.0    0
 2795  1.000    1  1237   2029.05.22   15,1,5    0      15,1,5  1.4e-4(g)   15,1,5  -21e-6(14) 26e-3    4   1.0    0
 2796  1.000    1  1238   2029.05.23   15,1,2    0      15,1,5  -14e-5(o)   15,1,5  -21e-6(14) 26e-3    4   1.0    0
 2797  1.000    1  1239   2029.05.24   15,1,2    0      15,1,5  1.4e-4(g)   15,1,5  -21e-6(14) 26e-3    4   1.0    0
 2798  1.000    1  1240   2029.05.25   15,1,5    0      15,1,5  1.4e-4(g)   15,1,5  -21e-6(14) 26e-3    4   1.0    0
 2799  1.000    1  1241   2029.05.26   15,1,2    0      15,1,5  -14e-5(o)   15,1,5  -21e-6(14) 26e-3    4   1.0    0
 2800  1.000    1  1242   2029.05.27   15,1,5    0      15,1,5  1.4e-4(g)   15,1,5  2.1e-5( 5) 26e-3    4   1.0    0
1

                                     G E M   T I M E   S T E P   S U M M A R Y
                                               sanwei 30cm shale CO2
 ====================================================================================================================
     Time Step            Time                            Maximum Changes                       Mat  Cum    Solver
 ----------------- ----------------- ---------------------------------------------------------  Bal  time -----------
       Size Newton                        Pressure         Saturation         Composition       Err  step Iter/   Cum
 No.   days  cycls  Days     Date      Block     kpa     Block   Fraction   Block    Fraction    %   cuts  Cycl  Fail
 ----  ------ ---- ------ ---------- --------- ------ --------- --------- --------- ---------- ----- ---- ----- -----
 2801  1.000    1  1243   2029.05.28   15,1,5    0      15,1,5  -14e-5(o)   15,1,5  -21e-6(14) 26e-3    4   1.0    0
 2802  1.000    1  1244   2029.05.29   15,1,5    0      15,1,5  -14e-5(o)   15,1,5  2.1e-5( 5) 26e-3    4   1.0    0
 2803  1.000    1  1245   2029.05.30   15,1,5    0      15,1,5  1.4e-4(g)   15,1,5  -21e-6(14) 26e-3    4   1.0    0
 2804  1.000    1  1246   2029.05.31   15,1,5    0      15,1,5  1.4e-4(g)   15,1,5  2.1e-5( 5) 26e-3    4   1.0    0
 2805  1.000    1  1247   2029.06.01   15,1,5    0      15,1,5  -14e-5(o)   15,1,5  2.1e-5( 5) 26e-3    4   1.0    0
 2806  1.000    1  1248   2029.06.02   15,1,5    0      15,1,5  1.4e-4(g)   15,1,5  -21e-6(14) 26e-3    4   1.0    0
 2807  1.000    1  1249   2029.06.03   15,1,5    0      15,1,5  -14e-5(o)   15,1,5  2.1e-5( 5) 26e-3    4   1.0    0
 2808  1.000    1  1250   2029.06.04   15,1,5    0      15,1,5  -14e-5(o)   15,1,5  2.1e-5( 5) 26e-3    4   1.0    0
 2809  1.000    1  1251   2029.06.05   15,1,5    0      15,1,5  1.4e-4(g)   15,1,5  -21e-6(14) 26e-3    4   1.0    0
 2810  1.000    1  1252   2029.06.06   15,1,2    0      15,1,5  -14e-5(o)   15,1,5  2.1e-5( 5) 26e-3    4   1.0    0
 2811  1.000    1  1253   2029.06.07   15,1,5    0      15,1,5  -14e-5(o)   15,1,5  -21e-6(14) 26e-3    4   1.0    0
 2812  1.000    1  1254   2029.06.08   15,1,5    0      15,1,5  1.4e-4(g)   15,1,5  2.1e-5( 5) 26e-3    4   1.0    0
 2813  1.000    1  1255   2029.06.09   14,1,2    0      15,1,5  -14e-5(o)   15,1,5  2.1e-5( 5) 26e-3    4   1.0    0
 2814  1.000    1  1256   2029.06.10   15,1,5    0      15,1,5  1.4e-4(g)   15,1,5  2.1e-5( 5) 26e-3    4   1.0    0
 2815  1.000    1  1257   2029.06.11   15,1,5    0      15,1,5  -14e-5(o)   15,1,5  -21e-6(14) 26e-3    4   1.0    0
 2816  1.000    1  1258   2029.06.12   15,1,5    0      15,1,5  1.4e-4(g)   15,1,5  2.1e-5( 5) 26e-3    4   1.0    0
 2817  1.000    1  1259   2029.06.13   15,1,5    0      15,1,5  1.4e-4(g)   15,1,5  -21e-6(14) 26e-3    4   1.0    0
 2818w 1.000    1  1260   2029.06.14   15,1,5    0      15,1,5  1.4e-4(g)   15,1,5  2.1e-5( 5) 26e-3    4   1.0    0
 2819  1.000    1  1261   2029.06.15   15,1,5    0      15,1,5  1.4e-4(g)   15,1,5  -21e-6(14) 26e-3    4   1.0    0
 2820  1.000    1  1262   2029.06.16   15,1,5    0      15,1,5  1.4e-4(g)   15,1,5  -21e-6(14) 26e-3    4   1.0    0
1

                                     G E M   T I M E   S T E P   S U M M A R Y
                                               sanwei 30cm shale CO2
 ====================================================================================================================
     Time Step            Time                            Maximum Changes                       Mat  Cum    Solver
 ----------------- ----------------- ---------------------------------------------------------  Bal  time -----------
       Size Newton                        Pressure         Saturation         Composition       Err  step Iter/   Cum
 No.   days  cycls  Days     Date      Block     kpa     Block   Fraction   Block    Fraction    %   cuts  Cycl  Fail
 ----  ------ ---- ------ ---------- --------- ------ --------- --------- --------- ---------- ----- ---- ----- -----
 2821  1.000    1  1263   2029.06.17   15,1,5    0      15,1,5  -14e-5(o)   15,1,5  2.1e-5( 5) 26e-3    4   1.0    0
 2822  1.000    1  1264   2029.06.18   15,1,5    0      15,1,5  -14e-5(o)   15,1,5  -21e-6(14) 26e-3    4   1.0    0
 2823  1.000    1  1265   2029.06.19   15,1,6    0      15,1,5  1.4e-4(g)   15,1,5  2.1e-5( 5) 26e-3    4   1.0    0
 2824  1.000    1  1266   2029.06.20   15,1,6    0      15,1,5  1.4e-4(g)   15,1,5  2.1e-5( 5) 26e-3    4   1.0    0
 2825  1.000    1  1267   2029.06.21   15,1,6    0      15,1,5  -14e-5(o)   15,1,5  2.1e-5( 5) 26e-3    4   1.0    0
 2826  1.000    1  1268   2029.06.22   15,1,5    0      15,1,5  .9999 (o)   15,1,5  -21e-6(14) 26e-3    4   1.0    0
 2827  1.000    1  1269   2029.06.23   15,1,5  3.3e-3   15,1,4  6.7e-5(g)   15,1,5  1.7e-5( 5) 26e-3    4   2.0    0
 2828  1.000    1  1270   2029.06.24   15,1,5  -39e-6   15,1,4  -79e-6(o)   15,1,5  -16e-6(14) 26e-3    4   1.0    0
 2829  1.000    1  1271   2029.06.25   15,1,5  -51e-7   15,1,4  8.9e-5(g)   15,1,5  -14e-6(14) 26e-3    4   1.0    0
 2830  1.000    1  1272   2029.06.26   15,1,5  -58e-7   15,1,4  -99e-6(o)   15,1,4  1.5e-5( 5) 26e-3    4   1.0    0
 2831  1.000    1  1273   2029.06.27   15,1,5  -57e-7   15,1,4  -10e-5(o)   15,1,4  1.6e-5( 5) 26e-3    4   1.0    0
 2832  1.000    1  1274   2029.06.28   15,1,5  -53e-7   15,1,4  1.1e-4(g)   15,1,4  1.8e-5( 5) 26e-3    4   1.0    0
 2833  1.000    1  1275   2029.06.29   15,1,5  -49e-7   15,1,4  -12e-5(o)   15,1,4  1.9e-5( 5) 26e-3    4   1.0    0
 2834  1.000    1  1276   2029.06.30   15,1,5  -45e-7   15,1,4  1.2e-4(g)   15,1,4  2.0e-5( 5) 26e-3    4   1.0    0
 2835  1.000    1  1277   2029.07.01   15,1,5  -41e-7   15,1,4  1.3e-4(g)   15,1,4  2.1e-5( 5) 26e-3    4   1.0    0
 2836  1.000    1  1278   2029.07.02   15,1,5  -37e-7   15,1,4  1.3e-4(g)   15,1,4  2.1e-5( 5) 26e-3    4   1.0    0
 2837  1.000    1  1279   2029.07.03   15,1,5  -34e-7   15,1,4  -14e-5(o)   15,1,4  2.2e-5( 5) 26e-3    4   1.0    0
 2838  1.000    1  1280   2029.07.04   15,1,5  -30e-7   15,1,4  -14e-5(o)   15,1,4  2.3e-5( 5) 26e-3    4   1.0    0
 2839  1.000    1  1281   2029.07.05   15,1,5  -28e-7   15,1,4  1.5e-4(g)   15,1,4  2.3e-5( 5) 26e-3    4   1.0    0
 2840  1.000    1  1282   2029.07.06   15,1,5  -25e-7   15,1,4  -15e-5(o)   15,1,4  2.4e-5( 5) 26e-3    4   1.0    0
1

                                     G E M   T I M E   S T E P   S U M M A R Y
                                               sanwei 30cm shale CO2
 ====================================================================================================================
     Time Step            Time                            Maximum Changes                       Mat  Cum    Solver
 ----------------- ----------------- ---------------------------------------------------------  Bal  time -----------
       Size Newton                        Pressure         Saturation         Composition       Err  step Iter/   Cum
 No.   days  cycls  Days     Date      Block     kpa     Block   Fraction   Block    Fraction    %   cuts  Cycl  Fail
 ----  ------ ---- ------ ---------- --------- ------ --------- --------- --------- ---------- ----- ---- ----- -----
 2841  1.000    1  1283   2029.07.07   15,1,5  -23e-7   15,1,4  1.5e-4(g)   15,1,4  -24e-6(14) 26e-3    4   1.0    0
 2842  1.000    1  1284   2029.07.08   15,1,5  -20e-7   15,1,4  -16e-5(o)   15,1,4  2.5e-5( 5) 26e-3    4   1.0    0
 2843  1.000    1  1285   2029.07.09   15,1,5  -18e-7   15,1,4  -16e-5(o)   15,1,4  2.5e-5( 5) 26e-3    4   1.0    0
 2844  1.000    1  1286   2029.07.10   15,1,5  -17e-7   15,1,4  1.6e-4(g)   15,1,4  2.6e-5( 5) 26e-3    4   1.0    0
 2845  1.000    1  1287   2029.07.11   15,1,5  -15e-7   15,1,4  -16e-5(o)   15,1,4  -26e-6(14) 26e-3    4   1.0    0
 2846  1.000    1  1288   2029.07.12   15,1,5  -14e-7   15,1,4  1.7e-4(g)   15,1,4  2.6e-5( 5) 26e-3    4   1.0    0
 2847  1.000    1  1289   2029.07.13   15,1,5  -12e-7   15,1,4  1.7e-4(g)   15,1,4  2.7e-5( 5) 26e-3    4   1.0    0
 2848w 1.000    1  1290   2029.07.14   15,1,5  -11e-7   15,1,4  -17e-5(o)   15,1,4  -27e-6(14) 26e-3    4   1.0    0
 2849  1.000    1  1291   2029.07.15   15,1,5  -10e-7   15,1,4  1.7e-4(g)   15,1,4  2.7e-5( 5) 26e-3    4   1.0    0
 2850  1.000    1  1292   2029.07.16   15,1,5  -95e-8   15,1,4  -17e-5(o)   15,1,4  -27e-6(14) 26e-3    4   1.0    0
 2851  1.000    1  1293   2029.07.17   15,1,5  -86e-8   15,1,4  -17e-5(o)   15,1,4  2.7e-5( 5) 26e-3    4   1.0    0
 2852  1.000    1  1294   2029.07.18   15,1,5  -78e-8   15,1,4  1.7e-4(g)   15,1,4  2.8e-5( 5) 26e-3    4   1.0    0
 2853  1.000    1  1295   2029.07.19   15,1,5  -71e-8   15,1,4  -18e-5(o)   15,1,4  -28e-6(14) 26e-3    4   1.0    0
 2854  1.000    1  1296   2029.07.20   15,1,5  -64e-8   15,1,4  -18e-5(o)   15,1,4  2.8e-5( 5) 26e-3    4   1.0    0
 2855  1.000    1  1297   2029.07.21   15,1,5  -58e-8   15,1,4  -18e-5(o)   15,1,4  2.8e-5( 5) 26e-3    4   1.0    0
 2856  1.000    1  1298   2029.07.22   15,1,5  -53e-8   15,1,4  1.8e-4(g)   15,1,4  2.8e-5( 5) 26e-3    4   1.0    0
 2857  1.000    1  1299   2029.07.23   15,1,5  -48e-8   15,1,4  -18e-5(o)   15,1,4  2.8e-5( 5) 26e-3    4   1.0    0
 2858  1.000    1  1300   2029.07.24   15,1,5  -43e-8   15,1,4  -18e-5(o)   15,1,4  -28e-6(14) 26e-3    4   1.0    0
 2859  1.000    1  1301   2029.07.25   15,1,5  -39e-8   15,1,4  1.8e-4(g)   15,1,4  2.8e-5( 5) 26e-3    4   1.0    0
 2860  1.000    1  1302   2029.07.26   15,1,5  -36e-8   15,1,4  1.8e-4(g)   15,1,4  2.8e-5( 5) 26e-3    4   1.0    0
1

                                     G E M   T I M E   S T E P   S U M M A R Y
                                               sanwei 30cm shale CO2
 ====================================================================================================================
     Time Step            Time                            Maximum Changes                       Mat  Cum    Solver
 ----------------- ----------------- ---------------------------------------------------------  Bal  time -----------
       Size Newton                        Pressure         Saturation         Composition       Err  step Iter/   Cum
 No.   days  cycls  Days     Date      Block     kpa     Block   Fraction   Block    Fraction    %   cuts  Cycl  Fail
 ----  ------ ---- ------ ---------- --------- ------ --------- --------- --------- ---------- ----- ---- ----- -----
 2861  1.000    1  1303   2029.07.27   15,1,5  -32e-8   15,1,4  1.8e-4(g)   15,1,4  2.8e-5( 5) 26e-3    4   1.0    0
 2862  1.000    1  1304   2029.07.28   15,1,5  -29e-8   15,1,4  -18e-5(o)   15,1,4  -29e-6(14) 26e-3    4   1.0    0
 2863  1.000    1  1305   2029.07.29   15,1,5  -26e-8   15,1,4  -18e-5(o)   15,1,4  2.9e-5( 5) 26e-3    4   1.0    0
 2864  1.000    1  1306   2029.07.30   15,1,5  -24e-8   15,1,4  1.8e-4(g)   15,1,4  2.9e-5( 5) 26e-3    4   1.0    0
 2865  1.000    1  1307   2029.07.31   15,1,5  -22e-8   15,1,4  -18e-5(o)   15,1,4  2.9e-5( 5) 26e-3    4   1.0    0
 2866  1.000    1  1308   2029.08.01   15,1,5  -20e-8   15,1,4  1.8e-4(g)   15,1,4  2.9e-5( 5) 26e-3    4   1.0    0
 2867  1.000    1  1309   2029.08.02   15,1,5  -18e-8   15,1,4  -18e-5(o)   15,1,4  2.9e-5( 5) 26e-3    4   1.0    0
 2868  1.000    1  1310   2029.08.03   15,1,5  -16e-8   15,1,4  -18e-5(o)   15,1,4  -29e-6(14) 26e-3    4   1.0    0
 2869  1.000    1  1311   2029.08.04   15,1,5  -14e-8   15,1,4  1.8e-4(g)   15,1,4  -29e-6(14) 26e-3    4   1.0    0
 2870  1.000    1  1312   2029.08.05   15,1,5  -13e-8   15,1,4  -18e-5(o)   15,1,4  2.9e-5( 5) 26e-3    4   1.0    0
 2871  1.000    1  1313   2029.08.06   15,1,5  -12e-8   15,1,4  -18e-5(o)   15,1,4  -29e-6(14) 26e-3    4   1.0    0
 2872  1.000    1  1314   2029.08.07   15,1,5  -11e-8   15,1,4  -18e-5(o)   15,1,4  2.9e-5( 5) 26e-3    4   1.0    0
 2873  1.000    1  1315   2029.08.08   15,1,5  -10e-8   15,1,4  1.8e-4(g)   15,1,4  2.9e-5( 5) 26e-3    4   1.0    0
 2874  1.000    1  1316   2029.08.09   15,1,5  -92e-9   15,1,4  -18e-5(o)   15,1,4  -29e-6(14) 26e-3    4   1.0    0
 2875  1.000    1  1317   2029.08.10   15,1,5  -83e-9   15,1,4  1.8e-4(g)   15,1,4  2.9e-5( 5) 26e-3    4   1.0    0
 2876  1.000    1  1318   2029.08.11   15,1,5  -75e-9   15,1,4  -18e-5(o)   15,1,4  2.9e-5( 5) 26e-3    4   1.0    0
 2877  1.000    1  1319   2029.08.12   15,1,5  -68e-9   15,1,4  -18e-5(o)   15,1,4  2.9e-5( 5) 26e-3    4   1.0    0
 2878w 1.000    1  1320   2029.08.13   15,1,5  -62e-9   15,1,4  1.8e-4(g)   15,1,4  -29e-6(14) 26e-3    4   1.0    0
 2879  1.000    1  1321   2029.08.14   15,1,5  -56e-9   15,1,4  1.8e-4(g)   15,1,4  2.9e-5( 5) 26e-3    4   1.0    0
 2880  1.000    1  1322   2029.08.15   15,1,5  -51e-9   15,1,4  -18e-5(o)   15,1,4  2.9e-5( 5) 26e-3    4   1.0    0
1

                                     G E M   T I M E   S T E P   S U M M A R Y
                                               sanwei 30cm shale CO2
 ====================================================================================================================
     Time Step            Time                            Maximum Changes                       Mat  Cum    Solver
 ----------------- ----------------- ---------------------------------------------------------  Bal  time -----------
       Size Newton                        Pressure         Saturation         Composition       Err  step Iter/   Cum
 No.   days  cycls  Days     Date      Block     kpa     Block   Fraction   Block    Fraction    %   cuts  Cycl  Fail
 ----  ------ ---- ------ ---------- --------- ------ --------- --------- --------- ---------- ----- ---- ----- -----
 2881  1.000    1  1323   2029.08.16   15,1,5  -46e-9   15,1,4  -18e-5(o)   15,1,4  2.9e-5( 5) 26e-3    4   1.0    0
 2882  1.000    1  1324   2029.08.17   15,1,5  -42e-9   15,1,4  -18e-5(o)   15,1,4  -29e-6(14) 26e-3    4   1.0    0
 2883  1.000    1  1325   2029.08.18   15,1,5  -38e-9   15,1,4  1.8e-4(g)   15,1,4  2.9e-5( 5) 26e-3    4   1.0    0
 2884  1.000    1  1326   2029.08.19   15,1,5  -34e-9   15,1,4  1.8e-4(g)   15,1,4  2.9e-5( 5) 26e-3    4   1.0    0
 2885  1.000    1  1327   2029.08.20   15,1,5  -31e-9   15,1,4  -18e-5(o)   15,1,4  2.9e-5( 5) 26e-3    4   1.0    0
 2886  1.000    1  1328   2029.08.21   15,1,5  -28e-9   15,1,4  -18e-5(o)   15,1,4  -29e-6(14) 26e-3    4   1.0    0
 2887  1.000    1  1329   2029.08.22   15,1,5  -25e-9   15,1,4  1.8e-4(g)   15,1,4  2.9e-5( 5) 26e-3    4   1.0    0
 2888  1.000    1  1330   2029.08.23   15,1,5  -23e-9   15,1,4  -18e-5(o)   15,1,4  -29e-6(14) 26e-3    4   1.0    0
 2889  1.000    1  1331   2029.08.24   15,1,5  -21e-9   15,1,4  -18e-5(o)   15,1,4  2.9e-5( 5) 26e-3    4   1.0    0
 2890  1.000    1  1332   2029.08.25   15,1,5  -19e-9   15,1,4  1.8e-4(g)   15,1,4  2.9e-5( 5) 26e-3    4   1.0    0
 2891  1.000    1  1333   2029.08.26   15,1,5  -17e-9   15,1,4  -18e-5(o)   15,1,4  2.9e-5( 5) 26e-3    4   1.0    0
 2892  1.000    1  1334   2029.08.27   15,1,5  -15e-9   15,1,4  1.8e-4(g)   15,1,4  2.9e-5( 5) 26e-3    4   1.0    0
 2893  1.000    1  1335   2029.08.28   15,1,5  -14e-9   15,1,4  -18e-5(o)   15,1,4  2.9e-5( 5) 26e-3    4   1.0    0
 2894  1.000    1  1336   2029.08.29   15,1,5  -13e-9   15,1,4  1.8e-4(g)   15,1,4  -29e-6(14) 26e-3    4   1.0    0
 2895  1.000    1  1337   2029.08.30   15,1,5  -11e-9   15,1,4  -18e-5(o)   15,1,4  2.9e-5( 5) 26e-3    4   1.0    0
 2896  1.000    1  1338   2029.08.31   15,1,5  -10e-9   15,1,4  1.8e-4(g)   15,1,4  2.9e-5( 5) 26e-3    4   1.0    0
 2897  1.000    1  1339   2029.09.01   15,1,5  -9.e-9   15,1,4  -18e-5(o)   15,1,4  -29e-6(14) 26e-3    4   1.0    0
 2898  1.000    1  1340   2029.09.02   15,1,5  -8.e-9   15,1,4  -18e-5(o)   15,1,4  -29e-6(14) 26e-3    4   1.0    0
 2899  1.000    1  1341   2029.09.03   15,1,5  -8.e-9   15,1,4  1.8e-4(g)   15,1,4  2.9e-5( 5) 26e-3    4   1.0    0
 2900  1.000    1  1342   2029.09.04   15,1,5  -7.e-9   15,1,4  1.8e-4(g)   15,1,4  -29e-6(14) 26e-3    4   1.0    0
1

                                     G E M   T I M E   S T E P   S U M M A R Y
                                               sanwei 30cm shale CO2
 ====================================================================================================================
     Time Step            Time                            Maximum Changes                       Mat  Cum    Solver
 ----------------- ----------------- ---------------------------------------------------------  Bal  time -----------
       Size Newton                        Pressure         Saturation         Composition       Err  step Iter/   Cum
 No.   days  cycls  Days     Date      Block     kpa     Block   Fraction   Block    Fraction    %   cuts  Cycl  Fail
 ----  ------ ---- ------ ---------- --------- ------ --------- --------- --------- ---------- ----- ---- ----- -----
 2901  1.000    1  1343   2029.09.05   15,1,5  -6.e-9   15,1,4  -18e-5(o)   15,1,4  -29e-6(14) 26e-3    4   1.0    0
 2902  1.000    1  1344   2029.09.06   15,1,5  -6.e-9   15,1,4  1.8e-4(g)   15,1,4  2.9e-5( 5) 26e-3    4   1.0    0
 2903  1.000    1  1345   2029.09.07   15,1,5  -5.e-9   15,1,4  1.8e-4(g)   15,1,4  -29e-6(14) 26e-3    4   1.0    0
 2904  1.000    1  1346   2029.09.08   15,1,5  -4.e-9   15,1,4  -18e-5(o)   15,1,4  2.9e-5( 5) 26e-3    4   1.0    0
 2905  1.000    1  1347   2029.09.09   15,1,5  -4.e-9   15,1,4  1.8e-4(g)   15,1,4  -29e-6(14) 26e-3    4   1.0    0
 2906  1.000    1  1348   2029.09.10   15,1,5  -4.e-9   15,1,4  -18e-5(o)   15,1,4  -29e-6(14) 26e-3    4   1.0    0
 2907  1.000    1  1349   2029.09.11   15,1,5  -3.e-9   15,1,4  1.8e-4(g)   15,1,4  2.9e-5( 5) 26e-3    4   1.0    0
 2908w 1.000    1  1350   2029.09.12   15,1,5  -3.e-9   15,1,4  -18e-5(o)   15,1,4  -29e-6(14) 26e-3    4   1.0    0
 2909  1.000    1  1351   2029.09.13   15,1,5  -3.e-9   15,1,4  1.8e-4(g)   15,1,4  2.9e-5( 5) 26e-3    4   1.0    0
 2910  1.000    1  1352   2029.09.14   15,1,5  -2.e-9   15,1,4  -18e-5(o)   15,1,4  2.9e-5( 5) 26e-3    4   1.0    0
 2911  1.000    1  1353   2029.09.15   15,1,5  -2.e-9   15,1,4  1.8e-4(g)   15,1,4  -29e-6(14) 26e-3    4   1.0    0
 2912  1.000    1  1354   2029.09.16   15,1,5  -2.e-9   15,1,4  1.8e-4(g)   15,1,4  -29e-6(14) 26e-3    4   1.0    0
 2913  1.000    1  1355   2029.09.17   15,1,5  -2.e-9   15,1,4  -18e-5(o)   15,1,4  2.9e-5( 5) 26e-3    4   1.0    0
 2914  1.000    1  1356   2029.09.18   15,1,5  -1.e-9   15,1,4  -18e-5(o)   15,1,4  -29e-6(14) 26e-3    4   1.0    0
 2915  1.000    1  1357   2029.09.19   15,1,5  -1.e-9   15,1,4  -18e-5(o)   15,1,4  2.9e-5( 5) 26e-3    4   1.0    0
 2916  1.000    1  1358   2029.09.20   15,1,5  -1.e-9   15,1,4  1.8e-4(g)   15,1,4  -29e-6(14) 26e-3    4   1.0    0
 2917  1.000    1  1359   2029.09.21   15,1,5  -1.e-9   15,1,4  1.8e-4(g)   15,1,4  2.9e-5( 5) 26e-3    4   1.0    0
 2918  1.000    1  1360   2029.09.22   15,1,5  -1.e-9   15,1,4  1.8e-4(g)   15,1,4  -29e-6(14) 26e-3    4   1.0    0
 2919  1.000    1  1361   2029.09.23   15,1,5  -1.e-9   15,1,4  1.8e-4(g)   15,1,4  -29e-6(14) 26e-3    4   1.0    0
 2920  1.000    1  1362   2029.09.24   15,1,5  -1.e-9   15,1,4  -18e-5(o)   15,1,4  2.9e-5( 5) 26e-3    4   1.0    0
1

                                     G E M   T I M E   S T E P   S U M M A R Y
                                               sanwei 30cm shale CO2
 ====================================================================================================================
     Time Step            Time                            Maximum Changes                       Mat  Cum    Solver
 ----------------- ----------------- ---------------------------------------------------------  Bal  time -----------
       Size Newton                        Pressure         Saturation         Composition       Err  step Iter/   Cum
 No.   days  cycls  Days     Date      Block     kpa     Block   Fraction   Block    Fraction    %   cuts  Cycl  Fail
 ----  ------ ---- ------ ---------- --------- ------ --------- --------- --------- ---------- ----- ---- ----- -----
 2921  1.000    1  1363   2029.09.25   15,1,5    0      15,1,4  1.8e-4(g)   15,1,4  -29e-6(14) 26e-3    4   1.0    0
 2922  1.000    1  1364   2029.09.26   15,1,5    0      15,1,4  -18e-5(o)   15,1,4  -29e-6(14) 26e-3    4   1.0    0
 2923  1.000    1  1365   2029.09.27   15,1,5    0      15,1,4  1.8e-4(g)   15,1,4  2.9e-5( 5) 26e-3    4   1.0    0
 2924  1.000    1  1366   2029.09.28   15,1,5    0      15,1,4  -18e-5(o)   15,1,4  -29e-6(14) 26e-3    4   1.0    0
 2925  1.000    1  1367   2029.09.29   15,1,5    0      15,1,4  1.8e-4(g)   15,1,4  2.9e-5( 5) 26e-3    4   1.0    0
 2926  1.000    1  1368   2029.09.30   15,1,5    0      15,1,4  1.8e-4(g)   15,1,4  2.9e-5( 5) 26e-3    4   1.0    0
 2927  1.000    1  1369   2029.10.01   15,1,5    0      15,1,4  1.8e-4(g)   15,1,4  -29e-6(14) 26e-3    4   1.0    0
 2928  1.000    1  1370   2029.10.02   15,1,5    0      15,1,4  1.8e-4(g)   15,1,4  2.9e-5( 5) 26e-3    4   1.0    0
 2929  1.000    1  1371   2029.10.03   15,1,5    0      15,1,4  -18e-5(o)   15,1,4  -29e-6(14) 26e-3    4   1.0    0
 2930  1.000    1  1372   2029.10.04   15,1,5    0      15,1,4  -18e-5(o)   15,1,4  -29e-6(14) 26e-3    4   1.0    0
 2931  1.000    1  1373   2029.10.05   15,1,5    0      15,1,4  1.8e-4(g)   15,1,4  -29e-6(14) 26e-3    4   1.0    0
 2932  1.000    1  1374   2029.10.06   15,1,5    0      15,1,4  -18e-5(o)   15,1,4  -29e-6(14) 26e-3    4   1.0    0
 2933  1.000    1  1375   2029.10.07   15,1,5    0      15,1,4  -18e-5(o)   15,1,4  -29e-6(14) 26e-3    4   1.0    0
 2934  1.000    1  1376   2029.10.08   15,1,5    0      15,1,4  1.8e-4(g)   15,1,4  -29e-6(14) 26e-3    4   1.0    0
 2935  1.000    1  1377   2029.10.09   15,1,5    0      15,1,4  -18e-5(o)   15,1,4  -29e-6(14) 26e-3    4   1.0    0
 2936  1.000    1  1378   2029.10.10   15,1,5    0      15,1,4  -18e-5(o)   15,1,4  -29e-6(14) 26e-3    4   1.0    0
 2937  1.000    1  1379   2029.10.11   15,1,5    0      15,1,4  1.8e-4(g)   15,1,4  -29e-6(14) 26e-3    4   1.0    0
 2938w 1.000    1  1380   2029.10.12   15,1,5    0      15,1,4  -18e-5(o)   15,1,4  -29e-6(14) 26e-3    4   1.0    0
 2939  1.000    1  1381   2029.10.13   15,1,5    0      15,1,4  -18e-5(o)   15,1,4  2.9e-5( 5) 26e-3    4   1.0    0
 2940  1.000    1  1382   2029.10.14   15,1,5    0      15,1,4  1.8e-4(g)   15,1,4  -29e-6(14) 26e-3    4   1.0    0
1

                                     G E M   T I M E   S T E P   S U M M A R Y
                                               sanwei 30cm shale CO2
 ====================================================================================================================
     Time Step            Time                            Maximum Changes                       Mat  Cum    Solver
 ----------------- ----------------- ---------------------------------------------------------  Bal  time -----------
       Size Newton                        Pressure         Saturation         Composition       Err  step Iter/   Cum
 No.   days  cycls  Days     Date      Block     kpa     Block   Fraction   Block    Fraction    %   cuts  Cycl  Fail
 ----  ------ ---- ------ ---------- --------- ------ --------- --------- --------- ---------- ----- ---- ----- -----
 2941  1.000    1  1383   2029.10.15   15,1,5    0      15,1,4  -18e-5(o)   15,1,4  -29e-6(14) 26e-3    4   1.0    0
 2942  1.000    1  1384   2029.10.16   15,1,5    0      15,1,4  -18e-5(o)   15,1,4  -29e-6(14) 26e-3    4   1.0    0
 2943  1.000    1  1385   2029.10.17   15,1,5    0      15,1,4  -18e-5(o)   15,1,4  -29e-6(14) 26e-3    4   1.0    0
 2944  1.000    1  1386   2029.10.18   15,1,5    0      15,1,4  1.8e-4(g)   15,1,4  2.9e-5( 5) 26e-3    4   1.0    0
 2945  1.000    1  1387   2029.10.19   15,1,5    0      15,1,4  1.8e-4(g)   15,1,4  -29e-6(14) 26e-3    4   1.0    0
 2946  1.000    1  1388   2029.10.20   15,1,5    0      15,1,4  -18e-5(o)   15,1,4  -29e-6(14) 26e-3    4   1.0    0
 2947  1.000    1  1389   2029.10.21   15,1,5    0      15,1,4  1.8e-4(g)   15,1,4  2.9e-5( 5) 26e-3    4   1.0    0
 2948  1.000    1  1390   2029.10.22   15,1,5    0      15,1,4  1.8e-4(g)   15,1,4  2.9e-5( 5) 26e-3    4   1.0    0
 2949  1.000    1  1391   2029.10.23   15,1,5    0      15,1,4  -18e-5(o)   15,1,4  2.9e-5( 5) 26e-3    4   1.0    0
 2950  1.000    1  1392   2029.10.24   15,1,5    0      15,1,4  1.8e-4(g)   15,1,4  2.8e-5( 5) 26e-3    4   1.0    0
 2951  1.000    1  1393   2029.10.25   15,1,5    0      15,1,4  -18e-5(o)   15,1,4  2.8e-5( 5) 26e-3    4   1.0    0
 2952  1.000    1  1394   2029.10.26   15,1,5    0      15,1,4  -18e-5(o)   15,1,4  -28e-6(14) 26e-3    4   1.0    0
 2953  1.000    1  1395   2029.10.27   15,1,5    0      15,1,4  -18e-5(o)   15,1,4  2.8e-5( 5) 26e-3    4   1.0    0
 2954  1.000    1  1396   2029.10.28   15,1,5    0      15,1,4  -18e-5(o)   15,1,4  2.8e-5( 5) 26e-3    4   1.0    0
 2955  1.000    1  1397   2029.10.29   15,1,5    0      15,1,4  1.8e-4(g)   15,1,4  -28e-6(14) 26e-3    4   1.0    0
 2956  1.000    1  1398   2029.10.30   15,1,5    0      15,1,4  1.8e-4(g)   15,1,4  -28e-6(14) 26e-3    4   1.0    0
 2957  1.000    1  1399   2029.10.31   15,1,5    0      15,1,4  -18e-5(o)   15,1,4  2.8e-5( 5) 26e-3    4   1.0    0
 2958  1.000    1  1400   2029.11.01   15,1,5    0      15,1,4  1.8e-4(g)   15,1,4  2.8e-5( 5) 26e-3    4   1.0    0
 2959  1.000    1  1401   2029.11.02   15,1,5    0      15,1,4  -18e-5(o)   15,1,4  -28e-6(14) 26e-3    4   1.0    0
 2960  1.000    1  1402   2029.11.03   15,1,5    0      15,1,4  -18e-5(o)   15,1,4  2.8e-5( 5) 26e-3    4   1.0    0
1

                                     G E M   T I M E   S T E P   S U M M A R Y
                                               sanwei 30cm shale CO2
 ====================================================================================================================
     Time Step            Time                            Maximum Changes                       Mat  Cum    Solver
 ----------------- ----------------- ---------------------------------------------------------  Bal  time -----------
       Size Newton                        Pressure         Saturation         Composition       Err  step Iter/   Cum
 No.   days  cycls  Days     Date      Block     kpa     Block   Fraction   Block    Fraction    %   cuts  Cycl  Fail
 ----  ------ ---- ------ ---------- --------- ------ --------- --------- --------- ---------- ----- ---- ----- -----
 2961  1.000    1  1403   2029.11.04   15,1,4    0      15,1,4  -18e-5(o)   15,1,4  2.8e-5( 5) 26e-3    4   1.0    0
 2962  1.000    1  1404   2029.11.05   15,1,4    0      15,1,4  1.8e-4(g)   15,1,4  -28e-6(14) 26e-3    4   1.0    0
 2963  1.000    1  1405   2029.11.06   15,1,5    0      15,1,4  -18e-5(o)   15,1,4  2.8e-5( 5) 26e-3    4   1.0    0
 2964  1.000    1  1406   2029.11.07   15,1,5    0      15,1,4  1.8e-4(g)   15,1,4  2.8e-5( 5) 26e-3    4   1.0    0
 2965  1.000    1  1407   2029.11.08   15,1,5    0      15,1,4  1.8e-4(g)   15,1,4  2.8e-5( 5) 26e-3    4   1.0    0
 2966  1.000    1  1408   2029.11.09   15,1,5    0      15,1,4  -18e-5(o)   15,1,4  2.8e-5( 5) 26e-3    4   1.0    0
 2967  1.000    1  1409   2029.11.10   15,1,5    0      15,1,4  1.8e-4(g)   15,1,4  2.8e-5( 5) 26e-3    4   1.0    0
 2968w 1.000    1  1410   2029.11.11   13,1,5    0      15,1,4  1.8e-4(g)   15,1,4  2.8e-5( 5) 26e-3    4   1.0    0
 2969  1.000    1  1411   2029.11.12   15,1,5    0      15,1,4  -18e-5(o)   15,1,4  2.8e-5( 5) 26e-3    4   1.0    0
 2970  1.000    1  1412   2029.11.13   15,1,4    0      15,1,4  1.8e-4(g)   15,1,4  2.8e-5( 5) 26e-3    4   1.0    0
 2971  1.000    1  1413   2029.11.14   15,1,4    0      15,1,4  -18e-5(o)   15,1,4  2.8e-5( 5) 26e-3    4   1.0    0
 2972  1.000    1  1414   2029.11.15   15,1,5    0      15,1,4  1.8e-4(g)   15,1,4  -28e-6(14) 26e-3    4   1.0    0
 2973  1.000    1  1415   2029.11.16   11,1,1    0      15,1,4  -18e-5(o)   15,1,4  -28e-6(14) 26e-3    4   1.0    0
 2974  1.000    1  1416   2029.11.17   15,1,5    0      15,1,4  1.8e-4(g)   15,1,4  2.8e-5( 5) 26e-3    4   1.0    0
 2975  1.000    1  1417   2029.11.18    1,1,1    0      15,1,4  1.8e-4(g)   15,1,4  2.8e-5( 5) 26e-3    4   1.0    0
 2976  1.000    1  1418   2029.11.19   12,1,1    0      15,1,4  -18e-5(o)   15,1,4  -28e-6(14) 26e-3    4   1.0    0
 2977  1.000    1  1419   2029.11.20   15,1,4    0      15,1,4  -18e-5(o)   15,1,4  2.8e-5( 5) 26e-3    4   1.0    0
 2978  1.000    1  1420   2029.11.21   15,1,4    0      15,1,4  1.8e-4(g)   15,1,4  2.8e-5( 5) 26e-3    4   1.0    0
 2979  1.000    1  1421   2029.11.22   15,1,4    0      15,1,4  -18e-5(o)   15,1,4  2.8e-5( 5) 26e-3    4   1.0    0
 2980  1.000    1  1422   2029.11.23   15,1,4    0      15,1,4  -18e-5(o)   15,1,4  -28e-6(14) 26e-3    4   1.0    0
1

                                     G E M   T I M E   S T E P   S U M M A R Y
                                               sanwei 30cm shale CO2
 ====================================================================================================================
     Time Step            Time                            Maximum Changes                       Mat  Cum    Solver
 ----------------- ----------------- ---------------------------------------------------------  Bal  time -----------
       Size Newton                        Pressure         Saturation         Composition       Err  step Iter/   Cum
 No.   days  cycls  Days     Date      Block     kpa     Block   Fraction   Block    Fraction    %   cuts  Cycl  Fail
 ----  ------ ---- ------ ---------- --------- ------ --------- --------- --------- ---------- ----- ---- ----- -----
 2981  1.000    1  1423   2029.11.24   15,1,4    0      15,1,4  1.8e-4(g)   15,1,4  2.8e-5( 5) 26e-3    4   1.0    0
 2982  1.000    1  1424   2029.11.25    5,1,1    0      15,1,4  -18e-5(o)   15,1,4  2.8e-5( 5) 26e-3    4   1.0    0
 2983  1.000    1  1425   2029.11.26    9,1,1    0      15,1,4  -18e-5(o)   15,1,4  -28e-6(14) 26e-3    4   1.0    0
 2984  1.000    1  1426   2029.11.27   15,1,4    0      15,1,4  -18e-5(o)   15,1,4  2.8e-5( 5) 26e-3    4   1.0    0
 2985  1.000    1  1427   2029.11.28   12,1,1    0      15,1,4  1.8e-4(g)   15,1,4  -28e-6(14) 26e-3    4   1.0    0
 2986  1.000    1  1428   2029.11.29   11,1,1    0      15,1,4  -18e-5(o)   15,1,4  -28e-6(14) 26e-3    4   1.0    0
 2987  1.000    1  1429   2029.11.30   15,1,4    0      15,1,4  1.8e-4(g)   15,1,4  2.8e-5( 5) 26e-3    4   1.0    0
 2988  1.000    1  1430   2029.12.01   15,1,4    0      15,1,4  -18e-5(o)   15,1,4  -28e-6(14) 26e-3    4   1.0    0
 2989  1.000    1  1431   2029.12.02    6,1,1    0      15,1,4  1.8e-4(g)   15,1,4  -28e-6(14) 26e-3    4   1.0    0
 2990  1.000    1  1432   2029.12.03   15,1,4    0      15,1,4  1.8e-4(g)   15,1,4  -28e-6(14) 26e-3    4   1.0    0
 2991  1.000    1  1433   2029.12.04   15,1,4    0      15,1,4  1.8e-4(g)   15,1,4  -28e-6(14) 26e-3    4   1.0    0
 2992  1.000    1  1434   2029.12.05   15,1,4    0      15,1,4  1.8e-4(g)   15,1,4  -28e-6(14) 26e-3    4   1.0    0
 2993  1.000    1  1435   2029.12.06   12,3,1    0      15,1,4  -18e-5(o)   15,1,4  -28e-6(14) 26e-3    4   1.0    0
 2994  1.000    1  1436   2029.12.07   15,1,4    0      15,1,4  1.8e-4(g)   15,1,4  2.8e-5( 5) 26e-3    4   1.0    0
 2995  1.000    1  1437   2029.12.08   15,1,4    0      15,1,4  -18e-5(o)   15,1,4  -28e-6(14) 26e-3    4   1.0    0
 2996  1.000    1  1438   2029.12.09   15,1,4    0      15,1,4  1.8e-4(g)   15,1,4  2.8e-5( 5) 26e-3    4   1.0    0
 2997  1.000    1  1439   2029.12.10   15,1,4    0      15,1,4  -18e-5(o)   15,1,4  -28e-6(14) 26e-3    4   1.0    0
 2998w 1.000    1  1440   2029.12.11   15,1,4    0      15,1,4  -18e-5(o)   15,1,4  -28e-6(14) 26e-3    4   1.0    0
 2999  1.000    1  1441   2029.12.12    8,7,1    0      15,1,4  1.8e-4(g)   15,1,4  -28e-6(14) 26e-3    4   1.0    0
 3000  1.000    1  1442   2029.12.13   15,1,4    0      15,1,4  -18e-5(o)   15,1,4  2.8e-5( 5) 26e-3    4   1.0    0
1

                                     G E M   T I M E   S T E P   S U M M A R Y
                                               sanwei 30cm shale CO2
 ====================================================================================================================
     Time Step            Time                            Maximum Changes                       Mat  Cum    Solver
 ----------------- ----------------- ---------------------------------------------------------  Bal  time -----------
       Size Newton                        Pressure         Saturation         Composition       Err  step Iter/   Cum
 No.   days  cycls  Days     Date      Block     kpa     Block   Fraction   Block    Fraction    %   cuts  Cycl  Fail
 ----  ------ ---- ------ ---------- --------- ------ --------- --------- --------- ---------- ----- ---- ----- -----
 3001  1.000    1  1443   2029.12.14   15,1,4    0      15,1,4  1.8e-4(g)   15,1,4  -28e-6(14) 26e-3    4   1.0    0
 3002  1.000    1  1444   2029.12.15   15,1,4    0      15,1,4  1.8e-4(g)   15,1,4  -28e-6(14) 26e-3    4   1.0    0
 3003  1.000    1  1445   2029.12.16    8,7,1    0      15,1,4  -18e-5(o)   15,1,4  2.8e-5( 5) 26e-3    4   1.0    0
 3004  1.000    1  1446   2029.12.17   15,1,4    0      15,1,4  1.8e-4(g)   15,1,4  2.8e-5( 5) 26e-3    4   1.0    0
 3005  1.000    1  1447   2029.12.18   15,1,4    0      15,1,4  -18e-5(o)   15,1,4  -28e-6(14) 26e-3    4   1.0    0
 3006  1.000    1  1448   2029.12.19   15,1,4    0      15,1,4  1.8e-4(g)   15,1,4  2.8e-5( 5) 26e-3    4   1.0    0
 3007  1.000    1  1449   2029.12.20   15,1,4    0      15,1,4  -18e-5(o)   15,1,4  -28e-6(14) 26e-3    4   1.0    0
 3008  1.000    1  1450   2029.12.21   15,1,4    0      15,1,4  -18e-5(o)   15,1,4  -28e-6(14) 26e-3    4   1.0    0
 3009  1.000    1  1451   2029.12.22   15,1,4    0      15,1,4  1.8e-4(g)   15,1,4  -28e-6(14) 26e-3    4   1.0    0
 3010  1.000    1  1452   2029.12.23   15,1,4    0      15,1,4  -18e-5(o)   15,1,4  2.8e-5( 5) 26e-3    4   1.0    0
 3011  1.000    1  1453   2029.12.24   15,1,4    0      15,1,4  -18e-5(o)   15,1,4  -28e-6(14) 26e-3    4   1.0    0
 3012  1.000    1  1454   2029.12.25   11,6,1    0      15,1,4  1.8e-4(g)   15,1,4  2.8e-5( 5) 26e-3    4   1.0    0
 3013  1.000    1  1455   2029.12.26   15,1,4    0      15,1,4  -18e-5(o)   15,1,4  -28e-6(14) 26e-3    4   1.0    0
 3014  1.000    1  1456   2029.12.27   15,1,4    0      15,1,4  -18e-5(o)   15,1,4  -28e-6(14) 26e-3    4   1.0    0
 3015  1.000    1  1457   2029.12.28   15,1,4    0      15,1,4  1.8e-4(g)   15,1,4  2.8e-5( 5) 26e-3    4   1.0    0
 3016  1.000    1  1458   2029.12.29   15,1,4    0      15,1,4  -18e-5(o)   15,1,4  2.8e-5( 5) 26e-3    4   1.0    0
 3017  1.000    1  1459   2029.12.30   15,1,4    0      15,1,4  -18e-5(o)   15,1,4  2.8e-5( 5) 26e-3    4   1.0    0
 3018  1.000    1  1460   2029.12.31   15,1,4    0      15,1,4  1.8e-4(g)   15,1,4  -28e-6(14) 26e-3    4   1.0    0
 3019  1.000    1  1461   2030.01.01   15,1,4    0      15,1,4  -18e-5(o)   15,1,4  -28e-6(14) 26e-3    4   1.0    0
 3020  1.000    1  1462   2030.01.02    8,7,1    0      15,1,4  1.8e-4(g)   15,1,4  -28e-6(14) 26e-3    4   1.0    0
1

                                     G E M   T I M E   S T E P   S U M M A R Y
                                               sanwei 30cm shale CO2
 ====================================================================================================================
     Time Step            Time                            Maximum Changes                       Mat  Cum    Solver
 ----------------- ----------------- ---------------------------------------------------------  Bal  time -----------
       Size Newton                        Pressure         Saturation         Composition       Err  step Iter/   Cum
 No.   days  cycls  Days     Date      Block     kpa     Block   Fraction   Block    Fraction    %   cuts  Cycl  Fail
 ----  ------ ---- ------ ---------- --------- ------ --------- --------- --------- ---------- ----- ---- ----- -----
 3021  1.000    1  1463   2030.01.03   14,7,1    0      15,1,4  1.8e-4(g)   15,1,4  -28e-6(14) 26e-3    4   1.0    0
 3022  1.000    1  1464   2030.01.04   15,1,4    0      15,1,4  1.8e-4(g)   15,1,4  2.8e-5( 5) 26e-3    4   1.0    0
 3023  1.000    1  1465   2030.01.05   15,1,4    0      15,1,4  1.8e-4(g)   15,1,4  -28e-6(14) 26e-3    4   1.0    0
 3024  1.000    1  1466   2030.01.06   15,1,4    0      15,1,4  -18e-5(o)   15,1,4  2.8e-5( 5) 26e-3    4   1.0    0
 3025  1.000    1  1467   2030.01.07   15,1,4    0      15,1,4  1.8e-4(g)   15,1,4  2.8e-5( 5) 26e-3    4   1.0    0
 3026  1.000    1  1468   2030.01.08   15,1,1    0      15,1,4  -18e-5(o)   15,1,4  2.8e-5( 5) 26e-3    4   1.0    0
 3027  1.000    1  1469   2030.01.09   15,1,4    0      15,1,4  1.8e-4(g)   15,1,4  -28e-6(14) 26e-3    4   1.0    0
 3028w 1.000    1  1470   2030.01.10    7,1,1    0      15,1,4  -18e-5(o)   15,1,4  2.8e-5( 5) 26e-3    4   1.0    0
 3029  1.000    1  1471   2030.01.11   15,1,4    0      15,1,4  1.8e-4(g)   15,1,4  -28e-6(14) 26e-3    4   1.0    0
 3030  1.000    1  1472   2030.01.12   14,2,1    0      15,1,4  -18e-5(o)   15,1,4  2.8e-5( 5) 26e-3    4   1.0    0
 3031  1.000    1  1473   2030.01.13   15,1,4    0      15,1,4  1.8e-4(g)   15,1,4  -28e-6(14) 26e-3    4   1.0    0
 3032  1.000    1  1474   2030.01.14   15,1,4    0      15,1,4  -18e-5(o)   15,1,4  2.8e-5( 5) 26e-3    4   1.0    0
 3033  1.000    1  1475   2030.01.15   15,1,4    0      15,1,4  1.8e-4(g)   15,1,4  -28e-6(14) 26e-3    4   1.0    0
 3034  1.000    1  1476   2030.01.16    9,9,1    0      15,1,4  -18e-5(o)   15,1,4  2.8e-5( 5) 26e-3    4   1.0    0
 3035  1.000    1  1477   2030.01.17   15,1,4    0      15,1,4  1.8e-4(g)   15,1,4  -28e-6(14) 26e-3    4   1.0    0
 3036  1.000    1  1478   2030.01.18   15,1,4    0      15,1,4  -18e-5(o)   15,1,4  2.8e-5( 5) 26e-3    4   1.0    0
 3037  1.000    1  1479   2030.01.19   15,1,4    0      15,1,4  -18e-5(o)   15,1,4  2.8e-5( 5) 26e-3    4   1.0    0
 3038  1.000    1  1480   2030.01.20   15,1,4    0      15,1,4  1.8e-4(g)   15,1,4  2.8e-5( 5) 26e-3    4   1.0    0
 3039  1.000    1  1481   2030.01.21    9,7,1    0      15,1,4  -18e-5(o)   15,1,4  2.8e-5( 5) 26e-3    4   1.0    0
 3040  1.000    1  1482   2030.01.22   15,1,4    0      15,1,4  1.8e-4(g)   15,1,4  2.8e-5( 5) 26e-3    4   1.0    0
1

                                     G E M   T I M E   S T E P   S U M M A R Y
                                               sanwei 30cm shale CO2
 ====================================================================================================================
     Time Step            Time                            Maximum Changes                       Mat  Cum    Solver
 ----------------- ----------------- ---------------------------------------------------------  Bal  time -----------
       Size Newton                        Pressure         Saturation         Composition       Err  step Iter/   Cum
 No.   days  cycls  Days     Date      Block     kpa     Block   Fraction   Block    Fraction    %   cuts  Cycl  Fail
 ----  ------ ---- ------ ---------- --------- ------ --------- --------- --------- ---------- ----- ---- ----- -----
 3041  1.000    1  1483   2030.01.23   15,1,4    0      15,1,4  1.8e-4(g)   15,1,4  2.8e-5( 5) 26e-3    4   1.0    0
 3042  1.000    1  1484   2030.01.24   15,1,4    0      15,1,4  -18e-5(o)   15,1,4  -28e-6(14) 26e-3    4   1.0    0
 3043  1.000    1  1485   2030.01.25   12,1,1    0      15,1,4  -18e-5(o)   15,1,4  2.8e-5( 5) 26e-3    4   1.0    0
 3044  1.000    1  1486   2030.01.26   10,7,1    0      15,1,4  1.8e-4(g)   15,1,4  2.8e-5( 5) 26e-3    4   1.0    0
 3045  1.000    1  1487   2030.01.27   10,7,1    0      15,1,4  -18e-5(o)   15,1,4  -28e-6(14) 26e-3    4   1.0    0
 3046  1.000    1  1488   2030.01.28   10,7,1    0      15,1,4  -18e-5(o)   15,1,4  2.8e-5( 5) 26e-3    4   1.0    0
 3047  1.000    1  1489   2030.01.29   15,1,4    0      15,1,4  -18e-5(o)   15,1,4  -28e-6(14) 26e-3    4   1.0    0
 3048  1.000    1  1490   2030.01.30   15,1,4    0      15,1,4  1.8e-4(g)   15,1,4  2.8e-5( 5) 26e-3    4   1.0    0
 3049  1.000    1  1491   2030.01.31   15,1,4    0      15,1,4  -18e-5(o)   15,1,4  -28e-6(14) 26e-3    4   1.0    0
 3050  1.000    1  1492   2030.02.01   15,1,4    0      15,1,4  -18e-5(o)   15,1,4  -28e-6(14) 26e-3    4   1.0    0
 3051  1.000    1  1493   2030.02.02   15,1,4    0      15,1,4  1.8e-4(g)   15,1,4  2.8e-5( 5) 26e-3    4   1.0    0
 3052  1.000    1  1494   2030.02.03   15,1,4    0      15,1,4  -18e-5(o)   15,1,4  2.8e-5( 5) 26e-3    4   1.0    0
 3053  1.000    1  1495   2030.02.04   15,1,4    0      15,1,4  -18e-5(o)   15,1,4  -28e-6(14) 26e-3    4   1.0    0
 3054  1.000    1  1496   2030.02.05   10,7,1    0      15,1,4  -18e-5(o)   15,1,4  -28e-6(14) 26e-3    4   1.0    0
 3055  1.000    1  1497   2030.02.06   15,1,4    0      15,1,4  1.8e-4(g)   15,1,4  2.8e-5( 5) 26e-3    4   1.0    0
 3056  1.000    1  1498   2030.02.07   15,1,4    0      15,1,4  -18e-5(o)   15,1,4  -28e-6(14) 26e-3    4   1.0    0
 3057  1.000    1  1499   2030.02.08   15,1,4    0      15,1,4  1.8e-4(g)   15,1,4  2.8e-5( 5) 26e-3    4   1.0    0
 3058w 1.000    1  1500   2030.02.09   15,1,4    0      15,1,4  1.8e-4(g)   15,1,4  2.8e-5( 5) 26e-3    4   1.0    0
 3059  1.000    1  1501   2030.02.10   15,1,4    0      15,1,4  -18e-5(o)   15,1,4  -28e-6(14) 26e-3    4   1.0    0
 3060  1.000    1  1502   2030.02.11   15,1,4    0      15,1,4  1.8e-4(g)   15,1,4  -28e-6(14) 26e-3    4   1.0    0
1

                                     G E M   T I M E   S T E P   S U M M A R Y
                                               sanwei 30cm shale CO2
 ====================================================================================================================
     Time Step            Time                            Maximum Changes                       Mat  Cum    Solver
 ----------------- ----------------- ---------------------------------------------------------  Bal  time -----------
       Size Newton                        Pressure         Saturation         Composition       Err  step Iter/   Cum
 No.   days  cycls  Days     Date      Block     kpa     Block   Fraction   Block    Fraction    %   cuts  Cycl  Fail
 ----  ------ ---- ------ ---------- --------- ------ --------- --------- --------- ---------- ----- ---- ----- -----
 3061  1.000    1  1503   2030.02.12   15,1,4    0      15,1,4  -18e-5(o)   15,1,4  2.8e-5( 5) 26e-3    4   1.0    0
 3062  1.000    1  1504   2030.02.13   10,7,1    0      15,1,4  -18e-5(o)   15,1,4  -28e-6(14) 26e-3    4   1.0    0
 3063  1.000    1  1505   2030.02.14   14,1,4    0      15,1,4  1.8e-4(g)   15,1,4  -28e-6(14) 26e-3    4   1.0    0
 3064  1.000    1  1506   2030.02.15   15,1,4    0      15,1,4  -18e-5(o)   15,1,4  -28e-6(14) 26e-3    4   1.0    0
 3065  1.000    1  1507   2030.02.16   15,1,4    0      15,1,4  -18e-5(o)   15,1,4  -28e-6(14) 26e-3    4   1.0    0
 3066  1.000    1  1508   2030.02.17    9,1,1    0      15,1,4  1.8e-4(g)   15,1,4  -28e-6(14) 26e-3    4   1.0    0
 3067  1.000    1  1509   2030.02.18   15,1,4    0      15,1,4  -18e-5(o)   15,1,4  -28e-6(14) 26e-3    4   1.0    0
 3068  1.000    1  1510   2030.02.19   15,1,4    0      15,1,4  1.8e-4(g)   15,1,4  2.8e-5( 5) 26e-3    4   1.0    0
 3069  1.000    1  1511   2030.02.20   15,1,4    0      15,1,4  -18e-5(o)   15,1,4  -28e-6(14) 26e-3    4   1.0    0
 3070  1.000    1  1512   2030.02.21   15,1,4    0      15,1,4  1.8e-4(g)   15,1,4  2.8e-5( 5) 26e-3    4   1.0    0
 3071  1.000    1  1513   2030.02.22    9,1,1    0      15,1,4  -18e-5(o)   15,1,4  -28e-6(14) 26e-3    4   1.0    0
 3072  1.000    1  1514   2030.02.23   10,7,1    0      15,1,4  1.8e-4(g)   15,1,4  -28e-6(14) 26e-3    4   1.0    0
 3073  1.000    1  1515   2030.02.24   10,7,1    0      15,1,4  -18e-5(o)   15,1,4  2.8e-5( 5) 26e-3    4   1.0    0
 3074  1.000    1  1516   2030.02.25   15,1,4    0      15,1,4  1.8e-4(g)   15,1,4  -28e-6(14) 26e-3    4   1.0    0
 3075  1.000    1  1517   2030.02.26   15,1,4    0      15,1,4  -18e-5(o)   15,1,4  -28e-6(14) 26e-3    4   1.0    0
 3076  1.000    1  1518   2030.02.27   15,1,4    0      15,1,4  1.8e-4(g)   15,1,4  2.8e-5( 5) 26e-3    4   1.0    0
 3077  1.000    1  1519   2030.02.28   15,1,4    0      15,1,4  1.8e-4(g)   15,1,4  2.8e-5( 5) 26e-3    4   1.0    0
 3078  1.000    1  1520   2030.03.01   15,1,4    0      15,1,4  -18e-5(o)   15,1,4  2.8e-5( 5) 26e-3    4   1.0    0
 3079  1.000    1  1521   2030.03.02   15,1,4    0      15,1,4  1.8e-4(g)   15,1,4  -28e-6(14) 26e-3    4   1.0    0
 3080  1.000    1  1522   2030.03.03    5,7,1    0      15,1,4  -18e-5(o)   15,1,4  2.8e-5( 5) 26e-3    4   1.0    0
1

                                     G E M   T I M E   S T E P   S U M M A R Y
                                               sanwei 30cm shale CO2
 ====================================================================================================================
     Time Step            Time                            Maximum Changes                       Mat  Cum    Solver
 ----------------- ----------------- ---------------------------------------------------------  Bal  time -----------
       Size Newton                        Pressure         Saturation         Composition       Err  step Iter/   Cum
 No.   days  cycls  Days     Date      Block     kpa     Block   Fraction   Block    Fraction    %   cuts  Cycl  Fail
 ----  ------ ---- ------ ---------- --------- ------ --------- --------- --------- ---------- ----- ---- ----- -----
 3081  1.000    1  1523   2030.03.04   15,1,4    0      15,1,4  1.8e-4(g)   15,1,4  2.8e-5( 5) 26e-3    4   1.0    0
 3082  1.000    1  1524   2030.03.05   15,1,4    0      15,1,4  -18e-5(o)   15,1,4  2.8e-5( 5) 26e-3    4   1.0    0
 3083  1.000    1  1525   2030.03.06    5,7,1    0      15,1,4  -18e-5(o)   15,1,4  2.8e-5( 5) 26e-3    4   1.0    0
 3084  1.000    1  1526   2030.03.07    5,7,1    0      15,1,4  -18e-5(o)   15,1,4  2.8e-5( 5) 26e-3    4   1.0    0
 3085  1.000    1  1527   2030.03.08   15,1,4    0      15,1,4  1.8e-4(g)   15,1,4  2.8e-5( 5) 26e-3    4   1.0    0
 3086  1.000    1  1528   2030.03.09   15,1,4    0      15,1,4  1.8e-4(g)   15,1,4  -28e-6(14) 26e-3    4   1.0    0
 3087  1.000    1  1529   2030.03.10   15,1,4    0      15,1,4  1.8e-4(g)   15,1,4  2.8e-5( 5) 26e-3    4   1.0    0
 3088w 1.000    1  1530   2030.03.11   15,1,4    0      15,1,4  1.8e-4(g)   15,1,4  2.8e-5( 5) 26e-3    4   1.0    0
 3089  1.000    1  1531   2030.03.12   15,1,4    0      15,1,4  -18e-5(o)   15,1,4  2.8e-5( 5) 26e-3    4   1.0    0
 3090  1.000    1  1532   2030.03.13    5,7,1    0      15,1,4  1.8e-4(g)   15,1,4  -28e-6(14) 26e-3    4   1.0    0
 3091  1.000    1  1533   2030.03.14   12,3,1    0      15,1,4  -18e-5(o)   15,1,4  2.8e-5( 5) 26e-3    4   1.0    0
 3092  1.000    1  1534   2030.03.15   15,1,4    0      15,1,4  1.8e-4(g)   15,1,4  2.8e-5( 5) 26e-3    4   1.0    0
 3093  1.000    1  1535   2030.03.16   15,1,4    0      15,1,4  1.8e-4(g)   15,1,4  -28e-6(14) 26e-3    4   1.0    0
 3094  1.000    1  1536   2030.03.17   15,1,4    0      15,1,4  1.8e-4(g)   15,1,4  2.8e-5( 5) 26e-3    4   1.0    0
 3095  1.000    1  1537   2030.03.18   15,1,4    0      15,1,4  -18e-5(o)   15,1,4  2.7e-5( 5) 26e-3    4   1.0    0
 3096  1.000    1  1538   2030.03.19   15,1,4    0      15,1,4  -18e-5(o)   15,1,4  -27e-6(14) 26e-3    4   1.0    0
 3097  1.000    1  1539   2030.03.20   15,1,4    0      15,1,4  1.8e-4(g)   15,1,4  2.7e-5( 5) 26e-3    4   1.0    0
 3098  1.000    1  1540   2030.03.21   15,1,4    0      15,1,4  -18e-5(o)   15,1,4  2.7e-5( 5) 26e-3    4   1.0    0
 3099  1.000    1  1541   2030.03.22   15,1,4    0      15,1,4  1.8e-4(g)   15,1,4  2.7e-5( 5) 26e-3    4   1.0    0
 3100  1.000    1  1542   2030.03.23   15,1,4    0      15,1,4  -18e-5(o)   15,1,4  2.7e-5( 5) 26e-3    4   1.0    0
1

                                     G E M   T I M E   S T E P   S U M M A R Y
                                               sanwei 30cm shale CO2
 ====================================================================================================================
     Time Step            Time                            Maximum Changes                       Mat  Cum    Solver
 ----------------- ----------------- ---------------------------------------------------------  Bal  time -----------
       Size Newton                        Pressure         Saturation         Composition       Err  step Iter/   Cum
 No.   days  cycls  Days     Date      Block     kpa     Block   Fraction   Block    Fraction    %   cuts  Cycl  Fail
 ----  ------ ---- ------ ---------- --------- ------ --------- --------- --------- ---------- ----- ---- ----- -----
 3101  1.000    1  1543   2030.03.24   15,1,4    0      15,1,4  -18e-5(o)   15,1,4  -27e-6(14) 26e-3    4   1.0    0
 3102  1.000    1  1544   2030.03.25  14,11,1    0      15,1,4  1.8e-4(g)   15,1,4  2.7e-5( 5) 26e-3    4   1.0    0
 3103  1.000    1  1545   2030.03.26   15,1,4    0      15,1,4  1.8e-4(g)   15,1,4  -27e-6(14) 26e-3    4   1.0    0
 3104  1.000    1  1546   2030.03.27   15,1,4    0      15,1,4  -18e-5(o)   15,1,4  2.7e-5( 5) 26e-3    4   1.0    0
 3105  1.000    1  1547   2030.03.28   15,1,4    0      15,1,4  1.8e-4(g)   15,1,4  2.7e-5( 5) 26e-3    4   1.0    0
 3106  1.000    1  1548   2030.03.29   15,1,4    0      15,1,4  -18e-5(o)   15,1,4  -27e-6(14) 26e-3    4   1.0    0
 3107  1.000    1  1549   2030.03.30   15,1,4    0      15,1,4  1.8e-4(g)   15,1,4  2.7e-5( 5) 26e-3    4   1.0    0
 3108  1.000    1  1550   2030.03.31   15,1,4    0      15,1,4  1.8e-4(g)   15,1,4  2.7e-5( 5) 26e-3    4   1.0    0
 3109  1.000    1  1551   2030.04.01   15,1,4    0      15,1,4  -18e-5(o)   15,1,4  -27e-6(14) 26e-3    4   1.0    0
 3110  1.000    1  1552   2030.04.02   15,1,4    0      15,1,4  1.8e-4(g)   15,1,4  2.7e-5( 5) 26e-3    4   1.0    0
 3111  1.000    1  1553   2030.04.03   15,1,4    0      15,1,4  -18e-5(o)   15,1,4  2.7e-5( 5) 26e-3    4   1.0    0
 3112  1.000    1  1554   2030.04.04   15,1,4    0      15,1,4  1.8e-4(g)   15,1,4  2.7e-5( 5) 26e-3    4   1.0    0
 3113  1.000    1  1555   2030.04.05   15,1,4    0      15,1,4  -18e-5(o)   15,1,4  -27e-6(14) 26e-3    4   1.0    0
 3114  1.000    1  1556   2030.04.06   15,1,4    0      15,1,4  1.8e-4(g)   15,1,4  2.7e-5( 5) 26e-3    4   1.0    0
 3115  1.000    1  1557   2030.04.07   15,1,4    0      15,1,4  -18e-5(o)   15,1,4  -27e-6(14) 26e-3    4   1.0    0
 3116  1.000    1  1558   2030.04.08   15,1,4    0      15,1,4  -18e-5(o)   15,1,4  2.7e-5( 5) 26e-3    4   1.0    0
 3117  1.000    1  1559   2030.04.09   12,1,4    0      15,1,4  1.8e-4(g)   15,1,4  2.7e-5( 5) 26e-3    4   1.0    0
 3118w 1.000    1  1560   2030.04.10   15,1,4    0      15,1,4  -18e-5(o)   15,1,4  2.7e-5( 5) 26e-3    4   1.0    0
 3119  1.000    1  1561   2030.04.11   15,1,4    0      15,1,4  1.8e-4(g)   15,1,4  2.7e-5( 5) 26e-3    4   1.0    0
 3120  1.000    1  1562   2030.04.12   15,1,4    0      15,1,4  1.8e-4(g)   15,1,4  -27e-6(14) 26e-3    4   1.0    0
1

                                     G E M   T I M E   S T E P   S U M M A R Y
                                               sanwei 30cm shale CO2
 ====================================================================================================================
     Time Step            Time                            Maximum Changes                       Mat  Cum    Solver
 ----------------- ----------------- ---------------------------------------------------------  Bal  time -----------
       Size Newton                        Pressure         Saturation         Composition       Err  step Iter/   Cum
 No.   days  cycls  Days     Date      Block     kpa     Block   Fraction   Block    Fraction    %   cuts  Cycl  Fail
 ----  ------ ---- ------ ---------- --------- ------ --------- --------- --------- ---------- ----- ---- ----- -----
 3121  1.000    1  1563   2030.04.13   15,1,4    0      15,1,4  -18e-5(o)   15,1,4  2.7e-5( 5) 26e-3    4   1.0    0
 3122  1.000    1  1564   2030.04.14   15,1,4    0      15,1,4  1.8e-4(g)   15,1,4  2.7e-5( 5) 26e-3    4   1.0    0
 3123  1.000    1  1565   2030.04.15   15,1,4    0      15,1,4  -18e-5(o)   15,1,4  -27e-6(14) 26e-3    4   1.0    0
 3124  1.000    1  1566   2030.04.16   15,1,4    0      15,1,4  1.8e-4(g)   15,1,4  2.7e-5( 5) 26e-3    4   1.0    0
 3125  1.000    1  1567   2030.04.17   15,1,4    0      15,1,4  -18e-5(o)   15,1,4  -27e-6(14) 26e-3    4   1.0    0
 3126  1.000    1  1568   2030.04.18   15,1,4    0      15,1,4  -18e-5(o)   15,1,4  -27e-6(14) 26e-3    4   1.0    0
 3127  1.000    1  1569   2030.04.19   15,1,4    0      15,1,4  -18e-5(o)   15,1,4  2.7e-5( 5) 26e-3    4   1.0    0
 3128  1.000    1  1570   2030.04.20   15,6,2    0      15,1,4  1.8e-4(g)   15,1,4  2.7e-5( 5) 26e-3    4   1.0    0
 3129  1.000    1  1571   2030.04.21   15,6,2    0      15,1,4  1.8e-4(g)   15,1,4  2.7e-5( 5) 26e-3    4   1.0    0
 3130  1.000    1  1572   2030.04.22   15,1,4    0      15,1,4  1.8e-4(g)   15,1,4  -27e-6(14) 26e-3    4   1.0    0
 3131  1.000    1  1573   2030.04.23   15,1,4    0      15,1,4  1.8e-4(g)   15,1,4  -27e-6(14) 26e-3    4   1.0    0
 3132  1.000    1  1574   2030.04.24   15,1,4    0      15,1,4  1.8e-4(g)   15,1,4  2.7e-5( 5) 26e-3    4   1.0    0
 3133  1.000    1  1575   2030.04.25   15,1,4    0      15,1,4  -18e-5(o)   15,1,4  2.7e-5( 5) 26e-3    4   1.0    0
 3134  1.000    1  1576   2030.04.26   15,1,4    0      15,1,4  1.8e-4(g)   15,1,4  -27e-6(14) 26e-3    4   1.0    0
 3135  1.000    1  1577   2030.04.27   15,1,4    0      15,1,4  1.8e-4(g)   15,1,4  -27e-6(14) 26e-3    4   1.0    0
 3136  1.000    1  1578   2030.04.28   15,1,4    0      15,1,4  1.8e-4(g)   15,1,4  2.7e-5( 5) 26e-3    4   1.0    0
 3137  1.000    1  1579   2030.04.29   15,1,4    0      15,1,4  -18e-5(o)   15,1,4  2.7e-5( 5) 26e-3    4   1.0    0
 3138  1.000    1  1580   2030.04.30   15,1,4    0      15,1,4  -18e-5(o)   15,1,4  -27e-6(14) 26e-3    4   1.0    0
 3139  1.000    1  1581   2030.05.01   15,1,4    0      15,1,4  1.8e-4(g)   15,1,4  -27e-6(14) 26e-3    4   1.0    0
 3140  1.000    1  1582   2030.05.02   15,1,4    0      15,1,4  -18e-5(o)   15,1,4  2.7e-5( 5) 26e-3    4   1.0    0
1

                                     G E M   T I M E   S T E P   S U M M A R Y
                                               sanwei 30cm shale CO2
 ====================================================================================================================
     Time Step            Time                            Maximum Changes                       Mat  Cum    Solver
 ----------------- ----------------- ---------------------------------------------------------  Bal  time -----------
       Size Newton                        Pressure         Saturation         Composition       Err  step Iter/   Cum
 No.   days  cycls  Days     Date      Block     kpa     Block   Fraction   Block    Fraction    %   cuts  Cycl  Fail
 ----  ------ ---- ------ ---------- --------- ------ --------- --------- --------- ---------- ----- ---- ----- -----
 3141  1.000    1  1583   2030.05.03   15,1,4    0      15,1,4  1.8e-4(g)   15,1,4  2.7e-5( 5) 26e-3    4   1.0    0
 3142  1.000    1  1584   2030.05.04   15,1,4    0      15,1,4  -18e-5(o)   15,1,4  -27e-6(14) 26e-3    4   1.0    0
 3143  1.000    1  1585   2030.05.05   15,1,4    0      15,1,4  1.8e-4(g)   15,1,4  2.7e-5( 5) 26e-3    4   1.0    0
 3144  1.000    1  1586   2030.05.06   15,1,4    0      15,1,4  -18e-5(o)   15,1,4  -27e-6(14) 26e-3    4   1.0    0
 3145  1.000    1  1587   2030.05.07   15,1,4    0      15,1,4  1.8e-4(g)   15,1,4  2.7e-5( 5) 26e-3    4   1.0    0
 3146  1.000    1  1588   2030.05.08   15,1,5    0      15,1,4  -18e-5(o)   15,1,4  -27e-6(14) 26e-3    4   1.0    0
 3147  1.000    1  1589   2030.05.09   15,1,5    0      15,1,4  1.8e-4(g)   15,1,4  -27e-6(14) 26e-3    4   1.0    0
 3148w 1.000    1  1590   2030.05.10   15,1,4    0      15,1,4  -18e-5(o)   15,1,4  2.7e-5( 5) 26e-3    4   1.0    0
 3149  1.000    1  1591   2030.05.11   15,1,5    0      15,1,4  1.8e-4(g)   15,1,4  -27e-6(14) 26e-3    4   1.0    0
 3150  1.000    1  1592   2030.05.12   15,1,5    0      15,1,4  -18e-5(o)   15,1,4  -27e-6(14) 26e-3    4   1.0    0
 3151  1.000    1  1593   2030.05.13   15,1,4    0      15,1,4  1.8e-4(g)   15,1,4  2.7e-5( 5) 26e-3    4   1.0    0
 3152  1.000    1  1594   2030.05.14   15,1,5    0      15,1,4  .9998 (o)   15,1,4  -27e-6(14) 26e-3    4   1.0    0
 3153  1.000    1  1595   2030.05.15   15,1,4  4.2e-3   15,1,3  -25e-6(o)   15,1,4  -23e-6(14) 26e-3    4   3.0    0
 3154  1.000    1  1596   2030.05.16   15,1,4  -26e-6   15,1,3  -44e-6(o)   15,1,4  -20e-6(14) 26e-3    4   1.0    0
 3155  1.000    1  1597   2030.05.17   15,1,4  -97e-7   15,1,3  6.0e-5(g)   15,1,4  1.7e-5( 5) 26e-3    4   1.0    0
 3156  1.000    1  1598   2030.05.18   15,1,4  -89e-7   15,1,3  -74e-6(o)   15,1,4  1.5e-5( 5) 26e-3    4   1.0    0
 3157  1.000    1  1599   2030.05.19   15,1,4  -79e-7   15,1,3  -87e-6(o)   15,1,3  -14e-6(14) 26e-3    4   1.0    0
 3158  1.000    1  1600   2030.05.20   15,1,4  -71e-7   15,1,3  9.8e-5(g)   15,1,3  -16e-6(14) 26e-3    4   1.0    0
 3159  1.000    1  1601   2030.05.21   15,1,4  -63e-7   15,1,3  -10e-5(o)   15,1,3  1.7e-5( 5) 26e-3    4   1.0    0
 3160  1.000    1  1602   2030.05.22   15,1,4  -56e-7   15,1,3  -11e-5(o)   15,1,3  -19e-6(14) 26e-3    4   1.0    0
1

                                     G E M   T I M E   S T E P   S U M M A R Y
                                               sanwei 30cm shale CO2
 ====================================================================================================================
     Time Step            Time                            Maximum Changes                       Mat  Cum    Solver
 ----------------- ----------------- ---------------------------------------------------------  Bal  time -----------
       Size Newton                        Pressure         Saturation         Composition       Err  step Iter/   Cum
 No.   days  cycls  Days     Date      Block     kpa     Block   Fraction   Block    Fraction    %   cuts  Cycl  Fail
 ----  ------ ---- ------ ---------- --------- ------ --------- --------- --------- ---------- ----- ---- ----- -----
 3161  1.000    1  1603   2030.05.23   15,1,4  -49e-7   15,1,3  -12e-5(o)   15,1,3  2.0e-5( 5) 26e-3    4   1.0    0
 3162  1.000    1  1604   2030.05.24   15,1,4  -44e-7   15,1,3  1.3e-4(g)   15,1,3  -21e-6(14) 26e-3    4   1.0    0
 3163  1.000    1  1605   2030.05.25   15,1,4  -39e-7   15,1,3  -13e-5(o)   15,1,3  2.2e-5( 5) 26e-3    4   1.0    0
 3164  1.000    1  1606   2030.05.26   15,1,4  -34e-7   15,1,3  1.4e-4(g)   15,1,3  2.3e-5( 5) 26e-3    4   1.0    0
 3165  1.000    1  1607   2030.05.27   15,1,4  -30e-7   15,1,3  1.4e-4(g)   15,1,3  -24e-6(14) 26e-3    4   1.0    0
 3166  1.000    1  1608   2030.05.28   15,1,4  -27e-7   15,1,3  1.5e-4(g)   15,1,3  -24e-6(14) 26e-3    4   1.0    0
 3167  1.000    1  1609   2030.05.29   15,1,4  -23e-7   15,1,3  -15e-5(o)   15,1,3  -25e-6(14) 26e-3    4   1.0    0
 3168  1.000    1  1610   2030.05.30   15,1,4  -21e-7   15,1,3  1.5e-4(g)   15,1,3  -25e-6(14) 26e-3    4   1.0    0
 3169  1.000    1  1611   2030.05.31   15,1,4  -18e-7   15,1,3  -16e-5(o)   15,1,3  2.6e-5( 5) 26e-3    4   1.0    0
 3170  1.000    1  1612   2030.06.01   15,1,4  -16e-7   15,1,3  1.6e-4(g)   15,1,3  2.6e-5( 5) 26e-3    4   1.0    0
 3171  1.000    1  1613   2030.06.02   15,1,4  -14e-7   15,1,3  -16e-5(o)   15,1,3  -27e-6(14) 26e-3    4   1.0    0
 3172  1.000    1  1614   2030.06.03   15,1,4  -12e-7   15,1,3  1.6e-4(g)   15,1,3  2.7e-5( 5) 26e-3    4   1.0    0
 3173  1.000    1  1615   2030.06.04   15,1,4  -11e-7   15,1,3  -17e-5(o)   15,1,3  -27e-6(14) 26e-3    4   1.0    0
 3174  1.000    1  1616   2030.06.05   15,1,4  -10e-7   15,1,3  1.7e-4(g)   15,1,3  2.7e-5( 5) 26e-3    4   1.0    0
 3175  1.000    1  1617   2030.06.06   15,1,4  -89e-8   15,1,3  1.7e-4(g)   15,1,3  2.8e-5( 5) 26e-3    4   1.0    0
 3176  1.000    1  1618   2030.06.07   15,1,4  -79e-8   15,1,3  -17e-5(o)   15,1,3  -28e-6(14) 26e-3    4   1.0    0
 3177  1.000    1  1619   2030.06.08   15,1,4  -69e-8   15,1,3  -17e-5(o)   15,1,3  2.8e-5( 5) 26e-3    4   1.0    0
 3178w 1.000    1  1620   2030.06.09   15,1,4  -61e-8   15,1,3  1.7e-4(g)   15,1,3  -28e-6(14) 26e-3    4   1.0    0
 3179  1.000    1  1621   2030.06.10   15,1,4  -54e-8   15,1,3  -17e-5(o)   15,1,3  2.8e-5( 5) 26e-3    4   1.0    0
 3180  1.000    1  1622   2030.06.11   15,1,4  -48e-8   15,1,3  -17e-5(o)   15,1,3  -28e-6(14) 26e-3    4   1.0    0
1

                                     G E M   T I M E   S T E P   S U M M A R Y
                                               sanwei 30cm shale CO2
 ====================================================================================================================
     Time Step            Time                            Maximum Changes                       Mat  Cum    Solver
 ----------------- ----------------- ---------------------------------------------------------  Bal  time -----------
       Size Newton                        Pressure         Saturation         Composition       Err  step Iter/   Cum
 No.   days  cycls  Days     Date      Block     kpa     Block   Fraction   Block    Fraction    %   cuts  Cycl  Fail
 ----  ------ ---- ------ ---------- --------- ------ --------- --------- --------- ---------- ----- ---- ----- -----
 3181  1.000    1  1623   2030.06.12   15,1,4  -42e-8   15,1,3  1.7e-4(g)   15,1,3  2.9e-5( 5) 26e-3    4   1.0    0
 3182  1.000    1  1624   2030.06.13   15,1,4  -37e-8   15,1,3  1.7e-4(g)   15,1,3  -29e-6(14) 26e-3    4   1.0    0
 3183  1.000    1  1625   2030.06.14   15,1,4  -33e-8   15,1,3  -17e-5(o)   15,1,3  -29e-6(14) 26e-3    4   1.0    0
 3184  1.000    1  1626   2030.06.15   15,1,4  -29e-8   15,1,3  -18e-5(o)   15,1,3  -29e-6(14) 26e-3    4   1.0    0
 3185  1.000    1  1627   2030.06.16   15,1,4  -26e-8   15,1,3  1.8e-4(g)   15,1,3  -29e-6(14) 26e-3    4   1.0    0
 3186  1.000    1  1628   2030.06.17   15,1,4  -23e-8   15,1,3  -18e-5(o)   15,1,3  2.9e-5( 5) 26e-3    4   1.0    0
 3187  1.000    1  1629   2030.06.18   15,1,4  -20e-8   15,1,3  -18e-5(o)   15,1,3  -29e-6(14) 26e-3    4   1.0    0
 3188  1.000    1  1630   2030.06.19   15,1,4  -18e-8   15,1,3  1.8e-4(g)   15,1,3  -29e-6(14) 26e-3    4   1.0    0
 3189  1.000    1  1631   2030.06.20   15,1,4  -15e-8   15,1,3  -18e-5(o)   15,1,3  2.9e-5( 5) 26e-3    4   1.0    0
 3190  1.000    1  1632   2030.06.21   15,1,4  -14e-8   15,1,3  -18e-5(o)   15,1,3  -29e-6(14) 26e-3    4   1.0    0
 3191  1.000    1  1633   2030.06.22   15,1,4  -12e-8   15,1,3  -18e-5(o)   15,1,3  -29e-6(14) 26e-3    4   1.0    0
 3192  1.000    1  1634   2030.06.23   15,1,4  -11e-8   15,1,3  -18e-5(o)   15,1,3  -29e-6(14) 26e-3    4   1.0    0
 3193  1.000    1  1635   2030.06.24   15,1,4  -97e-9   15,1,3  -18e-5(o)   15,1,3  2.9e-5( 5) 26e-3    4   1.0    0
 3194  1.000    1  1636   2030.06.25   15,1,4  -86e-9   15,1,3  1.8e-4(g)   15,1,3  -29e-6(14) 26e-3    4   1.0    0
 3195  1.000    1  1637   2030.06.26   15,1,4  -76e-9   15,1,3  -18e-5(o)   15,1,3  -29e-6(14) 26e-3    4   1.0    0
 3196  1.000    1  1638   2030.06.27   15,1,4  -67e-9   15,1,3  1.8e-4(g)   15,1,3  2.9e-5( 5) 26e-3    4   1.0    0
 3197  1.000    1  1639   2030.06.28   15,1,4  -60e-9   15,1,3  1.8e-4(g)   15,1,3  2.9e-5( 5) 26e-3    4   1.0    0
 3198  1.000    1  1640   2030.06.29   15,1,4  -53e-9   15,1,3  -18e-5(o)   15,1,3  -29e-6(14) 26e-3    4   1.0    0
 3199  1.000    1  1641   2030.06.30   15,1,4  -47e-9   15,1,3  1.8e-4(g)   15,1,3  2.9e-5( 5) 26e-3    4   1.0    0
 3200  1.000    1  1642   2030.07.01   15,1,4  -41e-9   15,1,3  -18e-5(o)   15,1,3  2.9e-5( 5) 26e-3    4   1.0    0
1

                                     G E M   T I M E   S T E P   S U M M A R Y
                                               sanwei 30cm shale CO2
 ====================================================================================================================
     Time Step            Time                            Maximum Changes                       Mat  Cum    Solver
 ----------------- ----------------- ---------------------------------------------------------  Bal  time -----------
       Size Newton                        Pressure         Saturation         Composition       Err  step Iter/   Cum
 No.   days  cycls  Days     Date      Block     kpa     Block   Fraction   Block    Fraction    %   cuts  Cycl  Fail
 ----  ------ ---- ------ ---------- --------- ------ --------- --------- --------- ---------- ----- ---- ----- -----
 3201  1.000    1  1643   2030.07.02   15,1,4  -36e-9   15,1,3  1.8e-4(g)   15,1,3  -29e-6(14) 26e-3    4   1.0    0
 3202  1.000    1  1644   2030.07.03   15,1,4  -32e-9   15,1,3  -18e-5(o)   15,1,3  2.9e-5( 5) 26e-3    4   1.0    0
 3203  1.000    1  1645   2030.07.04   15,1,4  -28e-9   15,1,3  -18e-5(o)   15,1,3  -29e-6(14) 26e-3    4   1.0    0
 3204  1.000    1  1646   2030.07.05   15,1,4  -25e-9   15,1,3  -18e-5(o)   15,1,3  -29e-6(14) 26e-3    4   1.0    0
 3205  1.000    1  1647   2030.07.06   15,1,4  -22e-9   15,1,3  -18e-5(o)   15,1,3  2.9e-5( 5) 26e-3    4   1.0    0
 3206  1.000    1  1648   2030.07.07   15,1,4  -20e-9   15,1,3  1.8e-4(g)   15,1,3  2.9e-5( 5) 26e-3    4   1.0    0
 3207  1.000    1  1649   2030.07.08   15,1,4  -17e-9   15,1,3  -18e-5(o)   15,1,3  2.9e-5( 5) 26e-3    4   1.0    0
 3208w 1.000    1  1650   2030.07.09   15,1,4  -15e-9   15,1,3  1.8e-4(g)   15,1,3  -29e-6(14) 26e-3    4   1.0    0
 3209  1.000    1  1651   2030.07.10   15,1,4  -13e-9   15,1,3  -18e-5(o)   15,1,3  2.9e-5( 5) 26e-3    4   1.0    0
 3210  1.000    1  1652   2030.07.11   15,1,4  -12e-9   15,1,3  -18e-5(o)   15,1,3  -29e-6(14) 26e-3    4   1.0    0
 3211  1.000    1  1653   2030.07.12   15,1,4  -10e-9   15,1,3  1.8e-4(g)   15,1,3  -29e-6(14) 26e-3    4   1.0    0
 3212  1.000    1  1654   2030.07.13   15,1,4  -9.e-9   15,1,3  -18e-5(o)   15,1,3  -29e-6(14) 26e-3    4   1.0    0
 3213  1.000    1  1655   2030.07.14   15,1,4  -8.e-9   15,1,3  1.8e-4(g)   15,1,3  2.9e-5( 5) 26e-3    4   1.0    0
 3214  1.000    1  1656   2030.07.15   15,1,4  -7.e-9   15,1,3  -18e-5(o)   15,1,3  2.9e-5( 5) 26e-3    4   1.0    0
 3215  1.000    1  1657   2030.07.16   15,1,4  -6.e-9   15,1,3  -18e-5(o)   15,1,3  2.9e-5( 5) 26e-3    4   1.0    0
 3216  1.000    1  1658   2030.07.17   15,1,4  -5.e-9   15,1,3  1.8e-4(g)   15,1,3  -29e-6(14) 26e-3    4   1.0    0
 3217  1.000    1  1659   2030.07.18   15,1,4  -5.e-9   15,1,3  1.8e-4(g)   15,1,3  -29e-6(14) 26e-3    4   1.0    0
 3218  1.000    1  1660   2030.07.19   15,1,4  -4.e-9   15,1,3  -18e-5(o)   15,1,3  2.9e-5( 5) 26e-3    4   1.0    0
 3219  1.000    1  1661   2030.07.20   15,1,4  -4.e-9   15,1,3  1.8e-4(g)   15,1,3  2.9e-5( 5) 26e-3    4   1.0    0
 3220  1.000    1  1662   2030.07.21   15,1,4  -3.e-9   15,1,3  -18e-5(o)   15,1,3  -29e-6(14) 26e-3    4   1.0    0
1

                                     G E M   T I M E   S T E P   S U M M A R Y
                                               sanwei 30cm shale CO2
 ====================================================================================================================
     Time Step            Time                            Maximum Changes                       Mat  Cum    Solver
 ----------------- ----------------- ---------------------------------------------------------  Bal  time -----------
       Size Newton                        Pressure         Saturation         Composition       Err  step Iter/   Cum
 No.   days  cycls  Days     Date      Block     kpa     Block   Fraction   Block    Fraction    %   cuts  Cycl  Fail
 ----  ------ ---- ------ ---------- --------- ------ --------- --------- --------- ---------- ----- ---- ----- -----
 3221  1.000    1  1663   2030.07.22   15,1,4  -3.e-9   15,1,3  1.8e-4(g)   15,1,3  2.9e-5( 5) 26e-3    4   1.0    0
 3222  1.000    1  1664   2030.07.23   15,1,4  -2.e-9   15,1,3  -18e-5(o)   15,1,3  -29e-6(14) 26e-3    4   1.0    0
 3223  1.000    1  1665   2030.07.24   15,1,4  -2.e-9   15,1,3  1.8e-4(g)   15,1,3  2.9e-5( 5) 26e-3    4   1.0    0
 3224  1.000    1  1666   2030.07.25   15,1,4  -2.e-9   15,1,3  -18e-5(o)   15,1,3  2.9e-5( 5) 26e-3    4   1.0    0
 3225  1.000    1  1667   2030.07.26   15,1,4  -2.e-9   15,1,3  1.8e-4(g)   15,1,3  -29e-6(14) 26e-3    4   1.0    0
 3226  1.000    1  1668   2030.07.27   15,1,4  -1.e-9   15,1,3  -18e-5(o)   15,1,3  2.9e-5( 5) 26e-3    4   1.0    0
 3227  1.000    1  1669   2030.07.28   15,1,4  -1.e-9   15,1,3  -18e-5(o)   15,1,3  -29e-6(14) 26e-3    4   1.0    0
 3228  1.000    1  1670   2030.07.29   15,1,4  -1.e-9   15,1,3  1.8e-4(g)   15,1,3  2.9e-5( 5) 26e-3    4   1.0    0
 3229  1.000    1  1671   2030.07.30   15,1,4  -1.e-9   15,1,3  -18e-5(o)   15,1,3  2.9e-5( 5) 26e-3    4   1.0    0
 3230  1.000    1  1672   2030.07.31   15,1,4  -1.e-9   15,1,3  1.8e-4(g)   15,1,3  2.9e-5( 5) 26e-3    4   1.0    0
 3231  1.000    1  1673   2030.08.01   15,1,4  -1.e-9   15,1,3  -18e-5(o)   15,1,3  2.9e-5( 5) 26e-3    4   1.0    0
 3232  1.000    1  1674   2030.08.02   15,1,4    0      15,1,3  1.8e-4(g)   15,1,3  -29e-6(14) 26e-3    4   1.0    0
 3233  1.000    1  1675   2030.08.03   15,1,4    0      15,1,3  -18e-5(o)   15,1,3  -29e-6(14) 26e-3    4   1.0    0
 3234  1.000    1  1676   2030.08.04   15,1,4    0      15,1,3  -18e-5(o)   15,1,3  2.9e-5( 5) 26e-3    4   1.0    0
 3235  1.000    1  1677   2030.08.05   15,1,4    0      15,1,3  1.8e-4(g)   15,1,3  -29e-6(14) 26e-3    4   1.0    0
 3236  1.000    1  1678   2030.08.06   15,1,4    0      15,1,3  -18e-5(o)   15,1,3  2.9e-5( 5) 26e-3    4   1.0    0
 3237  1.000    1  1679   2030.08.07   15,1,4    0      15,1,3  1.8e-4(g)   15,1,3  -29e-6(14) 26e-3    4   1.0    0
 3238w 1.000    1  1680   2030.08.08   15,1,4    0      15,1,3  -18e-5(o)   15,1,3  2.9e-5( 5) 26e-3    4   1.0    0
 3239  1.000    1  1681   2030.08.09   15,1,4    0      15,1,3  1.8e-4(g)   15,1,3  -29e-6(14) 26e-3    4   1.0    0
 3240  1.000    1  1682   2030.08.10   15,1,4    0      15,1,3  -18e-5(o)   15,1,3  2.9e-5( 5) 26e-3    4   1.0    0
1

                                     G E M   T I M E   S T E P   S U M M A R Y
                                               sanwei 30cm shale CO2
 ====================================================================================================================
     Time Step            Time                            Maximum Changes                       Mat  Cum    Solver
 ----------------- ----------------- ---------------------------------------------------------  Bal  time -----------
       Size Newton                        Pressure         Saturation         Composition       Err  step Iter/   Cum
 No.   days  cycls  Days     Date      Block     kpa     Block   Fraction   Block    Fraction    %   cuts  Cycl  Fail
 ----  ------ ---- ------ ---------- --------- ------ --------- --------- --------- ---------- ----- ---- ----- -----
 3241  1.000    1  1683   2030.08.11   15,1,4    0      15,1,3  1.8e-4(g)   15,1,3  -29e-6(14) 26e-3    4   1.0    0
 3242  1.000    1  1684   2030.08.12   15,1,4    0      15,1,3  -18e-5(o)   15,1,3  2.9e-5( 5) 26e-3    4   1.0    0
 3243  1.000    1  1685   2030.08.13   15,1,4    0      15,1,3  1.8e-4(g)   15,1,3  -29e-6(14) 26e-3    4   1.0    0
 3244  1.000    1  1686   2030.08.14   15,1,4    0      15,1,3  -18e-5(o)   15,1,3  2.9e-5( 5) 26e-3    4   1.0    0
 3245  1.000    1  1687   2030.08.15   15,1,4    0      15,1,3  -18e-5(o)   15,1,3  -29e-6(14) 26e-3    4   1.0    0
 3246  1.000    1  1688   2030.08.16   15,1,4    0      15,1,3  1.8e-4(g)   15,1,3  -29e-6(14) 26e-3    4   1.0    0
 3247  1.000    1  1689   2030.08.17   15,1,4    0      15,1,3  1.8e-4(g)   15,1,3  -29e-6(14) 26e-3    4   1.0    0
 3248  1.000    1  1690   2030.08.18   15,1,4    0      15,1,3  -18e-5(o)   15,1,3  2.9e-5( 5) 26e-3    4   1.0    0
 3249  1.000    1  1691   2030.08.19   15,1,4    0      15,1,3  1.8e-4(g)   15,1,3  -29e-6(14) 26e-3    4   1.0    0
 3250  1.000    1  1692   2030.08.20   15,1,4    0      15,1,3  1.8e-4(g)   15,1,3  -29e-6(14) 26e-3    4   1.0    0
 3251  1.000    1  1693   2030.08.21   15,1,4    0      15,1,3  1.8e-4(g)   15,1,3  -29e-6(14) 26e-3    4   1.0    0
 3252  1.000    1  1694   2030.08.22   15,1,4    0      15,1,3  -18e-5(o)   15,1,3  -29e-6(14) 26e-3    4   1.0    0
 3253  1.000    1  1695   2030.08.23   15,1,4    0      15,1,3  1.8e-4(g)   15,1,3  -29e-6(14) 26e-3    4   1.0    0
 3254  1.000    1  1696   2030.08.24   15,1,4    0      15,1,3  -18e-5(o)   15,1,3  -29e-6(14) 26e-3    4   1.0    0
 3255  1.000    1  1697   2030.08.25   15,1,4    0      15,1,3  1.8e-4(g)   15,1,3  2.9e-5( 5) 26e-3    4   1.0    0
 3256  1.000    1  1698   2030.08.26   15,1,4    0      15,1,3  -18e-5(o)   15,1,3  2.9e-5( 5) 26e-3    4   1.0    0
 3257  1.000    1  1699   2030.08.27   15,1,4    0      15,1,3  1.8e-4(g)   15,1,3  -29e-6(14) 26e-3    4   1.0    0
 3258  1.000    1  1700   2030.08.28   15,1,4    0      15,1,3  -18e-5(o)   15,1,3  -29e-6(14) 26e-3    4   1.0    0
 3259  1.000    1  1701   2030.08.29   15,1,4    0      15,1,3  -18e-5(o)   15,1,3  -29e-6(14) 26e-3    4   1.0    0
 3260  1.000    1  1702   2030.08.30   15,1,4    0      15,1,3  1.8e-4(g)   15,1,3  -29e-6(14) 26e-3    4   1.0    0
1

                                     G E M   T I M E   S T E P   S U M M A R Y
                                               sanwei 30cm shale CO2
 ====================================================================================================================
     Time Step            Time                            Maximum Changes                       Mat  Cum    Solver
 ----------------- ----------------- ---------------------------------------------------------  Bal  time -----------
       Size Newton                        Pressure         Saturation         Composition       Err  step Iter/   Cum
 No.   days  cycls  Days     Date      Block     kpa     Block   Fraction   Block    Fraction    %   cuts  Cycl  Fail
 ----  ------ ---- ------ ---------- --------- ------ --------- --------- --------- ---------- ----- ---- ----- -----
 3261  1.000    1  1703   2030.08.31   15,1,4    0      15,1,3  1.8e-4(g)   15,1,3  -29e-6(14) 26e-3    4   1.0    0
 3262  1.000    1  1704   2030.09.01   15,1,4    0      15,1,3  -18e-5(o)   15,1,3  2.9e-5( 5) 26e-3    4   1.0    0
 3263  1.000    1  1705   2030.09.02   15,1,4    0      15,1,3  1.8e-4(g)   15,1,3  2.9e-5( 5) 26e-3    4   1.0    0
 3264  1.000    1  1706   2030.09.03   15,1,4    0      15,1,3  -18e-5(o)   15,1,3  2.9e-5( 5) 26e-3    4   1.0    0
 3265  1.000    1  1707   2030.09.04   15,1,4    0      15,1,3  1.8e-4(g)   15,1,3  -29e-6(14) 26e-3    4   1.0    0
 3266  1.000    1  1708   2030.09.05   15,1,4    0      15,1,3  -18e-5(o)   15,1,3  -29e-6(14) 26e-3    4   1.0    0
 3267  1.000    1  1709   2030.09.06   15,1,4    0      15,1,3  1.8e-4(g)   15,1,3  -29e-6(14) 26e-3    4   1.0    0
 3268w 1.000    1  1710   2030.09.07   15,1,4    0      15,1,3  1.8e-4(g)   15,1,3  -29e-6(14) 26e-3    4   1.0    0
 3269  1.000    1  1711   2030.09.08    8,8,1    0      15,1,3  1.8e-4(g)   15,1,3  2.9e-5( 5) 26e-3    4   1.0    0
 3270  1.000    1  1712   2030.09.09   15,1,4    0      15,1,3  1.8e-4(g)   15,1,3  -29e-6(14) 26e-3    4   1.0    0
 3271  1.000    1  1713   2030.09.10   15,1,4    0      15,1,3  -18e-5(o)   15,1,3  2.9e-5( 5) 26e-3    4   1.0    0
 3272  1.000    1  1714   2030.09.11   15,1,1    0      15,1,3  -18e-5(o)   15,1,3  -29e-6(14) 26e-3    4   1.0    0
 3273  1.000    1  1715   2030.09.12   15,1,4    0      15,1,3  1.8e-4(g)   15,1,3  -29e-6(14) 26e-3    4   1.0    0
 3274  1.000    1  1716   2030.09.13   15,5,2    0      15,1,3  1.8e-4(g)   15,1,3  -29e-6(14) 26e-3    4   1.0    0
 3275  1.000    1  1717   2030.09.14   13,1,4    0      15,1,3  -18e-5(o)   15,1,3  -29e-6(14) 26e-3    4   1.0    0
 3276  1.000    1  1718   2030.09.15   15,1,3    0      15,1,3  1.8e-4(g)   15,1,3  -29e-6(14) 26e-3    4   1.0    0
 3277  1.000    1  1719   2030.09.16    8,8,6    0      15,1,3  1.8e-4(g)   15,1,3  -29e-6(14) 26e-3    4   1.0    0
 3278  1.000    1  1720   2030.09.17   15,1,4    0      15,1,3  -18e-5(o)   15,1,3  -29e-6(14) 26e-3    4   1.0    0
 3279  1.000    1  1721   2030.09.18    8,8,3    0      15,1,3  1.8e-4(g)   15,1,3  -29e-6(14) 26e-3    4   1.0    0
 3280  1.000    1  1722   2030.09.19    8,8,1    0      15,1,3  -18e-5(o)   15,1,3  -29e-6(14) 26e-3    4   1.0    0
1

                                     G E M   T I M E   S T E P   S U M M A R Y
                                               sanwei 30cm shale CO2
 ====================================================================================================================
     Time Step            Time                            Maximum Changes                       Mat  Cum    Solver
 ----------------- ----------------- ---------------------------------------------------------  Bal  time -----------
       Size Newton                        Pressure         Saturation         Composition       Err  step Iter/   Cum
 No.   days  cycls  Days     Date      Block     kpa     Block   Fraction   Block    Fraction    %   cuts  Cycl  Fail
 ----  ------ ---- ------ ---------- --------- ------ --------- --------- --------- ---------- ----- ---- ----- -----
 3281  1.000    1  1723   2030.09.20    8,7,7    0      15,1,3  1.8e-4(g)   15,1,3  -29e-6(14) 26e-3    4   1.0    0
 3282  1.000    1  1724   2030.09.21    8,1,1    0      15,1,3  1.8e-4(g)   15,1,3  2.9e-5( 5) 26e-3    4   1.0    0
 3283  1.000    1  1725   2030.09.22    3,1,1    0      15,1,3  1.8e-4(g)   15,1,3  -29e-6(14) 26e-3    4   1.0    0
 3284  1.000    1  1726   2030.09.23    5,1,1    0      15,1,3  -18e-5(o)   15,1,3  -29e-6(14) 26e-3    4   1.0    0
 3285  1.000    1  1727   2030.09.24    8,1,1    0      15,1,3  -18e-5(o)   15,1,3  2.9e-5( 5) 26e-3    4   1.0    0
 3286  1.000    1  1728   2030.09.25    2,1,1    0      15,1,3  1.8e-4(g)   15,1,3  2.9e-5( 5) 26e-3    4   1.0    0
 3287  1.000    1  1729   2030.09.26    7,1,1    0      15,1,3  -18e-5(o)   15,1,3  -29e-6(14) 26e-3    4   1.0    0
 3288  1.000    1  1730   2030.09.27    6,1,1    0      15,1,3  -18e-5(o)   15,1,3  -29e-6(14) 26e-3    4   1.0    0
 3289  1.000    1  1731   2030.09.28   11,1,1    0      15,1,3  -18e-5(o)   15,1,3  -29e-6(14) 26e-3    4   1.0    0
 3290  1.000    1  1732   2030.09.29    5,1,1    0      15,1,3  1.8e-4(g)   15,1,3  -29e-6(14) 26e-3    4   1.0    0
 3291  1.000    1  1733   2030.09.30    8,8,8    0      15,1,3  -18e-5(o)   15,1,3  2.8e-5( 5) 26e-3    4   1.0    0
 3292  1.000    1  1734   2030.10.01    3,1,1    0      15,1,3  -18e-5(o)   15,1,3  -28e-6(14) 26e-3    4   1.0    0
 3293  1.000    1  1735   2030.10.02   11,1,1    0      15,1,3  1.8e-4(g)   15,1,3  2.8e-5( 5) 26e-3    4   1.0    0
 3294  1.000    1  1736   2030.10.03   11,2,1    0      15,1,3  -18e-5(o)   15,1,3  2.8e-5( 5) 26e-3    4   1.0    0
 3295  1.000    1  1737   2030.10.04   13,1,1    0      15,1,3  1.8e-4(g)   15,1,3  -28e-6(14) 26e-3    4   1.0    0
 3296  1.000    1  1738   2030.10.05    9,2,1    0      15,1,3  1.8e-4(g)   15,1,3  2.8e-5( 5) 26e-3    4   1.0    0
 3297  1.000    1  1739   2030.10.06    4,1,1    0      15,1,3  -18e-5(o)   15,1,3  -28e-6(14) 26e-3    4   1.0    0
 3298w 1.000    1  1740   2030.10.07   10,1,1    0      15,1,3  -18e-5(o)   15,1,3  2.8e-5( 5) 26e-3    4   1.0    0
 3299  1.000    1  1741   2030.10.08    9,1,1    0      15,1,3  1.8e-4(g)   15,1,3  2.8e-5( 5) 26e-3    4   1.0    0
 3300  1.000    1  1742   2030.10.09    7,3,1    0      15,1,3  -18e-5(o)   15,1,3  2.8e-5( 5) 26e-3    4   1.0    0
1

                                     G E M   T I M E   S T E P   S U M M A R Y
                                               sanwei 30cm shale CO2
 ====================================================================================================================
     Time Step            Time                            Maximum Changes                       Mat  Cum    Solver
 ----------------- ----------------- ---------------------------------------------------------  Bal  time -----------
       Size Newton                        Pressure         Saturation         Composition       Err  step Iter/   Cum
 No.   days  cycls  Days     Date      Block     kpa     Block   Fraction   Block    Fraction    %   cuts  Cycl  Fail
 ----  ------ ---- ------ ---------- --------- ------ --------- --------- --------- ---------- ----- ---- ----- -----
 3301  1.000    1  1743   2030.10.10    7,1,1    0      15,1,3  1.8e-4(g)   15,1,3  -28e-6(14) 26e-3    4   1.0    0
 3302  1.000    1  1744   2030.10.11    8,1,1    0      15,1,3  -18e-5(o)   15,1,3  2.8e-5( 5) 26e-3    4   1.0    0
 3303  1.000    1  1745   2030.10.12    5,1,1    0      15,1,3  -18e-5(o)   15,1,3  2.8e-5( 5) 26e-3    4   1.0    0
 3304  1.000    1  1746   2030.10.13    4,2,1    0      15,1,3  1.8e-4(g)   15,1,3  2.8e-5( 5) 26e-3    4   1.0    0
 3305  1.000    1  1747   2030.10.14   13,1,1    0      15,1,3  -18e-5(o)   15,1,3  -28e-6(14) 26e-3    4   1.0    0
 3306  1.000    1  1748   2030.10.15   15,1,1    0      15,1,3  1.8e-4(g)   15,1,3  2.8e-5( 5) 26e-3    4   1.0    0
 3307  1.000    1  1749   2030.10.16    6,2,1    0      15,1,3  -18e-5(o)   15,1,3  2.8e-5( 5) 26e-3    4   1.0    0
 3308  1.000    1  1750   2030.10.17   12,3,1    0      15,1,3  -18e-5(o)   15,1,3  2.8e-5( 5) 26e-3    4   1.0    0
 3309  1.000    1  1751   2030.10.18    9,2,1    0      15,1,3  1.8e-4(g)   15,1,3  2.8e-5( 5) 26e-3    4   1.0    0
 3310  1.000    1  1752   2030.10.19   10,1,1    0      15,1,3  -18e-5(o)   15,1,3  -28e-6(14) 26e-3    4   1.0    0
 3311  1.000    1  1753   2030.10.20    2,1,1    0      15,1,3  1.8e-4(g)   15,1,3  2.8e-5( 5) 26e-3    4   1.0    0
 3312  1.000    1  1754   2030.10.21   12,1,1    0      15,1,3  -18e-5(o)   15,1,3  -28e-6(14) 26e-3    4   1.0    0
 3313  1.000    1  1755   2030.10.22    9,1,1    0      15,1,3  1.8e-4(g)   15,1,3  -28e-6(14) 26e-3    4   1.0    0
 3314  1.000    1  1756   2030.10.23   10,3,1    0      15,1,3  -18e-5(o)   15,1,3  2.8e-5( 5) 26e-3    4   1.0    0
 3315  1.000    1  1757   2030.10.24   10,3,1    0      15,1,3  -18e-5(o)   15,1,3  2.8e-5( 5) 26e-3    4   1.0    0
 3316  1.000    1  1758   2030.10.25   10,3,1    0      15,1,3  1.8e-4(g)   15,1,3  -28e-6(14) 26e-3    4   1.0    0
 3317  1.000    1  1759   2030.10.26   10,3,1    0      15,1,3  -18e-5(o)   15,1,3  2.8e-5( 5) 26e-3    4   1.0    0
 3318  1.000    1  1760   2030.10.27   10,3,1    0      15,1,3  1.8e-4(g)   15,1,3  -28e-6(14) 26e-3    4   1.0    0
 3319  1.000    1  1761   2030.10.28   10,3,1    0      15,1,3  -18e-5(o)   15,1,3  2.8e-5( 5) 26e-3    4   1.0    0
 3320  1.000    1  1762   2030.10.29   10,3,1    0      15,1,3  1.8e-4(g)   15,1,3  2.8e-5( 5) 26e-3    4   1.0    0
1

                                     G E M   T I M E   S T E P   S U M M A R Y
                                               sanwei 30cm shale CO2
 ====================================================================================================================
     Time Step            Time                            Maximum Changes                       Mat  Cum    Solver
 ----------------- ----------------- ---------------------------------------------------------  Bal  time -----------
       Size Newton                        Pressure         Saturation         Composition       Err  step Iter/   Cum
 No.   days  cycls  Days     Date      Block     kpa     Block   Fraction   Block    Fraction    %   cuts  Cycl  Fail
 ----  ------ ---- ------ ---------- --------- ------ --------- --------- --------- ---------- ----- ---- ----- -----
 3321  1.000    1  1763   2030.10.30   10,3,1    0      15,1,3  -18e-5(o)   15,1,3  2.8e-5( 5) 26e-3    4   1.0    0
 3322  1.000    1  1764   2030.10.31   10,3,1    0      15,1,3  -18e-5(o)   15,1,3  -28e-6(14) 26e-3    4   1.0    0
 3323  1.000    1  1765   2030.11.01    4,6,1    0      15,1,3  1.8e-4(g)   15,1,3  -28e-6(14) 26e-3    4   1.0    0
 3324  1.000    1  1766   2030.11.02   14,2,1    0      15,1,3  -18e-5(o)   15,1,3  -28e-6(14) 26e-3    4   1.0    0
 3325  1.000    1  1767   2030.11.03    4,6,1    0      15,1,3  -18e-5(o)   15,1,3  2.8e-5( 5) 26e-3    4   1.0    0
 3326  1.000    1  1768   2030.11.04   11,1,1    0      15,1,3  1.8e-4(g)   15,1,3  -28e-6(14) 26e-3    4   1.0    0
 3327  1.000    1  1769   2030.11.05   11,1,1    0      15,1,3  -18e-5(o)   15,1,3  2.8e-5( 5) 26e-3    4   1.0    0
 3328w 1.000    1  1770   2030.11.06   11,1,1    0      15,1,3  1.8e-4(g)   15,1,3  2.8e-5( 5) 26e-3    4   1.0    0
 3329  1.000    1  1771   2030.11.07   11,1,1    0      15,1,3  -18e-5(o)   15,1,3  -28e-6(14) 26e-3    4   1.0    0
 3330  1.000    1  1772   2030.11.08   11,1,1    0      15,1,3  1.8e-4(g)   15,1,3  2.8e-5( 5) 26e-3    4   1.0    0
 3331  1.000    1  1773   2030.11.09   11,1,1    0      15,1,3  -18e-5(o)   15,1,3  2.8e-5( 5) 26e-3    4   1.0    0
 3332  1.000    1  1774   2030.11.10   11,1,1    0      15,1,3  -18e-5(o)   15,1,3  -28e-6(14) 26e-3    4   1.0    0
 3333  1.000    1  1775   2030.11.11   11,1,1    0      15,1,3  -18e-5(o)   15,1,3  -28e-6(14) 26e-3    4   1.0    0
 3334  1.000    1  1776   2030.11.12   15,5,1    0      15,1,3  -18e-5(o)   15,1,3  2.8e-5( 5) 26e-3    4   1.0    0
 3335  1.000    1  1777   2030.11.13   15,5,1    0      15,1,3  1.8e-4(g)   15,1,3  -28e-6(14) 26e-3    4   1.0    0
 3336  1.000    1  1778   2030.11.14   11,1,1    0      15,1,3  -18e-5(o)   15,1,3  2.8e-5( 5) 26e-3    4   1.0    0
 3337  1.000    1  1779   2030.11.15   11,1,1    0      15,1,3  -18e-5(o)   15,1,3  -28e-6(14) 26e-3    4   1.0    0
 3338  1.000    1  1780   2030.11.16   11,1,1    0      15,1,3  -18e-5(o)   15,1,3  2.8e-5( 5) 26e-3    4   1.0    0
 3339  1.000    1  1781   2030.11.17   11,1,1    0      15,1,3  1.8e-4(g)   15,1,3  2.8e-5( 5) 26e-3    4   1.0    0
 3340  1.000    1  1782   2030.11.18   11,1,1    0      15,1,3  1.8e-4(g)   15,1,3  -28e-6(14) 26e-3    4   1.0    0
1

                                     G E M   T I M E   S T E P   S U M M A R Y
                                               sanwei 30cm shale CO2
 ====================================================================================================================
     Time Step            Time                            Maximum Changes                       Mat  Cum    Solver
 ----------------- ----------------- ---------------------------------------------------------  Bal  time -----------
       Size Newton                        Pressure         Saturation         Composition       Err  step Iter/   Cum
 No.   days  cycls  Days     Date      Block     kpa     Block   Fraction   Block    Fraction    %   cuts  Cycl  Fail
 ----  ------ ---- ------ ---------- --------- ------ --------- --------- --------- ---------- ----- ---- ----- -----
 3341  1.000    1  1783   2030.11.19   11,1,1    0      15,1,3  1.8e-4(g)   15,1,3  2.8e-5( 5) 26e-3    4   1.0    0
 3342  1.000    1  1784   2030.11.20   11,1,1    0      15,1,3  -18e-5(o)   15,1,3  2.8e-5( 5) 26e-3    4   1.0    0
 3343  1.000    1  1785   2030.11.21   11,1,1    0      15,1,3  -18e-5(o)   15,1,3  2.8e-5( 5) 26e-3    4   1.0    0
 3344  1.000    1  1786   2030.11.22   11,1,1    0      15,1,3  1.8e-4(g)   15,1,3  2.8e-5( 5) 26e-3    4   1.0    0
 3345  1.000    1  1787   2030.11.23   11,1,1    0      15,1,3  -18e-5(o)   15,1,3  -28e-6(14) 26e-3    4   1.0    0
 3346  1.000    1  1788   2030.11.24   11,1,1    0      15,1,3  1.8e-4(g)   15,1,3  2.8e-5( 5) 26e-3    4   1.0    0
 3347  1.000    1  1789   2030.11.25   11,1,1    0      15,1,3  -18e-5(o)   15,1,3  -28e-6(14) 26e-3    4   1.0    0
 3348  1.000    1  1790   2030.11.26   11,1,1    0      15,1,3  1.8e-4(g)   15,1,3  -28e-6(14) 26e-3    4   1.0    0
 3349  1.000    1  1791   2030.11.27   11,1,1    0      15,1,3  -18e-5(o)   15,1,3  2.8e-5( 5) 26e-3    4   1.0    0
 3350  1.000    1  1792   2030.11.28   11,1,1    0      15,1,3  1.8e-4(g)   15,1,3  2.8e-5( 5) 26e-3    4   1.0    0
 3351  1.000    1  1793   2030.11.29   11,1,1    0      15,1,3  -18e-5(o)   15,1,3  -28e-6(14) 26e-3    4   1.0    0
 3352  1.000    1  1794   2030.11.30   11,1,1    0      15,1,3  1.8e-4(g)   15,1,3  2.8e-5( 5) 26e-3    4   1.0    0
 3353  1.000    1  1795   2030.12.01   11,1,1    0      15,1,3  1.8e-4(g)   15,1,3  -28e-6(14) 26e-3    4   1.0    0
 3354  1.000    1  1796   2030.12.02   11,1,1    0      15,1,3  -18e-5(o)   15,1,3  2.8e-5( 5) 26e-3    4   1.0    0
 3355  1.000    1  1797   2030.12.03   11,1,1    0      15,1,3  1.8e-4(g)   15,1,3  -28e-6(14) 26e-3    4   1.0    0
 3356  1.000    1  1798   2030.12.04   15,5,1    0      15,1,3  -18e-5(o)   15,1,3  2.8e-5( 5) 26e-3    4   1.0    0
 3357  1.000    1  1799   2030.12.05   15,5,1    0      15,1,3  1.8e-4(g)   15,1,3  -28e-6(14) 26e-3    4   1.0    0
 3358w 1.000    1  1800   2030.12.06   11,1,1    0      15,1,3  1.8e-4(g)   15,1,3  2.8e-5( 5) 26e-3    4   1.0    0
 Total number of time steps:                3358
 Total number of Newton cycles:             4079
 Total number of solver iterations:         8978
 Total number of time step cuts:               4
 Total number of solver failures:              0
 Material Balance Error; Weighted by OrigMatInPlace+Inj:   2.6494E-02 %
 Solver/CPUs/threads/nlv1ca/cslabs/dplanes/host: AIMSOL/ 16/  1/  0/ -/ -1/XUZH
 Geomech Solver/nc1ca_mat/ncl1ca_sol/gmsteps:  AIMSOL/  1/  0/ 3358
 Implicitness, average/peak:                   100 %/ 100 %
 Memory usage, average/peak/vm size:           216 MB/ 228 MB/ 276 MB
 Date and time at end of run:                  2026-Sep-29   12:02:48
 CPU second(s) used:                           3457.4375
 Elapsed second(s):                            3520.591
 End of Simulation: Normal Termination
